Project: Project and context management [ca6a73e0-ae93-49a3-b287-12071f7446fd]
  source: /Users/zoki/code/context/.scratch/records/project.md
Evaluation: complete; inventory: complete

Goals:
Make project understanding durable through local, Git-native records and a reusable Go core, delivered first through a read-only CLI. The [product vision](../../docs/vision.md) defines the direction and staged adoption.

Deliver [session orientation](../session-orientation/spec.md) so a fresh agent can inspect goals, current commitments, ready work, and unresolved decisions before requesting detailed task context. Show eligible work with reasons and retain useful known information with explicit gaps.
  source: /Users/zoki/code/context/.scratch/records/project.md
  References:
    unknown [unknown] /Users/zoki/code/context/docs/vision.md (from /Users/zoki/code/context/.scratch/records/project.md; link "../../docs/vision.md")
    unknown [unknown] /Users/zoki/code/context/.scratch/session-orientation/spec.md (from /Users/zoki/code/context/.scratch/records/project.md; link "../session-orientation/spec.md")

Current commitments:
  Share captured sources between readers [0ab38e7a-c417-4f5d-a1e6-3d012b785952] /Users/zoki/code/context/.scratch/records/cli-wayfinding/issues/01-share-captured-sources.md (from /Users/zoki/code/context/.scratch/records/project.md; link "cli-wayfinding/issues/01-share-captured-sources.md")
  Show compact project orientation [8dc99b87-b5b6-4cba-82be-dbd1dec85bfc] /Users/zoki/code/context/.scratch/records/cli-wayfinding/issues/02-compact-orientation.md (from /Users/zoki/code/context/.scratch/records/project.md; link "cli-wayfinding/issues/02-compact-orientation.md")
  Resume a task without recovery notes [275621c7-0090-4d6b-95ab-04b343e9141e] /Users/zoki/code/context/.scratch/records/cli-wayfinding/issues/03-resume-without-notes.md (from /Users/zoki/code/context/.scratch/records/project.md; link "cli-wayfinding/issues/03-resume-without-notes.md")
  Resume from a retained checkpoint [0ddb768d-f1eb-470f-abbb-6eea7e791b94] /Users/zoki/code/context/.scratch/records/cli-wayfinding/issues/04-retained-checkpoint.md (from /Users/zoki/code/context/.scratch/records/project.md; link "cli-wayfinding/issues/04-retained-checkpoint.md")
  Handle competing and interrupted checkpoints [94acbf45-cc6b-4957-b3fe-3218e955ef3f] /Users/zoki/code/context/.scratch/records/cli-wayfinding/issues/05-competing-checkpoints.md (from /Users/zoki/code/context/.scratch/records/project.md; link "cli-wayfinding/issues/05-competing-checkpoints.md")
  Teach skills to maintain and recover working notes [7ce25cb8-22e4-4012-9ba4-dee5095a5c6f] /Users/zoki/code/context/.scratch/records/cli-wayfinding/issues/06-recovery-skills.md (from /Users/zoki/code/context/.scratch/records/project.md; link "cli-wayfinding/issues/06-recovery-skills.md")
  Verify the complete interrupted-task workflow [a9d219cd-935b-4f9a-83db-9473e2d4ea6a] /Users/zoki/code/context/.scratch/records/cli-wayfinding/issues/07-verify-workflow.md (from /Users/zoki/code/context/.scratch/records/project.md; link "cli-wayfinding/issues/07-verify-workflow.md")
Shortlist: none
In progress:
  Verify the complete interrupted-task workflow [a9d219cd-935b-4f9a-83db-9473e2d4ea6a] /Users/zoki/code/context/.scratch/records/cli-wayfinding/issues/07-verify-workflow.md
Backlog: none

Work inventory:
  Allow authorized external context [0981e1d0-7916-45cb-9639-e23ac004f6d7]
    source: /Users/zoki/code/context/.scratch/records/context-reader/issues/04-allow-external-context.md
    identity ambiguous: false
    triage: ready-for-agent; execution: completed; lifecycle: stable
    committed: false; readiness: blocked; eligible: false
    Specifications:
      unknown [unknown] /Users/zoki/code/context/.scratch/context-reader/spec.md (from /Users/zoki/code/context/.scratch/records/context-reader/issues/04-allow-external-context.md; link "../../../context-reader/spec.md")
    Dependency edges:
      Edge 1: status: fail; cycle: false
        From:
          Allow authorized external context [0981e1d0-7916-45cb-9639-e23ac004f6d7] /Users/zoki/code/context/.scratch/records/context-reader/issues/04-allow-external-context.md
        To:
          Include linked project documents [f49ee233-f7d0-4266-92d1-f354df72a604] /Users/zoki/code/context/.scratch/records/context-reader/issues/02-include-project-documents.md (from /Users/zoki/code/context/.scratch/records/context-reader/issues/04-allow-external-context.md; link "02-include-project-documents.md")
        snapshot_changed: snapshot source differs from the recorded digest [/Users/zoki/code/context/CONTEXT.md] (from /Users/zoki/code/context/.scratch/records/context-reader/acceptances/02-include-project-documents-migration-20260916.md; link "../../../../CONTEXT.md")
        completed_dependency: prerequisite is recorded as completed [/Users/zoki/code/context/.scratch/records/context-reader/issues/02-include-project-documents.md] (from /Users/zoki/code/context/.scratch/records/context-reader/issues/04-allow-external-context.md; link "02-include-project-documents.md")
        acceptance_criteria_present: at least one nonempty acceptance criterion is authored [/Users/zoki/code/context/.scratch/records/context-reader/issues/02-include-project-documents.md] (from /Users/zoki/code/context/.scratch/records/context-reader/issues/04-allow-external-context.md; link "02-include-project-documents.md")
        no_blocking_decisions: Blocked by decisions explicitly declares none [/Users/zoki/code/context/.scratch/records/context-reader/issues/02-include-project-documents.md] (from /Users/zoki/code/context/.scratch/records/context-reader/issues/04-allow-external-context.md; link "02-include-project-documents.md")
        snapshot_changed: snapshot source differs from the recorded digest [/Users/zoki/code/context/CONTEXT.md] (from /Users/zoki/code/context/.scratch/records/context-reader/acceptances/01-read-okf-ticket-migration-20260916.md; link "../../../../CONTEXT.md")
        completed_dependency: prerequisite is recorded as completed [/Users/zoki/code/context/.scratch/records/context-reader/issues/01-read-okf-ticket.md] (from /Users/zoki/code/context/.scratch/records/context-reader/issues/02-include-project-documents.md; link "01-read-okf-ticket.md")
        acceptance_criteria_present: at least one nonempty acceptance criterion is authored [/Users/zoki/code/context/.scratch/records/context-reader/issues/01-read-okf-ticket.md] (from /Users/zoki/code/context/.scratch/records/context-reader/issues/02-include-project-documents.md; link "01-read-okf-ticket.md")
        no_blocking_decisions: Blocked by decisions explicitly declares none [/Users/zoki/code/context/.scratch/records/context-reader/issues/01-read-okf-ticket.md] (from /Users/zoki/code/context/.scratch/records/context-reader/issues/02-include-project-documents.md; link "01-read-okf-ticket.md")
      Edge 2: status: fail; cycle: false
        From:
          Include linked project documents [f49ee233-f7d0-4266-92d1-f354df72a604] /Users/zoki/code/context/.scratch/records/context-reader/issues/02-include-project-documents.md
        To:
          Read an OKF ticket as JSON context [bcbad059-f0b1-401b-99e1-3fdc468db8fb] /Users/zoki/code/context/.scratch/records/context-reader/issues/01-read-okf-ticket.md (from /Users/zoki/code/context/.scratch/records/context-reader/issues/02-include-project-documents.md; link "01-read-okf-ticket.md")
        snapshot_changed: snapshot source differs from the recorded digest [/Users/zoki/code/context/CONTEXT.md] (from /Users/zoki/code/context/.scratch/records/context-reader/acceptances/01-read-okf-ticket-migration-20260916.md; link "../../../../CONTEXT.md")
        completed_dependency: prerequisite is recorded as completed [/Users/zoki/code/context/.scratch/records/context-reader/issues/01-read-okf-ticket.md] (from /Users/zoki/code/context/.scratch/records/context-reader/issues/02-include-project-documents.md; link "01-read-okf-ticket.md")
        acceptance_criteria_present: at least one nonempty acceptance criterion is authored [/Users/zoki/code/context/.scratch/records/context-reader/issues/01-read-okf-ticket.md] (from /Users/zoki/code/context/.scratch/records/context-reader/issues/02-include-project-documents.md; link "01-read-okf-ticket.md")
        no_blocking_decisions: Blocked by decisions explicitly declares none [/Users/zoki/code/context/.scratch/records/context-reader/issues/01-read-okf-ticket.md] (from /Users/zoki/code/context/.scratch/records/context-reader/issues/02-include-project-documents.md; link "01-read-okf-ticket.md")
        no_dependencies: Blocked by explicitly declares none [/Users/zoki/code/context/.scratch/records/context-reader/issues/01-read-okf-ticket.md]
    acceptance_criteria: pass
      acceptance_criteria_present: at least one nonempty acceptance criterion is authored [/Users/zoki/code/context/.scratch/records/context-reader/issues/04-allow-external-context.md]
    required_context: pass
      required_context_available: all explicitly selected requirement and context sources are available [/Users/zoki/code/context/.scratch/records/context-reader/issues/04-allow-external-context.md]
    dependencies: fail
      snapshot_changed: snapshot source differs from the recorded digest [/Users/zoki/code/context/CONTEXT.md] (from /Users/zoki/code/context/.scratch/records/context-reader/acceptances/02-include-project-documents-migration-20260916.md; link "../../../../CONTEXT.md")
      completed_dependency: prerequisite is recorded as completed [/Users/zoki/code/context/.scratch/records/context-reader/issues/02-include-project-documents.md] (from /Users/zoki/code/context/.scratch/records/context-reader/issues/04-allow-external-context.md; link "02-include-project-documents.md")
      acceptance_criteria_present: at least one nonempty acceptance criterion is authored [/Users/zoki/code/context/.scratch/records/context-reader/issues/02-include-project-documents.md] (from /Users/zoki/code/context/.scratch/records/context-reader/issues/04-allow-external-context.md; link "02-include-project-documents.md")
      no_blocking_decisions: Blocked by decisions explicitly declares none [/Users/zoki/code/context/.scratch/records/context-reader/issues/02-include-project-documents.md] (from /Users/zoki/code/context/.scratch/records/context-reader/issues/04-allow-external-context.md; link "02-include-project-documents.md")
      snapshot_changed: snapshot source differs from the recorded digest [/Users/zoki/code/context/CONTEXT.md] (from /Users/zoki/code/context/.scratch/records/context-reader/acceptances/01-read-okf-ticket-migration-20260916.md; link "../../../../CONTEXT.md")
      completed_dependency: prerequisite is recorded as completed [/Users/zoki/code/context/.scratch/records/context-reader/issues/01-read-okf-ticket.md] (from /Users/zoki/code/context/.scratch/records/context-reader/issues/02-include-project-documents.md; link "01-read-okf-ticket.md")
      acceptance_criteria_present: at least one nonempty acceptance criterion is authored [/Users/zoki/code/context/.scratch/records/context-reader/issues/01-read-okf-ticket.md] (from /Users/zoki/code/context/.scratch/records/context-reader/issues/02-include-project-documents.md; link "01-read-okf-ticket.md")
      no_blocking_decisions: Blocked by decisions explicitly declares none [/Users/zoki/code/context/.scratch/records/context-reader/issues/01-read-okf-ticket.md] (from /Users/zoki/code/context/.scratch/records/context-reader/issues/02-include-project-documents.md; link "01-read-okf-ticket.md")
    blocking_decisions: pass
      no_blocking_decisions: Blocked by decisions explicitly declares none [/Users/zoki/code/context/.scratch/records/context-reader/issues/04-allow-external-context.md]
    excluded: completed_work: work is recorded as completed [/Users/zoki/code/context/.scratch/records/context-reader/issues/04-allow-external-context.md]
    excluded: not_committed: work is outside current commitments [/Users/zoki/code/context/.scratch/records/context-reader/issues/04-allow-external-context.md]
    excluded: readiness_blocked: readiness is blocked; inspect its checks [/Users/zoki/code/context/.scratch/records/context-reader/issues/04-allow-external-context.md]
    acceptance: stale
    acceptance check: fail
    Acceptance record:
      Acceptance: Allow authorized external context [c9dadb56-b1ec-4b31-b0fb-c6f0507560f2] /Users/zoki/code/context/.scratch/records/context-reader/acceptances/04-allow-external-context-migration-20260916.md (from /Users/zoki/code/context/.scratch/records/context-reader/issues/04-allow-external-context.md; link "../acceptances/04-allow-external-context-migration-20260916.md")
      actor: workflow Codex agent /root/orientation_ticket_audit
      decided at: 2026-09-16T13:10:25.275295+00:00
      tested revision (historical): https://github.com/Zokiio/context post-review working-tree:2fedff0f41bf59366f7f25104b5007983162aa08; reader-manifest-sha256:16f14c92945bd59d95d9b39c4ce642f316004628a74f4c881e00a2780f9e19a4
      accepted fingerprint: version 1
      accepted ticketSHA256: 89ae54fce7d524a69e50e1de37461e3a9a758abbf75b389812e2efa82afa6aab
      accepted criteriaSHA256: c3e697658cf6c927534c6b5e506ca6157a46dcfe73547984a8107d4eb52c1810
    Human approvals: none recorded
    Requirements:
      Source:
        unknown [unknown] /Users/zoki/code/context/docs/vision.md (from /Users/zoki/code/context/.scratch/records/context-reader/acceptances/04-allow-external-context-migration-20260916.md; link "../../../../docs/vision.md")
        status: valid
        recordedSHA256: d8d7fb88699c3310cd5f489d6d44dbf342fe813c372c54485400f6765f5aa2e9
        currentSHA256: d8d7fb88699c3310cd5f489d6d44dbf342fe813c372c54485400f6765f5aa2e9
      Source:
        unknown [unknown] /Users/zoki/code/context/.scratch/context-reader/spec.md (from /Users/zoki/code/context/.scratch/records/context-reader/acceptances/04-allow-external-context-migration-20260916.md; link "../../../context-reader/spec.md")
        status: valid
        recordedSHA256: 2faf878a2442bfa5fd521ae0511af6bb685dbeb93c0885323a37ae1a18a71f37
        currentSHA256: 2faf878a2442bfa5fd521ae0511af6bb685dbeb93c0885323a37ae1a18a71f37
      Source:
        unknown [unknown] /Users/zoki/code/context/CONTEXT.md (from /Users/zoki/code/context/.scratch/records/context-reader/acceptances/04-allow-external-context-migration-20260916.md; link "../../../../CONTEXT.md")
        status: stale
        recordedSHA256: a003af0f4845f28fe14191dec210c7ceeabf6a5422fb51e7e0ee7e957d366a55
        currentSHA256: 15cd979f6af442fedec45fd3482741f0cd5362c45900151eab3e0cef452bf9b9
        snapshot_changed: snapshot source differs from the recorded digest [/Users/zoki/code/context/CONTEXT.md] (from /Users/zoki/code/context/.scratch/records/context-reader/acceptances/04-allow-external-context-migration-20260916.md; link "../../../../CONTEXT.md")
      Source:
        unknown [unknown] /Users/zoki/code/context/docs/adr/0001-one-okf-bundle-per-project.md (from /Users/zoki/code/context/.scratch/records/context-reader/acceptances/04-allow-external-context-migration-20260916.md; link "../../../../docs/adr/0001-one-okf-bundle-per-project.md")
        status: valid
        recordedSHA256: 44659df72bb86cf15968be3f8b9a838817b4e18d44e1dcfa5addb3793d9c92c5
        currentSHA256: 44659df72bb86cf15968be3f8b9a838817b4e18d44e1dcfa5addb3793d9c92c5
      Source:
        unknown [unknown] /Users/zoki/code/context/docs/adr/0002-work-relationships-in-markdown-sections.md (from /Users/zoki/code/context/.scratch/records/context-reader/acceptances/04-allow-external-context-migration-20260916.md; link "../../../../docs/adr/0002-work-relationships-in-markdown-sections.md")
        status: valid
        recordedSHA256: 4254ead8e1d55c05f27576151fd635f859a37ce2072022174fe09745440b152f
        currentSHA256: 4254ead8e1d55c05f27576151fd635f859a37ce2072022174fe09745440b152f
      Source:
        unknown [unknown] /Users/zoki/code/context/docs/agents/issue-tracker.md (from /Users/zoki/code/context/.scratch/records/context-reader/acceptances/04-allow-external-context-migration-20260916.md; link "../../../../docs/agents/issue-tracker.md")
        status: valid
        recordedSHA256: 5f8f038e1b33f595344b9a1a90d4d194331f83a5e88d6522c2e52844d77a21bb
        currentSHA256: 5f8f038e1b33f595344b9a1a90d4d194331f83a5e88d6522c2e52844d77a21bb
    Evidence:
      Source:
        unknown [unknown] /Users/zoki/code/context/.scratch/session-orientation/evidence/legacy-migration.md (from /Users/zoki/code/context/.scratch/records/context-reader/acceptances/04-allow-external-context-migration-20260916.md; link "../../../session-orientation/evidence/legacy-migration.md")
        status: valid
        recordedSHA256: 7c7e4762cf14e588ed8dfee473344c7b6d35cd144e9bf35a4c629f65959ca756
        currentSHA256: 7c7e4762cf14e588ed8dfee473344c7b6d35cd144e9bf35a4c629f65959ca756
      Source:
        unknown [unknown] /Users/zoki/code/context/.scratch/session-orientation/evidence/legacy-record-snapshots.json (from /Users/zoki/code/context/.scratch/records/context-reader/acceptances/04-allow-external-context-migration-20260916.md; link "../../../session-orientation/evidence/legacy-record-snapshots.json")
        status: valid
        recordedSHA256: c49497167b3b32ccd86d5de702111ff348544d773d128b19ce185da71e9a527a
        currentSHA256: c49497167b3b32ccd86d5de702111ff348544d773d128b19ce185da71e9a527a
      Source:
        unknown [unknown] /Users/zoki/code/context/.scratch/session-orientation/evidence/legacy-merge-correspondence.json (from /Users/zoki/code/context/.scratch/records/context-reader/acceptances/04-allow-external-context-migration-20260916.md; link "../../../session-orientation/evidence/legacy-merge-correspondence.json")
        status: valid
        recordedSHA256: db0e67626452182e26fec283c1e1a5bf86d473a3324f0b6925984bc64f88c5d1
        currentSHA256: db0e67626452182e26fec283c1e1a5bf86d473a3324f0b6925984bc64f88c5d1
      Source:
        unknown [unknown] /Users/zoki/code/context/.scratch/context-reader/acceptance-trial.md (from /Users/zoki/code/context/.scratch/records/context-reader/acceptances/04-allow-external-context-migration-20260916.md; link "../../../context-reader/acceptance-trial.md")
        status: valid
        recordedSHA256: 6807e25b385beb71a12e0386c9274fcbd04dfe3c0577b99ae792b8d1236f4775
        currentSHA256: 6807e25b385beb71a12e0386c9274fcbd04dfe3c0577b99ae792b8d1236f4775
      Source:
        unknown [unknown] /Users/zoki/code/context/.scratch/context-reader/acceptance-trial-manifest.json (from /Users/zoki/code/context/.scratch/records/context-reader/acceptances/04-allow-external-context-migration-20260916.md; link "../../../context-reader/acceptance-trial-manifest.json")
        status: valid
        recordedSHA256: 7808ffca77fdd670e4b15fc29239c8e02d0eed6f75c6133cf759b2928621c86d
        currentSHA256: 7808ffca77fdd670e4b15fc29239c8e02d0eed6f75c6133cf759b2928621c86d
      Source:
        unknown [unknown] /Users/zoki/code/context/.scratch/context-reader/review-verification-manifest.json (from /Users/zoki/code/context/.scratch/records/context-reader/acceptances/04-allow-external-context-migration-20260916.md; link "../../../context-reader/review-verification-manifest.json")
        status: valid
        recordedSHA256: 16f14c92945bd59d95d9b39c4ce642f316004628a74f4c881e00a2780f9e19a4
        currentSHA256: 16f14c92945bd59d95d9b39c4ce642f316004628a74f4c881e00a2780f9e19a4
      snapshot_changed: snapshot source differs from the recorded digest [/Users/zoki/code/context/CONTEXT.md] (from /Users/zoki/code/context/.scratch/records/context-reader/acceptances/04-allow-external-context-migration-20260916.md; link "../../../../CONTEXT.md")
    fingerprint: version 1
      ticketSHA256: 89ae54fce7d524a69e50e1de37461e3a9a758abbf75b389812e2efa82afa6aab
      criteriaSHA256: c3e697658cf6c927534c6b5e506ca6157a46dcfe73547984a8107d4eb52c1810
  Share captured sources between readers [0ab38e7a-c417-4f5d-a1e6-3d012b785952]
    source: /Users/zoki/code/context/.scratch/records/cli-wayfinding/issues/01-share-captured-sources.md
    identity ambiguous: false
    triage: ready-for-agent; execution: completed; lifecycle: stable
    committed: true; readiness: ready; eligible: false
    Specifications:
      unknown [unknown] /Users/zoki/code/context/.scratch/cli-wayfinding/spec.md (from /Users/zoki/code/context/.scratch/records/cli-wayfinding/issues/01-share-captured-sources.md; link "../../../cli-wayfinding/spec.md")
    Dependency edges: none observed
    acceptance_criteria: pass
      acceptance_criteria_present: at least one nonempty acceptance criterion is authored [/Users/zoki/code/context/.scratch/records/cli-wayfinding/issues/01-share-captured-sources.md]
    required_context: pass
      required_context_available: all explicitly selected requirement and context sources are available [/Users/zoki/code/context/.scratch/records/cli-wayfinding/issues/01-share-captured-sources.md]
    dependencies: pass
      no_dependencies: Blocked by explicitly declares none [/Users/zoki/code/context/.scratch/records/cli-wayfinding/issues/01-share-captured-sources.md]
    blocking_decisions: pass
      no_blocking_decisions: Blocked by decisions explicitly declares none [/Users/zoki/code/context/.scratch/records/cli-wayfinding/issues/01-share-captured-sources.md]
    excluded: completed_work: work is recorded as completed [/Users/zoki/code/context/.scratch/records/cli-wayfinding/issues/01-share-captured-sources.md]
    acceptance: stale
    acceptance check: fail
    Acceptance record:
      Acceptance: Share captured sources between readers [0ad363a4-f0ff-41b4-b878-04ff3df8e2f3] /Users/zoki/code/context/.scratch/records/cli-wayfinding/acceptances/01-share-captured-sources-compatibility-20260919.md (from /Users/zoki/code/context/.scratch/records/cli-wayfinding/issues/01-share-captured-sources.md; link "../acceptances/01-share-captured-sources-compatibility-20260919.md")
      actor: workflow Codex /root
      decided at: 2026-09-19T00:13:44.488812+00:00
      tested revision (historical): https://github.com/Zokiio/context 3f966925076e07c2cfe46a63981fb729764e8067
      accepted fingerprint: version 1
      accepted ticketSHA256: fbcc353e6607593274e61c1a819bebe4f2e532491bdb3aa939bef0e089f93ab2
      accepted criteriaSHA256: c1c713d8718bc6723ddbdc1aec0e3c4f85d7767bd04a2e9faf95bd8aa4f34f5c
    Human approvals: none recorded
    Requirements:
      Source:
        unknown [unknown] /Users/zoki/code/context/.scratch/cli-wayfinding/spec.md (from /Users/zoki/code/context/.scratch/records/cli-wayfinding/acceptances/01-share-captured-sources-compatibility-20260919.md; link "../../../cli-wayfinding/spec.md")
        status: valid
        recordedSHA256: 02fd24104a5b3a5be8f944074cd01815d9d4490fed4962d6c3e4fa65de9dda3b
        currentSHA256: 02fd24104a5b3a5be8f944074cd01815d9d4490fed4962d6c3e4fa65de9dda3b
      Source:
        unknown [unknown] /Users/zoki/code/context/docs/vision.md (from /Users/zoki/code/context/.scratch/records/cli-wayfinding/acceptances/01-share-captured-sources-compatibility-20260919.md; link "../../../../docs/vision.md")
        status: valid
        recordedSHA256: d8d7fb88699c3310cd5f489d6d44dbf342fe813c372c54485400f6765f5aa2e9
        currentSHA256: d8d7fb88699c3310cd5f489d6d44dbf342fe813c372c54485400f6765f5aa2e9
      Source:
        unknown [unknown] /Users/zoki/code/context/CONTEXT.md (from /Users/zoki/code/context/.scratch/records/cli-wayfinding/acceptances/01-share-captured-sources-compatibility-20260919.md; link "../../../../CONTEXT.md")
        status: valid
        recordedSHA256: 15cd979f6af442fedec45fd3482741f0cd5362c45900151eab3e0cef452bf9b9
        currentSHA256: 15cd979f6af442fedec45fd3482741f0cd5362c45900151eab3e0cef452bf9b9
      Source:
        unknown [unknown] /Users/zoki/code/context/docs/readers.md (from /Users/zoki/code/context/.scratch/records/cli-wayfinding/acceptances/01-share-captured-sources-compatibility-20260919.md; link "../../../../docs/readers.md")
        status: stale
        recordedSHA256: 2d77cb22a87cc9db1b7651eafc8ef81126a640d07533a67aaf1deab2a315cbe5
        currentSHA256: ab05ea8fae969ef5902ffc3708a5207a2aac0722584f90d10318411e3f276121
        snapshot_changed: snapshot source differs from the recorded digest [/Users/zoki/code/context/docs/readers.md] (from /Users/zoki/code/context/.scratch/records/cli-wayfinding/acceptances/01-share-captured-sources-compatibility-20260919.md; link "../../../../docs/readers.md")
      Source:
        unknown [unknown] /Users/zoki/code/context/docs/discovery.md (from /Users/zoki/code/context/.scratch/records/cli-wayfinding/acceptances/01-share-captured-sources-compatibility-20260919.md; link "../../../../docs/discovery.md")
        status: stale
        recordedSHA256: 65993249cdbb6a2e9cea2fc410d7822e535e2ba136b96d4911dbbdd40a3758fe
        currentSHA256: 59068cecea1b31f04c2c7779165e995ab3ed72f7049b9c15a7a3cad7700bf0d7
        snapshot_changed: snapshot source differs from the recorded digest [/Users/zoki/code/context/docs/discovery.md] (from /Users/zoki/code/context/.scratch/records/cli-wayfinding/acceptances/01-share-captured-sources-compatibility-20260919.md; link "../../../../docs/discovery.md")
      Source:
        unknown [unknown] /Users/zoki/code/context/docs/agents/acceptance.md (from /Users/zoki/code/context/.scratch/records/cli-wayfinding/acceptances/01-share-captured-sources-compatibility-20260919.md; link "../../../../docs/agents/acceptance.md")
        status: valid
        recordedSHA256: fbde78ab62733d1bbe091fba6a867f30f50076c819ee3b0783ac4dcd2d7bf654
        currentSHA256: fbde78ab62733d1bbe091fba6a867f30f50076c819ee3b0783ac4dcd2d7bf654
      Source:
        unknown [unknown] /Users/zoki/code/context/docs/adr/0003-recorded-acceptance-for-readiness.md (from /Users/zoki/code/context/.scratch/records/cli-wayfinding/acceptances/01-share-captured-sources-compatibility-20260919.md; link "../../../../docs/adr/0003-recorded-acceptance-for-readiness.md")
        status: valid
        recordedSHA256: 84778cb881c73f7ebbe5cc58a9acbb9c1212e1dd421d863d04f1efe021efdc56
        currentSHA256: 84778cb881c73f7ebbe5cc58a9acbb9c1212e1dd421d863d04f1efe021efdc56
      Source:
        unknown [unknown] /Users/zoki/code/context/docs/adr/0004-directory-specific-project-selection.md (from /Users/zoki/code/context/.scratch/records/cli-wayfinding/acceptances/01-share-captured-sources-compatibility-20260919.md; link "../../../../docs/adr/0004-directory-specific-project-selection.md")
        status: valid
        recordedSHA256: efd4654de6c787345c341c26a0076fb605214b3d9aeecc3a1ec01f93752cefbf
        currentSHA256: efd4654de6c787345c341c26a0076fb605214b3d9aeecc3a1ec01f93752cefbf
    Evidence:
      Source:
        unknown [unknown] /Users/zoki/code/context/.scratch/cli-wayfinding/evidence/01-limit-compatibility-correction.md (from /Users/zoki/code/context/.scratch/records/cli-wayfinding/acceptances/01-share-captured-sources-compatibility-20260919.md; link "../../../cli-wayfinding/evidence/01-limit-compatibility-correction.md")
        status: valid
        recordedSHA256: 891842999bd81a75b46362f5a6bffa2061ae8ce439e4db2f574ed46709ef404b
        currentSHA256: 891842999bd81a75b46362f5a6bffa2061ae8ce439e4db2f574ed46709ef404b
      Source:
        unknown [unknown] /Users/zoki/code/context/.scratch/cli-wayfinding/evidence/01-compatibility-fix-tests.txt (from /Users/zoki/code/context/.scratch/records/cli-wayfinding/acceptances/01-share-captured-sources-compatibility-20260919.md; link "../../../cli-wayfinding/evidence/01-compatibility-fix-tests.txt")
        status: valid
        recordedSHA256: 66eb24484aa6ff8a0a975e39185df43833fe2ff0f55f7939a9702b45502d14e9
        currentSHA256: 66eb24484aa6ff8a0a975e39185df43833fe2ff0f55f7939a9702b45502d14e9
      Source:
        unknown [unknown] /Users/zoki/code/context/.scratch/cli-wayfinding/evidence/01-final-standalone-compatibility.json (from /Users/zoki/code/context/.scratch/records/cli-wayfinding/acceptances/01-share-captured-sources-compatibility-20260919.md; link "../../../cli-wayfinding/evidence/01-final-standalone-compatibility.json")
        status: valid
        recordedSHA256: 4ee3c8c7a207aeef00e3fb4674a9895ebf3ef56834e1353e3ec28a3a85350c60
        currentSHA256: 4ee3c8c7a207aeef00e3fb4674a9895ebf3ef56834e1353e3ec28a3a85350c60
      snapshot_changed: snapshot source differs from the recorded digest [/Users/zoki/code/context/docs/readers.md] (from /Users/zoki/code/context/.scratch/records/cli-wayfinding/acceptances/01-share-captured-sources-compatibility-20260919.md; link "../../../../docs/readers.md")
      snapshot_changed: snapshot source differs from the recorded digest [/Users/zoki/code/context/docs/discovery.md] (from /Users/zoki/code/context/.scratch/records/cli-wayfinding/acceptances/01-share-captured-sources-compatibility-20260919.md; link "../../../../docs/discovery.md")
    fingerprint: version 1
      ticketSHA256: fbcc353e6607593274e61c1a819bebe4f2e532491bdb3aa939bef0e089f93ab2
      criteriaSHA256: c1c713d8718bc6723ddbdc1aec0e3c4f85d7767bd04a2e9faf95bd8aa4f34f5c
  Resume from a retained checkpoint [0ddb768d-f1eb-470f-abbb-6eea7e791b94]
    source: /Users/zoki/code/context/.scratch/records/cli-wayfinding/issues/04-retained-checkpoint.md
    identity ambiguous: false
    triage: ready-for-agent; execution: completed; lifecycle: stable
    committed: true; readiness: blocked; eligible: false
    Specifications:
      unknown [unknown] /Users/zoki/code/context/.scratch/cli-wayfinding/spec.md (from /Users/zoki/code/context/.scratch/records/cli-wayfinding/issues/04-retained-checkpoint.md; link "../../../cli-wayfinding/spec.md")
    Dependency edges:
      Edge 1: status: fail; cycle: false
        From:
          Resume from a retained checkpoint [0ddb768d-f1eb-470f-abbb-6eea7e791b94] /Users/zoki/code/context/.scratch/records/cli-wayfinding/issues/04-retained-checkpoint.md
        To:
          Resume a task without recovery notes [275621c7-0090-4d6b-95ab-04b343e9141e] /Users/zoki/code/context/.scratch/records/cli-wayfinding/issues/03-resume-without-notes.md (from /Users/zoki/code/context/.scratch/records/cli-wayfinding/issues/04-retained-checkpoint.md; link "03-resume-without-notes.md")
        snapshot_changed: snapshot source differs from the recorded digest [/Users/zoki/code/context/docs/readers.md] (from /Users/zoki/code/context/.scratch/records/cli-wayfinding/acceptances/03-resume-without-notes-20260919.md; link "../../../../docs/readers.md")
        snapshot_changed: snapshot source differs from the recorded digest [/Users/zoki/code/context/docs/discovery.md] (from /Users/zoki/code/context/.scratch/records/cli-wayfinding/acceptances/03-resume-without-notes-20260919.md; link "../../../../docs/discovery.md")
        completed_dependency: prerequisite is recorded as completed [/Users/zoki/code/context/.scratch/records/cli-wayfinding/issues/03-resume-without-notes.md] (from /Users/zoki/code/context/.scratch/records/cli-wayfinding/issues/04-retained-checkpoint.md; link "03-resume-without-notes.md")
        acceptance_criteria_present: at least one nonempty acceptance criterion is authored [/Users/zoki/code/context/.scratch/records/cli-wayfinding/issues/03-resume-without-notes.md] (from /Users/zoki/code/context/.scratch/records/cli-wayfinding/issues/04-retained-checkpoint.md; link "03-resume-without-notes.md")
        no_blocking_decisions: Blocked by decisions explicitly declares none [/Users/zoki/code/context/.scratch/records/cli-wayfinding/issues/03-resume-without-notes.md] (from /Users/zoki/code/context/.scratch/records/cli-wayfinding/issues/04-retained-checkpoint.md; link "03-resume-without-notes.md")
        snapshot_changed: snapshot source differs from the recorded digest [/Users/zoki/code/context/docs/readers.md] (from /Users/zoki/code/context/.scratch/records/cli-wayfinding/acceptances/01-share-captured-sources-compatibility-20260919.md; link "../../../../docs/readers.md")
        snapshot_changed: snapshot source differs from the recorded digest [/Users/zoki/code/context/docs/discovery.md] (from /Users/zoki/code/context/.scratch/records/cli-wayfinding/acceptances/01-share-captured-sources-compatibility-20260919.md; link "../../../../docs/discovery.md")
        completed_dependency: prerequisite is recorded as completed [/Users/zoki/code/context/.scratch/records/cli-wayfinding/issues/01-share-captured-sources.md] (from /Users/zoki/code/context/.scratch/records/cli-wayfinding/issues/03-resume-without-notes.md; link "01-share-captured-sources.md")
        acceptance_criteria_present: at least one nonempty acceptance criterion is authored [/Users/zoki/code/context/.scratch/records/cli-wayfinding/issues/01-share-captured-sources.md] (from /Users/zoki/code/context/.scratch/records/cli-wayfinding/issues/03-resume-without-notes.md; link "01-share-captured-sources.md")
        no_blocking_decisions: Blocked by decisions explicitly declares none [/Users/zoki/code/context/.scratch/records/cli-wayfinding/issues/01-share-captured-sources.md] (from /Users/zoki/code/context/.scratch/records/cli-wayfinding/issues/03-resume-without-notes.md; link "01-share-captured-sources.md")
      Edge 2: status: fail; cycle: false
        From:
          Resume a task without recovery notes [275621c7-0090-4d6b-95ab-04b343e9141e] /Users/zoki/code/context/.scratch/records/cli-wayfinding/issues/03-resume-without-notes.md
        To:
          Share captured sources between readers [0ab38e7a-c417-4f5d-a1e6-3d012b785952] /Users/zoki/code/context/.scratch/records/cli-wayfinding/issues/01-share-captured-sources.md (from /Users/zoki/code/context/.scratch/records/cli-wayfinding/issues/03-resume-without-notes.md; link "01-share-captured-sources.md")
        snapshot_changed: snapshot source differs from the recorded digest [/Users/zoki/code/context/docs/readers.md] (from /Users/zoki/code/context/.scratch/records/cli-wayfinding/acceptances/01-share-captured-sources-compatibility-20260919.md; link "../../../../docs/readers.md")
        snapshot_changed: snapshot source differs from the recorded digest [/Users/zoki/code/context/docs/discovery.md] (from /Users/zoki/code/context/.scratch/records/cli-wayfinding/acceptances/01-share-captured-sources-compatibility-20260919.md; link "../../../../docs/discovery.md")
        completed_dependency: prerequisite is recorded as completed [/Users/zoki/code/context/.scratch/records/cli-wayfinding/issues/01-share-captured-sources.md] (from /Users/zoki/code/context/.scratch/records/cli-wayfinding/issues/03-resume-without-notes.md; link "01-share-captured-sources.md")
        acceptance_criteria_present: at least one nonempty acceptance criterion is authored [/Users/zoki/code/context/.scratch/records/cli-wayfinding/issues/01-share-captured-sources.md] (from /Users/zoki/code/context/.scratch/records/cli-wayfinding/issues/03-resume-without-notes.md; link "01-share-captured-sources.md")
        no_blocking_decisions: Blocked by decisions explicitly declares none [/Users/zoki/code/context/.scratch/records/cli-wayfinding/issues/01-share-captured-sources.md] (from /Users/zoki/code/context/.scratch/records/cli-wayfinding/issues/03-resume-without-notes.md; link "01-share-captured-sources.md")
        no_dependencies: Blocked by explicitly declares none [/Users/zoki/code/context/.scratch/records/cli-wayfinding/issues/01-share-captured-sources.md]
    acceptance_criteria: pass
      acceptance_criteria_present: at least one nonempty acceptance criterion is authored [/Users/zoki/code/context/.scratch/records/cli-wayfinding/issues/04-retained-checkpoint.md]
    required_context: pass
      required_context_available: all explicitly selected requirement and context sources are available [/Users/zoki/code/context/.scratch/records/cli-wayfinding/issues/04-retained-checkpoint.md]
    dependencies: fail
      snapshot_changed: snapshot source differs from the recorded digest [/Users/zoki/code/context/docs/readers.md] (from /Users/zoki/code/context/.scratch/records/cli-wayfinding/acceptances/03-resume-without-notes-20260919.md; link "../../../../docs/readers.md")
      snapshot_changed: snapshot source differs from the recorded digest [/Users/zoki/code/context/docs/discovery.md] (from /Users/zoki/code/context/.scratch/records/cli-wayfinding/acceptances/03-resume-without-notes-20260919.md; link "../../../../docs/discovery.md")
      completed_dependency: prerequisite is recorded as completed [/Users/zoki/code/context/.scratch/records/cli-wayfinding/issues/03-resume-without-notes.md] (from /Users/zoki/code/context/.scratch/records/cli-wayfinding/issues/04-retained-checkpoint.md; link "03-resume-without-notes.md")
      acceptance_criteria_present: at least one nonempty acceptance criterion is authored [/Users/zoki/code/context/.scratch/records/cli-wayfinding/issues/03-resume-without-notes.md] (from /Users/zoki/code/context/.scratch/records/cli-wayfinding/issues/04-retained-checkpoint.md; link "03-resume-without-notes.md")
      no_blocking_decisions: Blocked by decisions explicitly declares none [/Users/zoki/code/context/.scratch/records/cli-wayfinding/issues/03-resume-without-notes.md] (from /Users/zoki/code/context/.scratch/records/cli-wayfinding/issues/04-retained-checkpoint.md; link "03-resume-without-notes.md")
      snapshot_changed: snapshot source differs from the recorded digest [/Users/zoki/code/context/docs/readers.md] (from /Users/zoki/code/context/.scratch/records/cli-wayfinding/acceptances/01-share-captured-sources-compatibility-20260919.md; link "../../../../docs/readers.md")
      snapshot_changed: snapshot source differs from the recorded digest [/Users/zoki/code/context/docs/discovery.md] (from /Users/zoki/code/context/.scratch/records/cli-wayfinding/acceptances/01-share-captured-sources-compatibility-20260919.md; link "../../../../docs/discovery.md")
      completed_dependency: prerequisite is recorded as completed [/Users/zoki/code/context/.scratch/records/cli-wayfinding/issues/01-share-captured-sources.md] (from /Users/zoki/code/context/.scratch/records/cli-wayfinding/issues/03-resume-without-notes.md; link "01-share-captured-sources.md")
      acceptance_criteria_present: at least one nonempty acceptance criterion is authored [/Users/zoki/code/context/.scratch/records/cli-wayfinding/issues/01-share-captured-sources.md] (from /Users/zoki/code/context/.scratch/records/cli-wayfinding/issues/03-resume-without-notes.md; link "01-share-captured-sources.md")
      no_blocking_decisions: Blocked by decisions explicitly declares none [/Users/zoki/code/context/.scratch/records/cli-wayfinding/issues/01-share-captured-sources.md] (from /Users/zoki/code/context/.scratch/records/cli-wayfinding/issues/03-resume-without-notes.md; link "01-share-captured-sources.md")
    blocking_decisions: pass
      no_blocking_decisions: Blocked by decisions explicitly declares none [/Users/zoki/code/context/.scratch/records/cli-wayfinding/issues/04-retained-checkpoint.md]
    excluded: completed_work: work is recorded as completed [/Users/zoki/code/context/.scratch/records/cli-wayfinding/issues/04-retained-checkpoint.md]
    excluded: readiness_blocked: readiness is blocked; inspect its checks [/Users/zoki/code/context/.scratch/records/cli-wayfinding/issues/04-retained-checkpoint.md]
    acceptance: stale
    acceptance check: fail
    Acceptance record:
      Acceptance: Resume from a retained checkpoint [e8eefaaa-694a-4363-aed2-60b63f5cec13] /Users/zoki/code/context/.scratch/records/cli-wayfinding/acceptances/04-retained-checkpoint-review-20260919.md (from /Users/zoki/code/context/.scratch/records/cli-wayfinding/issues/04-retained-checkpoint.md; link "../acceptances/04-retained-checkpoint-review-20260919.md")
      actor: workflow Codex /root
      decided at: 2026-09-18T23:55:33.800677+00:00
      tested revision (historical): https://github.com/Zokiio/context 2fc3a524a436018bcfd240090d348d28e0dd7b9a
      accepted fingerprint: version 1
      accepted ticketSHA256: e882a61490d3c1fc953ff86738a4b27e429d945de5d60b44e0c26e889097d731
      accepted criteriaSHA256: 6a271c6fa190caa2566402a0e136ca82c3d1eae216d94febc9297d96aaa6325b
    Human approvals: none recorded
    Requirements:
      Source:
        unknown [unknown] /Users/zoki/code/context/.scratch/cli-wayfinding/spec.md (from /Users/zoki/code/context/.scratch/records/cli-wayfinding/acceptances/04-retained-checkpoint-review-20260919.md; link "../../../cli-wayfinding/spec.md")
        status: valid
        recordedSHA256: 02fd24104a5b3a5be8f944074cd01815d9d4490fed4962d6c3e4fa65de9dda3b
        currentSHA256: 02fd24104a5b3a5be8f944074cd01815d9d4490fed4962d6c3e4fa65de9dda3b
      Source:
        unknown [unknown] /Users/zoki/code/context/docs/vision.md (from /Users/zoki/code/context/.scratch/records/cli-wayfinding/acceptances/04-retained-checkpoint-review-20260919.md; link "../../../../docs/vision.md")
        status: valid
        recordedSHA256: d8d7fb88699c3310cd5f489d6d44dbf342fe813c372c54485400f6765f5aa2e9
        currentSHA256: d8d7fb88699c3310cd5f489d6d44dbf342fe813c372c54485400f6765f5aa2e9
      Source:
        unknown [unknown] /Users/zoki/code/context/CONTEXT.md (from /Users/zoki/code/context/.scratch/records/cli-wayfinding/acceptances/04-retained-checkpoint-review-20260919.md; link "../../../../CONTEXT.md")
        status: valid
        recordedSHA256: 15cd979f6af442fedec45fd3482741f0cd5362c45900151eab3e0cef452bf9b9
        currentSHA256: 15cd979f6af442fedec45fd3482741f0cd5362c45900151eab3e0cef452bf9b9
      Source:
        unknown [unknown] /Users/zoki/code/context/docs/readers.md (from /Users/zoki/code/context/.scratch/records/cli-wayfinding/acceptances/04-retained-checkpoint-review-20260919.md; link "../../../../docs/readers.md")
        status: stale
        recordedSHA256: 2d77cb22a87cc9db1b7651eafc8ef81126a640d07533a67aaf1deab2a315cbe5
        currentSHA256: ab05ea8fae969ef5902ffc3708a5207a2aac0722584f90d10318411e3f276121
        snapshot_changed: snapshot source differs from the recorded digest [/Users/zoki/code/context/docs/readers.md] (from /Users/zoki/code/context/.scratch/records/cli-wayfinding/acceptances/04-retained-checkpoint-review-20260919.md; link "../../../../docs/readers.md")
      Source:
        unknown [unknown] /Users/zoki/code/context/docs/discovery.md (from /Users/zoki/code/context/.scratch/records/cli-wayfinding/acceptances/04-retained-checkpoint-review-20260919.md; link "../../../../docs/discovery.md")
        status: stale
        recordedSHA256: 65993249cdbb6a2e9cea2fc410d7822e535e2ba136b96d4911dbbdd40a3758fe
        currentSHA256: 59068cecea1b31f04c2c7779165e995ab3ed72f7049b9c15a7a3cad7700bf0d7
        snapshot_changed: snapshot source differs from the recorded digest [/Users/zoki/code/context/docs/discovery.md] (from /Users/zoki/code/context/.scratch/records/cli-wayfinding/acceptances/04-retained-checkpoint-review-20260919.md; link "../../../../docs/discovery.md")
      Source:
        unknown [unknown] /Users/zoki/code/context/docs/agents/acceptance.md (from /Users/zoki/code/context/.scratch/records/cli-wayfinding/acceptances/04-retained-checkpoint-review-20260919.md; link "../../../../docs/agents/acceptance.md")
        status: valid
        recordedSHA256: fbde78ab62733d1bbe091fba6a867f30f50076c819ee3b0783ac4dcd2d7bf654
        currentSHA256: fbde78ab62733d1bbe091fba6a867f30f50076c819ee3b0783ac4dcd2d7bf654
      Source:
        unknown [unknown] /Users/zoki/code/context/docs/adr/0003-recorded-acceptance-for-readiness.md (from /Users/zoki/code/context/.scratch/records/cli-wayfinding/acceptances/04-retained-checkpoint-review-20260919.md; link "../../../../docs/adr/0003-recorded-acceptance-for-readiness.md")
        status: valid
        recordedSHA256: 84778cb881c73f7ebbe5cc58a9acbb9c1212e1dd421d863d04f1efe021efdc56
        currentSHA256: 84778cb881c73f7ebbe5cc58a9acbb9c1212e1dd421d863d04f1efe021efdc56
      Source:
        unknown [unknown] /Users/zoki/code/context/docs/adr/0004-directory-specific-project-selection.md (from /Users/zoki/code/context/.scratch/records/cli-wayfinding/acceptances/04-retained-checkpoint-review-20260919.md; link "../../../../docs/adr/0004-directory-specific-project-selection.md")
        status: valid
        recordedSHA256: efd4654de6c787345c341c26a0076fb605214b3d9aeecc3a1ec01f93752cefbf
        currentSHA256: efd4654de6c787345c341c26a0076fb605214b3d9aeecc3a1ec01f93752cefbf
    Evidence:
      Source:
        unknown [unknown] /Users/zoki/code/context/.scratch/cli-wayfinding/evidence/04-retained-checkpoint.md (from /Users/zoki/code/context/.scratch/records/cli-wayfinding/acceptances/04-retained-checkpoint-review-20260919.md; link "../../../cli-wayfinding/evidence/04-retained-checkpoint.md")
        status: valid
        recordedSHA256: 15d8d46e115151174b91a1fad4d4764a5d8c162ec4416150e406a298337360b8
        currentSHA256: 15d8d46e115151174b91a1fad4d4764a5d8c162ec4416150e406a298337360b8
      Source:
        unknown [unknown] /Users/zoki/code/context/.scratch/cli-wayfinding/evidence/04-review-corrections.md (from /Users/zoki/code/context/.scratch/records/cli-wayfinding/acceptances/04-retained-checkpoint-review-20260919.md; link "../../../cli-wayfinding/evidence/04-review-corrections.md")
        status: valid
        recordedSHA256: 05c23504e61ddb38d1121d2000a5c3c6ded2f5594280b17ef758977092e35576
        currentSHA256: 05c23504e61ddb38d1121d2000a5c3c6ded2f5594280b17ef758977092e35576
      Source:
        unknown [unknown] /Users/zoki/code/context/.scratch/cli-wayfinding/evidence/04-review-fix-tests.txt (from /Users/zoki/code/context/.scratch/records/cli-wayfinding/acceptances/04-retained-checkpoint-review-20260919.md; link "../../../cli-wayfinding/evidence/04-review-fix-tests.txt")
        status: valid
        recordedSHA256: 73b4e4af65011444cd3e8d6c3099d8684c9387d1848b07f9c6aa37bcc8ff5dfc
        currentSHA256: 73b4e4af65011444cd3e8d6c3099d8684c9387d1848b07f9c6aa37bcc8ff5dfc
      Source:
        unknown [unknown] /Users/zoki/code/context/.scratch/cli-wayfinding/evidence/04-review-fix-probes.json (from /Users/zoki/code/context/.scratch/records/cli-wayfinding/acceptances/04-retained-checkpoint-review-20260919.md; link "../../../cli-wayfinding/evidence/04-review-fix-probes.json")
        status: valid
        recordedSHA256: 0e3f9f71c1b44a5821e7177311cf7de12dd613e056400fdafac42bc96b42ed50
        currentSHA256: 0e3f9f71c1b44a5821e7177311cf7de12dd613e056400fdafac42bc96b42ed50
      snapshot_changed: snapshot source differs from the recorded digest [/Users/zoki/code/context/docs/readers.md] (from /Users/zoki/code/context/.scratch/records/cli-wayfinding/acceptances/04-retained-checkpoint-review-20260919.md; link "../../../../docs/readers.md")
      snapshot_changed: snapshot source differs from the recorded digest [/Users/zoki/code/context/docs/discovery.md] (from /Users/zoki/code/context/.scratch/records/cli-wayfinding/acceptances/04-retained-checkpoint-review-20260919.md; link "../../../../docs/discovery.md")
    fingerprint: version 1
      ticketSHA256: e882a61490d3c1fc953ff86738a4b27e429d945de5d60b44e0c26e889097d731
      criteriaSHA256: 6a271c6fa190caa2566402a0e136ca82c3d1eae216d94febc9297d96aaa6325b
  Document migration and verify discovery end to end [14cf4188-8cc0-451b-b5d4-758b32a0db52]
    source: /Users/zoki/code/context/.scratch/records/project-discovery/issues/06-document-and-trial.md
    identity ambiguous: false
    triage: ready-for-agent; execution: completed; lifecycle: stable
    committed: false; readiness: blocked; eligible: false
    Specifications:
      unknown [unknown] /Users/zoki/code/context/.scratch/project-discovery/spec.md (from /Users/zoki/code/context/.scratch/records/project-discovery/issues/06-document-and-trial.md; link "../../../project-discovery/spec.md")
    Dependency edges:
      Edge 1: status: fail; cycle: false
        From:
          Document migration and verify discovery end to end [14cf4188-8cc0-451b-b5d4-758b32a0db52] /Users/zoki/code/context/.scratch/records/project-discovery/issues/06-document-and-trial.md
        To:
          Use discovery in reader commands [cab6f066-8afe-43cb-be4d-8238740e183a] /Users/zoki/code/context/.scratch/records/project-discovery/issues/03-integrate-cli.md (from /Users/zoki/code/context/.scratch/records/project-discovery/issues/06-document-and-trial.md; link "03-integrate-cli.md")
        snapshot_changed: snapshot source differs from the recorded digest [/Users/zoki/code/context/CONTEXT.md] (from /Users/zoki/code/context/.scratch/records/project-discovery/acceptances/03-reader-cli-20260917.md; link "../../../../CONTEXT.md")
        completed_dependency: prerequisite is recorded as completed [/Users/zoki/code/context/.scratch/records/project-discovery/issues/03-integrate-cli.md] (from /Users/zoki/code/context/.scratch/records/project-discovery/issues/06-document-and-trial.md; link "03-integrate-cli.md")
        acceptance_criteria_present: at least one nonempty acceptance criterion is authored [/Users/zoki/code/context/.scratch/records/project-discovery/issues/03-integrate-cli.md] (from /Users/zoki/code/context/.scratch/records/project-discovery/issues/06-document-and-trial.md; link "03-integrate-cli.md")
        no_blocking_decisions: Blocked by decisions explicitly declares none [/Users/zoki/code/context/.scratch/records/project-discovery/issues/03-integrate-cli.md] (from /Users/zoki/code/context/.scratch/records/project-discovery/issues/06-document-and-trial.md; link "03-integrate-cli.md")
        snapshot_changed: snapshot source differs from the recorded digest [/Users/zoki/code/context/CONTEXT.md] (from /Users/zoki/code/context/.scratch/records/project-discovery/acceptances/02-scope-20260917.md; link "../../../../CONTEXT.md")
        completed_dependency: prerequisite is recorded as completed [/Users/zoki/code/context/.scratch/records/project-discovery/issues/02-resolve-scope.md] (from /Users/zoki/code/context/.scratch/records/project-discovery/issues/03-integrate-cli.md; link "02-resolve-scope.md")
        acceptance_criteria_present: at least one nonempty acceptance criterion is authored [/Users/zoki/code/context/.scratch/records/project-discovery/issues/02-resolve-scope.md] (from /Users/zoki/code/context/.scratch/records/project-discovery/issues/03-integrate-cli.md; link "02-resolve-scope.md")
        no_blocking_decisions: Blocked by decisions explicitly declares none [/Users/zoki/code/context/.scratch/records/project-discovery/issues/02-resolve-scope.md] (from /Users/zoki/code/context/.scratch/records/project-discovery/issues/03-integrate-cli.md; link "02-resolve-scope.md")
        snapshot_changed: snapshot source differs from the recorded digest [/Users/zoki/code/context/CONTEXT.md] (from /Users/zoki/code/context/.scratch/records/project-discovery/acceptances/01-configuration-reassessed-20260917.md; link "../../../../CONTEXT.md")
        completed_dependency: prerequisite is recorded as completed [/Users/zoki/code/context/.scratch/records/project-discovery/issues/01-read-configuration.md] (from /Users/zoki/code/context/.scratch/records/project-discovery/issues/02-resolve-scope.md; link "01-read-configuration.md")
        acceptance_criteria_present: at least one nonempty acceptance criterion is authored [/Users/zoki/code/context/.scratch/records/project-discovery/issues/01-read-configuration.md] (from /Users/zoki/code/context/.scratch/records/project-discovery/issues/02-resolve-scope.md; link "01-read-configuration.md")
        no_blocking_decisions: Blocked by decisions explicitly declares none [/Users/zoki/code/context/.scratch/records/project-discovery/issues/01-read-configuration.md] (from /Users/zoki/code/context/.scratch/records/project-discovery/issues/02-resolve-scope.md; link "01-read-configuration.md")
      Edge 2: status: fail; cycle: false
        From:
          Use discovery in reader commands [cab6f066-8afe-43cb-be4d-8238740e183a] /Users/zoki/code/context/.scratch/records/project-discovery/issues/03-integrate-cli.md
        To:
          Resolve scope from directories and aliases [9cb1ab9e-8d7c-4358-948f-1b928ab2472a] /Users/zoki/code/context/.scratch/records/project-discovery/issues/02-resolve-scope.md (from /Users/zoki/code/context/.scratch/records/project-discovery/issues/03-integrate-cli.md; link "02-resolve-scope.md")
        snapshot_changed: snapshot source differs from the recorded digest [/Users/zoki/code/context/CONTEXT.md] (from /Users/zoki/code/context/.scratch/records/project-discovery/acceptances/02-scope-20260917.md; link "../../../../CONTEXT.md")
        completed_dependency: prerequisite is recorded as completed [/Users/zoki/code/context/.scratch/records/project-discovery/issues/02-resolve-scope.md] (from /Users/zoki/code/context/.scratch/records/project-discovery/issues/03-integrate-cli.md; link "02-resolve-scope.md")
        acceptance_criteria_present: at least one nonempty acceptance criterion is authored [/Users/zoki/code/context/.scratch/records/project-discovery/issues/02-resolve-scope.md] (from /Users/zoki/code/context/.scratch/records/project-discovery/issues/03-integrate-cli.md; link "02-resolve-scope.md")
        no_blocking_decisions: Blocked by decisions explicitly declares none [/Users/zoki/code/context/.scratch/records/project-discovery/issues/02-resolve-scope.md] (from /Users/zoki/code/context/.scratch/records/project-discovery/issues/03-integrate-cli.md; link "02-resolve-scope.md")
        snapshot_changed: snapshot source differs from the recorded digest [/Users/zoki/code/context/CONTEXT.md] (from /Users/zoki/code/context/.scratch/records/project-discovery/acceptances/01-configuration-reassessed-20260917.md; link "../../../../CONTEXT.md")
        completed_dependency: prerequisite is recorded as completed [/Users/zoki/code/context/.scratch/records/project-discovery/issues/01-read-configuration.md] (from /Users/zoki/code/context/.scratch/records/project-discovery/issues/02-resolve-scope.md; link "01-read-configuration.md")
        acceptance_criteria_present: at least one nonempty acceptance criterion is authored [/Users/zoki/code/context/.scratch/records/project-discovery/issues/01-read-configuration.md] (from /Users/zoki/code/context/.scratch/records/project-discovery/issues/02-resolve-scope.md; link "01-read-configuration.md")
        no_blocking_decisions: Blocked by decisions explicitly declares none [/Users/zoki/code/context/.scratch/records/project-discovery/issues/01-read-configuration.md] (from /Users/zoki/code/context/.scratch/records/project-discovery/issues/02-resolve-scope.md; link "01-read-configuration.md")
      Edge 3: status: fail; cycle: false
        From:
          Resolve scope from directories and aliases [9cb1ab9e-8d7c-4358-948f-1b928ab2472a] /Users/zoki/code/context/.scratch/records/project-discovery/issues/02-resolve-scope.md
        To:
          Read discovery configuration [591c566c-1d96-4824-8cf0-aa775a69a35f] /Users/zoki/code/context/.scratch/records/project-discovery/issues/01-read-configuration.md (from /Users/zoki/code/context/.scratch/records/project-discovery/issues/02-resolve-scope.md; link "01-read-configuration.md")
        snapshot_changed: snapshot source differs from the recorded digest [/Users/zoki/code/context/CONTEXT.md] (from /Users/zoki/code/context/.scratch/records/project-discovery/acceptances/01-configuration-reassessed-20260917.md; link "../../../../CONTEXT.md")
        completed_dependency: prerequisite is recorded as completed [/Users/zoki/code/context/.scratch/records/project-discovery/issues/01-read-configuration.md] (from /Users/zoki/code/context/.scratch/records/project-discovery/issues/02-resolve-scope.md; link "01-read-configuration.md")
        acceptance_criteria_present: at least one nonempty acceptance criterion is authored [/Users/zoki/code/context/.scratch/records/project-discovery/issues/01-read-configuration.md] (from /Users/zoki/code/context/.scratch/records/project-discovery/issues/02-resolve-scope.md; link "01-read-configuration.md")
        no_blocking_decisions: Blocked by decisions explicitly declares none [/Users/zoki/code/context/.scratch/records/project-discovery/issues/01-read-configuration.md] (from /Users/zoki/code/context/.scratch/records/project-discovery/issues/02-resolve-scope.md; link "01-read-configuration.md")
        no_dependencies: Blocked by explicitly declares none [/Users/zoki/code/context/.scratch/records/project-discovery/issues/01-read-configuration.md]
      Edge 4: status: fail; cycle: false
        From:
          Document migration and verify discovery end to end [14cf4188-8cc0-451b-b5d4-758b32a0db52] /Users/zoki/code/context/.scratch/records/project-discovery/issues/06-document-and-trial.md
        To:
          Show workspace member navigation [411b505a-db97-4a45-94df-71289bff5a21] /Users/zoki/code/context/.scratch/records/project-discovery/issues/04-workspace-navigation.md (from /Users/zoki/code/context/.scratch/records/project-discovery/issues/06-document-and-trial.md; link "04-workspace-navigation.md")
        snapshot_changed: snapshot source differs from the recorded digest [/Users/zoki/code/context/CONTEXT.md] (from /Users/zoki/code/context/.scratch/records/project-discovery/acceptances/04-workspace-20260917.md; link "../../../../CONTEXT.md")
        completed_dependency: prerequisite is recorded as completed [/Users/zoki/code/context/.scratch/records/project-discovery/issues/04-workspace-navigation.md] (from /Users/zoki/code/context/.scratch/records/project-discovery/issues/06-document-and-trial.md; link "04-workspace-navigation.md")
        acceptance_criteria_present: at least one nonempty acceptance criterion is authored [/Users/zoki/code/context/.scratch/records/project-discovery/issues/04-workspace-navigation.md] (from /Users/zoki/code/context/.scratch/records/project-discovery/issues/06-document-and-trial.md; link "04-workspace-navigation.md")
        no_blocking_decisions: Blocked by decisions explicitly declares none [/Users/zoki/code/context/.scratch/records/project-discovery/issues/04-workspace-navigation.md] (from /Users/zoki/code/context/.scratch/records/project-discovery/issues/06-document-and-trial.md; link "04-workspace-navigation.md")
        snapshot_changed: snapshot source differs from the recorded digest [/Users/zoki/code/context/CONTEXT.md] (from /Users/zoki/code/context/.scratch/records/project-discovery/acceptances/03-reader-cli-20260917.md; link "../../../../CONTEXT.md")
        completed_dependency: prerequisite is recorded as completed [/Users/zoki/code/context/.scratch/records/project-discovery/issues/03-integrate-cli.md] (from /Users/zoki/code/context/.scratch/records/project-discovery/issues/04-workspace-navigation.md; link "03-integrate-cli.md")
        acceptance_criteria_present: at least one nonempty acceptance criterion is authored [/Users/zoki/code/context/.scratch/records/project-discovery/issues/03-integrate-cli.md] (from /Users/zoki/code/context/.scratch/records/project-discovery/issues/04-workspace-navigation.md; link "03-integrate-cli.md")
        no_blocking_decisions: Blocked by decisions explicitly declares none [/Users/zoki/code/context/.scratch/records/project-discovery/issues/03-integrate-cli.md] (from /Users/zoki/code/context/.scratch/records/project-discovery/issues/04-workspace-navigation.md; link "03-integrate-cli.md")
        snapshot_changed: snapshot source differs from the recorded digest [/Users/zoki/code/context/CONTEXT.md] (from /Users/zoki/code/context/.scratch/records/project-discovery/acceptances/02-scope-20260917.md; link "../../../../CONTEXT.md")
        completed_dependency: prerequisite is recorded as completed [/Users/zoki/code/context/.scratch/records/project-discovery/issues/02-resolve-scope.md] (from /Users/zoki/code/context/.scratch/records/project-discovery/issues/03-integrate-cli.md; link "02-resolve-scope.md")
        acceptance_criteria_present: at least one nonempty acceptance criterion is authored [/Users/zoki/code/context/.scratch/records/project-discovery/issues/02-resolve-scope.md] (from /Users/zoki/code/context/.scratch/records/project-discovery/issues/03-integrate-cli.md; link "02-resolve-scope.md")
        no_blocking_decisions: Blocked by decisions explicitly declares none [/Users/zoki/code/context/.scratch/records/project-discovery/issues/02-resolve-scope.md] (from /Users/zoki/code/context/.scratch/records/project-discovery/issues/03-integrate-cli.md; link "02-resolve-scope.md")
        snapshot_changed: snapshot source differs from the recorded digest [/Users/zoki/code/context/CONTEXT.md] (from /Users/zoki/code/context/.scratch/records/project-discovery/acceptances/01-configuration-reassessed-20260917.md; link "../../../../CONTEXT.md")
        completed_dependency: prerequisite is recorded as completed [/Users/zoki/code/context/.scratch/records/project-discovery/issues/01-read-configuration.md] (from /Users/zoki/code/context/.scratch/records/project-discovery/issues/02-resolve-scope.md; link "01-read-configuration.md")
        acceptance_criteria_present: at least one nonempty acceptance criterion is authored [/Users/zoki/code/context/.scratch/records/project-discovery/issues/01-read-configuration.md] (from /Users/zoki/code/context/.scratch/records/project-discovery/issues/02-resolve-scope.md; link "01-read-configuration.md")
        no_blocking_decisions: Blocked by decisions explicitly declares none [/Users/zoki/code/context/.scratch/records/project-discovery/issues/01-read-configuration.md] (from /Users/zoki/code/context/.scratch/records/project-discovery/issues/02-resolve-scope.md; link "01-read-configuration.md")
      Edge 5: status: fail; cycle: false
        From:
          Show workspace member navigation [411b505a-db97-4a45-94df-71289bff5a21] /Users/zoki/code/context/.scratch/records/project-discovery/issues/04-workspace-navigation.md
        To:
          Use discovery in reader commands [cab6f066-8afe-43cb-be4d-8238740e183a] /Users/zoki/code/context/.scratch/records/project-discovery/issues/03-integrate-cli.md (from /Users/zoki/code/context/.scratch/records/project-discovery/issues/04-workspace-navigation.md; link "03-integrate-cli.md")
        snapshot_changed: snapshot source differs from the recorded digest [/Users/zoki/code/context/CONTEXT.md] (from /Users/zoki/code/context/.scratch/records/project-discovery/acceptances/03-reader-cli-20260917.md; link "../../../../CONTEXT.md")
        completed_dependency: prerequisite is recorded as completed [/Users/zoki/code/context/.scratch/records/project-discovery/issues/03-integrate-cli.md] (from /Users/zoki/code/context/.scratch/records/project-discovery/issues/04-workspace-navigation.md; link "03-integrate-cli.md")
        acceptance_criteria_present: at least one nonempty acceptance criterion is authored [/Users/zoki/code/context/.scratch/records/project-discovery/issues/03-integrate-cli.md] (from /Users/zoki/code/context/.scratch/records/project-discovery/issues/04-workspace-navigation.md; link "03-integrate-cli.md")
        no_blocking_decisions: Blocked by decisions explicitly declares none [/Users/zoki/code/context/.scratch/records/project-discovery/issues/03-integrate-cli.md] (from /Users/zoki/code/context/.scratch/records/project-discovery/issues/04-workspace-navigation.md; link "03-integrate-cli.md")
        snapshot_changed: snapshot source differs from the recorded digest [/Users/zoki/code/context/CONTEXT.md] (from /Users/zoki/code/context/.scratch/records/project-discovery/acceptances/02-scope-20260917.md; link "../../../../CONTEXT.md")
        completed_dependency: prerequisite is recorded as completed [/Users/zoki/code/context/.scratch/records/project-discovery/issues/02-resolve-scope.md] (from /Users/zoki/code/context/.scratch/records/project-discovery/issues/03-integrate-cli.md; link "02-resolve-scope.md")
        acceptance_criteria_present: at least one nonempty acceptance criterion is authored [/Users/zoki/code/context/.scratch/records/project-discovery/issues/02-resolve-scope.md] (from /Users/zoki/code/context/.scratch/records/project-discovery/issues/03-integrate-cli.md; link "02-resolve-scope.md")
        no_blocking_decisions: Blocked by decisions explicitly declares none [/Users/zoki/code/context/.scratch/records/project-discovery/issues/02-resolve-scope.md] (from /Users/zoki/code/context/.scratch/records/project-discovery/issues/03-integrate-cli.md; link "02-resolve-scope.md")
        snapshot_changed: snapshot source differs from the recorded digest [/Users/zoki/code/context/CONTEXT.md] (from /Users/zoki/code/context/.scratch/records/project-discovery/acceptances/01-configuration-reassessed-20260917.md; link "../../../../CONTEXT.md")
        completed_dependency: prerequisite is recorded as completed [/Users/zoki/code/context/.scratch/records/project-discovery/issues/01-read-configuration.md] (from /Users/zoki/code/context/.scratch/records/project-discovery/issues/02-resolve-scope.md; link "01-read-configuration.md")
        acceptance_criteria_present: at least one nonempty acceptance criterion is authored [/Users/zoki/code/context/.scratch/records/project-discovery/issues/01-read-configuration.md] (from /Users/zoki/code/context/.scratch/records/project-discovery/issues/02-resolve-scope.md; link "01-read-configuration.md")
        no_blocking_decisions: Blocked by decisions explicitly declares none [/Users/zoki/code/context/.scratch/records/project-discovery/issues/01-read-configuration.md] (from /Users/zoki/code/context/.scratch/records/project-discovery/issues/02-resolve-scope.md; link "01-read-configuration.md")
      Edge 6: status: fail; cycle: false
        From:
          Document migration and verify discovery end to end [14cf4188-8cc0-451b-b5d4-758b32a0db52] /Users/zoki/code/context/.scratch/records/project-discovery/issues/06-document-and-trial.md
        To:
          Connect existing records through setup [18a3d758-2b28-48d7-a05c-e4ffc225fb8e] /Users/zoki/code/context/.scratch/records/project-discovery/issues/05-connect-records.md (from /Users/zoki/code/context/.scratch/records/project-discovery/issues/06-document-and-trial.md; link "05-connect-records.md")
        snapshot_changed: snapshot source differs from the recorded digest [/Users/zoki/code/context/CONTEXT.md] (from /Users/zoki/code/context/.scratch/records/project-discovery/acceptances/05-setup-write-reassessed-20260917.md; link "../../../../CONTEXT.md")
        completed_dependency: prerequisite is recorded as completed [/Users/zoki/code/context/.scratch/records/project-discovery/issues/05-connect-records.md] (from /Users/zoki/code/context/.scratch/records/project-discovery/issues/06-document-and-trial.md; link "05-connect-records.md")
        acceptance_criteria_present: at least one nonempty acceptance criterion is authored [/Users/zoki/code/context/.scratch/records/project-discovery/issues/05-connect-records.md] (from /Users/zoki/code/context/.scratch/records/project-discovery/issues/06-document-and-trial.md; link "05-connect-records.md")
        no_blocking_decisions: Blocked by decisions explicitly declares none [/Users/zoki/code/context/.scratch/records/project-discovery/issues/05-connect-records.md] (from /Users/zoki/code/context/.scratch/records/project-discovery/issues/06-document-and-trial.md; link "05-connect-records.md")
        snapshot_changed: snapshot source differs from the recorded digest [/Users/zoki/code/context/CONTEXT.md] (from /Users/zoki/code/context/.scratch/records/project-discovery/acceptances/02-scope-20260917.md; link "../../../../CONTEXT.md")
        completed_dependency: prerequisite is recorded as completed [/Users/zoki/code/context/.scratch/records/project-discovery/issues/02-resolve-scope.md] (from /Users/zoki/code/context/.scratch/records/project-discovery/issues/05-connect-records.md; link "02-resolve-scope.md")
        acceptance_criteria_present: at least one nonempty acceptance criterion is authored [/Users/zoki/code/context/.scratch/records/project-discovery/issues/02-resolve-scope.md] (from /Users/zoki/code/context/.scratch/records/project-discovery/issues/05-connect-records.md; link "02-resolve-scope.md")
        no_blocking_decisions: Blocked by decisions explicitly declares none [/Users/zoki/code/context/.scratch/records/project-discovery/issues/02-resolve-scope.md] (from /Users/zoki/code/context/.scratch/records/project-discovery/issues/05-connect-records.md; link "02-resolve-scope.md")
        snapshot_changed: snapshot source differs from the recorded digest [/Users/zoki/code/context/CONTEXT.md] (from /Users/zoki/code/context/.scratch/records/project-discovery/acceptances/01-configuration-reassessed-20260917.md; link "../../../../CONTEXT.md")
        completed_dependency: prerequisite is recorded as completed [/Users/zoki/code/context/.scratch/records/project-discovery/issues/01-read-configuration.md] (from /Users/zoki/code/context/.scratch/records/project-discovery/issues/02-resolve-scope.md; link "01-read-configuration.md")
        acceptance_criteria_present: at least one nonempty acceptance criterion is authored [/Users/zoki/code/context/.scratch/records/project-discovery/issues/01-read-configuration.md] (from /Users/zoki/code/context/.scratch/records/project-discovery/issues/02-resolve-scope.md; link "01-read-configuration.md")
        no_blocking_decisions: Blocked by decisions explicitly declares none [/Users/zoki/code/context/.scratch/records/project-discovery/issues/01-read-configuration.md] (from /Users/zoki/code/context/.scratch/records/project-discovery/issues/02-resolve-scope.md; link "01-read-configuration.md")
      Edge 7: status: fail; cycle: false
        From:
          Connect existing records through setup [18a3d758-2b28-48d7-a05c-e4ffc225fb8e] /Users/zoki/code/context/.scratch/records/project-discovery/issues/05-connect-records.md
        To:
          Resolve scope from directories and aliases [9cb1ab9e-8d7c-4358-948f-1b928ab2472a] /Users/zoki/code/context/.scratch/records/project-discovery/issues/02-resolve-scope.md (from /Users/zoki/code/context/.scratch/records/project-discovery/issues/05-connect-records.md; link "02-resolve-scope.md")
        snapshot_changed: snapshot source differs from the recorded digest [/Users/zoki/code/context/CONTEXT.md] (from /Users/zoki/code/context/.scratch/records/project-discovery/acceptances/02-scope-20260917.md; link "../../../../CONTEXT.md")
        completed_dependency: prerequisite is recorded as completed [/Users/zoki/code/context/.scratch/records/project-discovery/issues/02-resolve-scope.md] (from /Users/zoki/code/context/.scratch/records/project-discovery/issues/05-connect-records.md; link "02-resolve-scope.md")
        acceptance_criteria_present: at least one nonempty acceptance criterion is authored [/Users/zoki/code/context/.scratch/records/project-discovery/issues/02-resolve-scope.md] (from /Users/zoki/code/context/.scratch/records/project-discovery/issues/05-connect-records.md; link "02-resolve-scope.md")
        no_blocking_decisions: Blocked by decisions explicitly declares none [/Users/zoki/code/context/.scratch/records/project-discovery/issues/02-resolve-scope.md] (from /Users/zoki/code/context/.scratch/records/project-discovery/issues/05-connect-records.md; link "02-resolve-scope.md")
        snapshot_changed: snapshot source differs from the recorded digest [/Users/zoki/code/context/CONTEXT.md] (from /Users/zoki/code/context/.scratch/records/project-discovery/acceptances/01-configuration-reassessed-20260917.md; link "../../../../CONTEXT.md")
        completed_dependency: prerequisite is recorded as completed [/Users/zoki/code/context/.scratch/records/project-discovery/issues/01-read-configuration.md] (from /Users/zoki/code/context/.scratch/records/project-discovery/issues/02-resolve-scope.md; link "01-read-configuration.md")
        acceptance_criteria_present: at least one nonempty acceptance criterion is authored [/Users/zoki/code/context/.scratch/records/project-discovery/issues/01-read-configuration.md] (from /Users/zoki/code/context/.scratch/records/project-discovery/issues/02-resolve-scope.md; link "01-read-configuration.md")
        no_blocking_decisions: Blocked by decisions explicitly declares none [/Users/zoki/code/context/.scratch/records/project-discovery/issues/01-read-configuration.md] (from /Users/zoki/code/context/.scratch/records/project-discovery/issues/02-resolve-scope.md; link "01-read-configuration.md")
    acceptance_criteria: pass
      acceptance_criteria_present: at least one nonempty acceptance criterion is authored [/Users/zoki/code/context/.scratch/records/project-discovery/issues/06-document-and-trial.md]
    required_context: pass
      required_context_available: all explicitly selected requirement and context sources are available [/Users/zoki/code/context/.scratch/records/project-discovery/issues/06-document-and-trial.md]
    dependencies: fail
      snapshot_changed: snapshot source differs from the recorded digest [/Users/zoki/code/context/CONTEXT.md] (from /Users/zoki/code/context/.scratch/records/project-discovery/acceptances/03-reader-cli-20260917.md; link "../../../../CONTEXT.md")
      completed_dependency: prerequisite is recorded as completed [/Users/zoki/code/context/.scratch/records/project-discovery/issues/03-integrate-cli.md] (from /Users/zoki/code/context/.scratch/records/project-discovery/issues/06-document-and-trial.md; link "03-integrate-cli.md")
      acceptance_criteria_present: at least one nonempty acceptance criterion is authored [/Users/zoki/code/context/.scratch/records/project-discovery/issues/03-integrate-cli.md] (from /Users/zoki/code/context/.scratch/records/project-discovery/issues/06-document-and-trial.md; link "03-integrate-cli.md")
      no_blocking_decisions: Blocked by decisions explicitly declares none [/Users/zoki/code/context/.scratch/records/project-discovery/issues/03-integrate-cli.md] (from /Users/zoki/code/context/.scratch/records/project-discovery/issues/06-document-and-trial.md; link "03-integrate-cli.md")
      snapshot_changed: snapshot source differs from the recorded digest [/Users/zoki/code/context/CONTEXT.md] (from /Users/zoki/code/context/.scratch/records/project-discovery/acceptances/02-scope-20260917.md; link "../../../../CONTEXT.md")
      completed_dependency: prerequisite is recorded as completed [/Users/zoki/code/context/.scratch/records/project-discovery/issues/02-resolve-scope.md] (from /Users/zoki/code/context/.scratch/records/project-discovery/issues/03-integrate-cli.md; link "02-resolve-scope.md")
      acceptance_criteria_present: at least one nonempty acceptance criterion is authored [/Users/zoki/code/context/.scratch/records/project-discovery/issues/02-resolve-scope.md] (from /Users/zoki/code/context/.scratch/records/project-discovery/issues/03-integrate-cli.md; link "02-resolve-scope.md")
      no_blocking_decisions: Blocked by decisions explicitly declares none [/Users/zoki/code/context/.scratch/records/project-discovery/issues/02-resolve-scope.md] (from /Users/zoki/code/context/.scratch/records/project-discovery/issues/03-integrate-cli.md; link "02-resolve-scope.md")
      snapshot_changed: snapshot source differs from the recorded digest [/Users/zoki/code/context/CONTEXT.md] (from /Users/zoki/code/context/.scratch/records/project-discovery/acceptances/01-configuration-reassessed-20260917.md; link "../../../../CONTEXT.md")
      completed_dependency: prerequisite is recorded as completed [/Users/zoki/code/context/.scratch/records/project-discovery/issues/01-read-configuration.md] (from /Users/zoki/code/context/.scratch/records/project-discovery/issues/02-resolve-scope.md; link "01-read-configuration.md")
      acceptance_criteria_present: at least one nonempty acceptance criterion is authored [/Users/zoki/code/context/.scratch/records/project-discovery/issues/01-read-configuration.md] (from /Users/zoki/code/context/.scratch/records/project-discovery/issues/02-resolve-scope.md; link "01-read-configuration.md")
      no_blocking_decisions: Blocked by decisions explicitly declares none [/Users/zoki/code/context/.scratch/records/project-discovery/issues/01-read-configuration.md] (from /Users/zoki/code/context/.scratch/records/project-discovery/issues/02-resolve-scope.md; link "01-read-configuration.md")
      snapshot_changed: snapshot source differs from the recorded digest [/Users/zoki/code/context/CONTEXT.md] (from /Users/zoki/code/context/.scratch/records/project-discovery/acceptances/04-workspace-20260917.md; link "../../../../CONTEXT.md")
      completed_dependency: prerequisite is recorded as completed [/Users/zoki/code/context/.scratch/records/project-discovery/issues/04-workspace-navigation.md] (from /Users/zoki/code/context/.scratch/records/project-discovery/issues/06-document-and-trial.md; link "04-workspace-navigation.md")
      acceptance_criteria_present: at least one nonempty acceptance criterion is authored [/Users/zoki/code/context/.scratch/records/project-discovery/issues/04-workspace-navigation.md] (from /Users/zoki/code/context/.scratch/records/project-discovery/issues/06-document-and-trial.md; link "04-workspace-navigation.md")
      no_blocking_decisions: Blocked by decisions explicitly declares none [/Users/zoki/code/context/.scratch/records/project-discovery/issues/04-workspace-navigation.md] (from /Users/zoki/code/context/.scratch/records/project-discovery/issues/06-document-and-trial.md; link "04-workspace-navigation.md")
      completed_dependency: prerequisite is recorded as completed [/Users/zoki/code/context/.scratch/records/project-discovery/issues/03-integrate-cli.md] (from /Users/zoki/code/context/.scratch/records/project-discovery/issues/04-workspace-navigation.md; link "03-integrate-cli.md")
      acceptance_criteria_present: at least one nonempty acceptance criterion is authored [/Users/zoki/code/context/.scratch/records/project-discovery/issues/03-integrate-cli.md] (from /Users/zoki/code/context/.scratch/records/project-discovery/issues/04-workspace-navigation.md; link "03-integrate-cli.md")
      no_blocking_decisions: Blocked by decisions explicitly declares none [/Users/zoki/code/context/.scratch/records/project-discovery/issues/03-integrate-cli.md] (from /Users/zoki/code/context/.scratch/records/project-discovery/issues/04-workspace-navigation.md; link "03-integrate-cli.md")
      snapshot_changed: snapshot source differs from the recorded digest [/Users/zoki/code/context/CONTEXT.md] (from /Users/zoki/code/context/.scratch/records/project-discovery/acceptances/05-setup-write-reassessed-20260917.md; link "../../../../CONTEXT.md")
      completed_dependency: prerequisite is recorded as completed [/Users/zoki/code/context/.scratch/records/project-discovery/issues/05-connect-records.md] (from /Users/zoki/code/context/.scratch/records/project-discovery/issues/06-document-and-trial.md; link "05-connect-records.md")
      acceptance_criteria_present: at least one nonempty acceptance criterion is authored [/Users/zoki/code/context/.scratch/records/project-discovery/issues/05-connect-records.md] (from /Users/zoki/code/context/.scratch/records/project-discovery/issues/06-document-and-trial.md; link "05-connect-records.md")
      no_blocking_decisions: Blocked by decisions explicitly declares none [/Users/zoki/code/context/.scratch/records/project-discovery/issues/05-connect-records.md] (from /Users/zoki/code/context/.scratch/records/project-discovery/issues/06-document-and-trial.md; link "05-connect-records.md")
      completed_dependency: prerequisite is recorded as completed [/Users/zoki/code/context/.scratch/records/project-discovery/issues/02-resolve-scope.md] (from /Users/zoki/code/context/.scratch/records/project-discovery/issues/05-connect-records.md; link "02-resolve-scope.md")
      acceptance_criteria_present: at least one nonempty acceptance criterion is authored [/Users/zoki/code/context/.scratch/records/project-discovery/issues/02-resolve-scope.md] (from /Users/zoki/code/context/.scratch/records/project-discovery/issues/05-connect-records.md; link "02-resolve-scope.md")
      no_blocking_decisions: Blocked by decisions explicitly declares none [/Users/zoki/code/context/.scratch/records/project-discovery/issues/02-resolve-scope.md] (from /Users/zoki/code/context/.scratch/records/project-discovery/issues/05-connect-records.md; link "02-resolve-scope.md")
    blocking_decisions: pass
      no_blocking_decisions: Blocked by decisions explicitly declares none [/Users/zoki/code/context/.scratch/records/project-discovery/issues/06-document-and-trial.md]
    excluded: completed_work: work is recorded as completed [/Users/zoki/code/context/.scratch/records/project-discovery/issues/06-document-and-trial.md]
    excluded: not_committed: work is outside current commitments [/Users/zoki/code/context/.scratch/records/project-discovery/issues/06-document-and-trial.md]
    excluded: readiness_blocked: readiness is blocked; inspect its checks [/Users/zoki/code/context/.scratch/records/project-discovery/issues/06-document-and-trial.md]
    acceptance: stale
    acceptance check: fail
    Acceptance record:
      Acceptance: Reassess discovery documentation and trial [1f3d3c1d-db0a-46e2-b7b0-091449293e2a] /Users/zoki/code/context/.scratch/records/project-discovery/acceptances/06-documentation-reassessed-20260917.md (from /Users/zoki/code/context/.scratch/records/project-discovery/issues/06-document-and-trial.md; link "../acceptances/06-documentation-reassessed-20260917.md")
      actor: workflow Codex /root
      decided at: 2026-09-17T12:11:20+02:00
      tested revision (historical): https://github.com/Zokiio/context c59d12e6886874a00d42b821be24615a93c95ef6
      accepted fingerprint: version 1
      accepted ticketSHA256: adc68970546818a411a251894efb034ba0de779242242298f4dd4192f774217e
      accepted criteriaSHA256: 1cf595bb5d0f9cec7b34bdd23cd6a1abaf151fce1d51f641741ad3e27306e9eb
    Human approvals: none recorded
    Requirements:
      Source:
        unknown [unknown] /Users/zoki/code/context/.scratch/project-discovery/spec.md (from /Users/zoki/code/context/.scratch/records/project-discovery/acceptances/06-documentation-reassessed-20260917.md; link "../../../project-discovery/spec.md")
        status: valid
        recordedSHA256: d54c182412a9ee711e1b7a91e2a5ea6c4174dbd8567304ff44fa109a65c41d67
        currentSHA256: d54c182412a9ee711e1b7a91e2a5ea6c4174dbd8567304ff44fa109a65c41d67
      Source:
        unknown [unknown] /Users/zoki/code/context/docs/vision.md (from /Users/zoki/code/context/.scratch/records/project-discovery/acceptances/06-documentation-reassessed-20260917.md; link "../../../../docs/vision.md")
        status: valid
        recordedSHA256: d8d7fb88699c3310cd5f489d6d44dbf342fe813c372c54485400f6765f5aa2e9
        currentSHA256: d8d7fb88699c3310cd5f489d6d44dbf342fe813c372c54485400f6765f5aa2e9
      Source:
        unknown [unknown] /Users/zoki/code/context/CONTEXT.md (from /Users/zoki/code/context/.scratch/records/project-discovery/acceptances/06-documentation-reassessed-20260917.md; link "../../../../CONTEXT.md")
        status: stale
        recordedSHA256: a003af0f4845f28fe14191dec210c7ceeabf6a5422fb51e7e0ee7e957d366a55
        currentSHA256: 15cd979f6af442fedec45fd3482741f0cd5362c45900151eab3e0cef452bf9b9
        snapshot_changed: snapshot source differs from the recorded digest [/Users/zoki/code/context/CONTEXT.md] (from /Users/zoki/code/context/.scratch/records/project-discovery/acceptances/06-documentation-reassessed-20260917.md; link "../../../../CONTEXT.md")
      Source:
        unknown [unknown] /Users/zoki/code/context/docs/adr/0004-directory-specific-project-selection.md (from /Users/zoki/code/context/.scratch/records/project-discovery/acceptances/06-documentation-reassessed-20260917.md; link "../../../../docs/adr/0004-directory-specific-project-selection.md")
        status: valid
        recordedSHA256: efd4654de6c787345c341c26a0076fb605214b3d9aeecc3a1ec01f93752cefbf
        currentSHA256: efd4654de6c787345c341c26a0076fb605214b3d9aeecc3a1ec01f93752cefbf
      Source:
        unknown [unknown] /Users/zoki/code/context/docs/agents/acceptance.md (from /Users/zoki/code/context/.scratch/records/project-discovery/acceptances/06-documentation-reassessed-20260917.md; link "../../../../docs/agents/acceptance.md")
        status: valid
        recordedSHA256: fbde78ab62733d1bbe091fba6a867f30f50076c819ee3b0783ac4dcd2d7bf654
        currentSHA256: fbde78ab62733d1bbe091fba6a867f30f50076c819ee3b0783ac4dcd2d7bf654
    Evidence:
      Source:
        unknown [unknown] /Users/zoki/code/context/.scratch/project-discovery/evidence/06-reassessment-verification.md (from /Users/zoki/code/context/.scratch/records/project-discovery/acceptances/06-documentation-reassessed-20260917.md; link "../../../project-discovery/evidence/06-reassessment-verification.md")
        status: valid
        recordedSHA256: 54ad0b923ce9ca9309dac35637fd257c9fc77ede703e81deea51731cf6dec7a0
        currentSHA256: 54ad0b923ce9ca9309dac35637fd257c9fc77ede703e81deea51731cf6dec7a0
      Source:
        unknown [unknown] /Users/zoki/code/context/.scratch/project-discovery/evidence/06-reassessment-build.json (from /Users/zoki/code/context/.scratch/records/project-discovery/acceptances/06-documentation-reassessed-20260917.md; link "../../../project-discovery/evidence/06-reassessment-build.json")
        status: valid
        recordedSHA256: 9b84f0091a70a58b4113a2074d2806f04535ad80556d4e1dcdb37971904cdaaa
        currentSHA256: 9b84f0091a70a58b4113a2074d2806f04535ad80556d4e1dcdb37971904cdaaa
      Source:
        unknown [unknown] /Users/zoki/code/context/.scratch/project-discovery/evidence/06-reassessment-checks.json (from /Users/zoki/code/context/.scratch/records/project-discovery/acceptances/06-documentation-reassessed-20260917.md; link "../../../project-discovery/evidence/06-reassessment-checks.json")
        status: valid
        recordedSHA256: cd47a7e455595301b6709a427345916762cf9f056ce9a134b83714a025b2edf9
        currentSHA256: cd47a7e455595301b6709a427345916762cf9f056ce9a134b83714a025b2edf9
      Source:
        unknown [unknown] /Users/zoki/code/context/.scratch/project-discovery/evidence/06-reassessment-trial.json (from /Users/zoki/code/context/.scratch/records/project-discovery/acceptances/06-documentation-reassessed-20260917.md; link "../../../project-discovery/evidence/06-reassessment-trial.json")
        status: valid
        recordedSHA256: 8c82f0535459ff0404a2cbb4fc90afccf85eac4ff48b3e935c331afa1db7ee16
        currentSHA256: 8c82f0535459ff0404a2cbb4fc90afccf85eac4ff48b3e935c331afa1db7ee16
      Source:
        unknown [unknown] /Users/zoki/code/context/.scratch/project-discovery/evidence/10-independent-recheck.md (from /Users/zoki/code/context/.scratch/records/project-discovery/acceptances/06-documentation-reassessed-20260917.md; link "../../../project-discovery/evidence/10-independent-recheck.md")
        status: valid
        recordedSHA256: 05d462d609c1e3464ecc0abd9373294c4ae2ef8d9485e73e52c22ba54bc44d43
        currentSHA256: 05d462d609c1e3464ecc0abd9373294c4ae2ef8d9485e73e52c22ba54bc44d43
      Source:
        unknown [unknown] /Users/zoki/code/context/.scratch/project-discovery/evidence/10-review-recheck/standards.md (from /Users/zoki/code/context/.scratch/records/project-discovery/acceptances/06-documentation-reassessed-20260917.md; link "../../../project-discovery/evidence/10-review-recheck/standards.md")
        status: valid
        recordedSHA256: e3d959985713d8e299c74b7a26c2e3bcf93cc579b6e03229545ca519377f23e5
        currentSHA256: e3d959985713d8e299c74b7a26c2e3bcf93cc579b6e03229545ca519377f23e5
      Source:
        unknown [unknown] /Users/zoki/code/context/.scratch/project-discovery/evidence/10-review-recheck/spec.md (from /Users/zoki/code/context/.scratch/records/project-discovery/acceptances/06-documentation-reassessed-20260917.md; link "../../../project-discovery/evidence/10-review-recheck/spec.md")
        status: valid
        recordedSHA256: 8615f29d2b95d6b91acd018b5a7ef1a34a1f5d80a211b9bf585dd0f3714665bd
        currentSHA256: 8615f29d2b95d6b91acd018b5a7ef1a34a1f5d80a211b9bf585dd0f3714665bd
      Source:
        unknown [unknown] /Users/zoki/code/context/.scratch/project-discovery/evidence/10-review-recheck/manifest.json (from /Users/zoki/code/context/.scratch/records/project-discovery/acceptances/06-documentation-reassessed-20260917.md; link "../../../project-discovery/evidence/10-review-recheck/manifest.json")
        status: valid
        recordedSHA256: a139a2a5e4c603f1d978c0e3c55ee5f548786265f215f8131f4df10cabb5e742
        currentSHA256: a139a2a5e4c603f1d978c0e3c55ee5f548786265f215f8131f4df10cabb5e742
      Source:
        unknown [unknown] /Users/zoki/code/context/.scratch/project-discovery/evidence/10-review-recheck/documentation-links.json (from /Users/zoki/code/context/.scratch/records/project-discovery/acceptances/06-documentation-reassessed-20260917.md; link "../../../project-discovery/evidence/10-review-recheck/documentation-links.json")
        status: valid
        recordedSHA256: ee8f76f69cf767d039205372a2179fee4279b1d74ba9aaf19fd364d0486d817f
        currentSHA256: ee8f76f69cf767d039205372a2179fee4279b1d74ba9aaf19fd364d0486d817f
      snapshot_changed: snapshot source differs from the recorded digest [/Users/zoki/code/context/CONTEXT.md] (from /Users/zoki/code/context/.scratch/records/project-discovery/acceptances/06-documentation-reassessed-20260917.md; link "../../../../CONTEXT.md")
    fingerprint: version 1
      ticketSHA256: adc68970546818a411a251894efb034ba0de779242242298f4dd4192f774217e
      criteriaSHA256: 1cf595bb5d0f9cec7b34bdd23cd6a1abaf151fce1d51f641741ad3e27306e9eb
  Follow blocker tickets recursively [162ad558-91e5-4c0b-b0b9-b8af2bfcc903]
    source: /Users/zoki/code/context/.scratch/records/context-reader/issues/03-follow-blocker-tickets.md
    identity ambiguous: false
    triage: ready-for-agent; execution: completed; lifecycle: stable
    committed: false; readiness: blocked; eligible: false
    Specifications:
      unknown [unknown] /Users/zoki/code/context/.scratch/context-reader/spec.md (from /Users/zoki/code/context/.scratch/records/context-reader/issues/03-follow-blocker-tickets.md; link "../../../context-reader/spec.md")
    Dependency edges:
      Edge 1: status: fail; cycle: false
        From:
          Follow blocker tickets recursively [162ad558-91e5-4c0b-b0b9-b8af2bfcc903] /Users/zoki/code/context/.scratch/records/context-reader/issues/03-follow-blocker-tickets.md
        To:
          Include linked project documents [f49ee233-f7d0-4266-92d1-f354df72a604] /Users/zoki/code/context/.scratch/records/context-reader/issues/02-include-project-documents.md (from /Users/zoki/code/context/.scratch/records/context-reader/issues/03-follow-blocker-tickets.md; link "02-include-project-documents.md")
        snapshot_changed: snapshot source differs from the recorded digest [/Users/zoki/code/context/CONTEXT.md] (from /Users/zoki/code/context/.scratch/records/context-reader/acceptances/02-include-project-documents-migration-20260916.md; link "../../../../CONTEXT.md")
        completed_dependency: prerequisite is recorded as completed [/Users/zoki/code/context/.scratch/records/context-reader/issues/02-include-project-documents.md] (from /Users/zoki/code/context/.scratch/records/context-reader/issues/03-follow-blocker-tickets.md; link "02-include-project-documents.md")
        acceptance_criteria_present: at least one nonempty acceptance criterion is authored [/Users/zoki/code/context/.scratch/records/context-reader/issues/02-include-project-documents.md] (from /Users/zoki/code/context/.scratch/records/context-reader/issues/03-follow-blocker-tickets.md; link "02-include-project-documents.md")
        no_blocking_decisions: Blocked by decisions explicitly declares none [/Users/zoki/code/context/.scratch/records/context-reader/issues/02-include-project-documents.md] (from /Users/zoki/code/context/.scratch/records/context-reader/issues/03-follow-blocker-tickets.md; link "02-include-project-documents.md")
        snapshot_changed: snapshot source differs from the recorded digest [/Users/zoki/code/context/CONTEXT.md] (from /Users/zoki/code/context/.scratch/records/context-reader/acceptances/01-read-okf-ticket-migration-20260916.md; link "../../../../CONTEXT.md")
        completed_dependency: prerequisite is recorded as completed [/Users/zoki/code/context/.scratch/records/context-reader/issues/01-read-okf-ticket.md] (from /Users/zoki/code/context/.scratch/records/context-reader/issues/02-include-project-documents.md; link "01-read-okf-ticket.md")
        acceptance_criteria_present: at least one nonempty acceptance criterion is authored [/Users/zoki/code/context/.scratch/records/context-reader/issues/01-read-okf-ticket.md] (from /Users/zoki/code/context/.scratch/records/context-reader/issues/02-include-project-documents.md; link "01-read-okf-ticket.md")
        no_blocking_decisions: Blocked by decisions explicitly declares none [/Users/zoki/code/context/.scratch/records/context-reader/issues/01-read-okf-ticket.md] (from /Users/zoki/code/context/.scratch/records/context-reader/issues/02-include-project-documents.md; link "01-read-okf-ticket.md")
      Edge 2: status: fail; cycle: false
        From:
          Include linked project documents [f49ee233-f7d0-4266-92d1-f354df72a604] /Users/zoki/code/context/.scratch/records/context-reader/issues/02-include-project-documents.md
        To:
          Read an OKF ticket as JSON context [bcbad059-f0b1-401b-99e1-3fdc468db8fb] /Users/zoki/code/context/.scratch/records/context-reader/issues/01-read-okf-ticket.md (from /Users/zoki/code/context/.scratch/records/context-reader/issues/02-include-project-documents.md; link "01-read-okf-ticket.md")
        snapshot_changed: snapshot source differs from the recorded digest [/Users/zoki/code/context/CONTEXT.md] (from /Users/zoki/code/context/.scratch/records/context-reader/acceptances/01-read-okf-ticket-migration-20260916.md; link "../../../../CONTEXT.md")
        completed_dependency: prerequisite is recorded as completed [/Users/zoki/code/context/.scratch/records/context-reader/issues/01-read-okf-ticket.md] (from /Users/zoki/code/context/.scratch/records/context-reader/issues/02-include-project-documents.md; link "01-read-okf-ticket.md")
        acceptance_criteria_present: at least one nonempty acceptance criterion is authored [/Users/zoki/code/context/.scratch/records/context-reader/issues/01-read-okf-ticket.md] (from /Users/zoki/code/context/.scratch/records/context-reader/issues/02-include-project-documents.md; link "01-read-okf-ticket.md")
        no_blocking_decisions: Blocked by decisions explicitly declares none [/Users/zoki/code/context/.scratch/records/context-reader/issues/01-read-okf-ticket.md] (from /Users/zoki/code/context/.scratch/records/context-reader/issues/02-include-project-documents.md; link "01-read-okf-ticket.md")
        no_dependencies: Blocked by explicitly declares none [/Users/zoki/code/context/.scratch/records/context-reader/issues/01-read-okf-ticket.md]
    acceptance_criteria: pass
      acceptance_criteria_present: at least one nonempty acceptance criterion is authored [/Users/zoki/code/context/.scratch/records/context-reader/issues/03-follow-blocker-tickets.md]
    required_context: pass
      required_context_available: all explicitly selected requirement and context sources are available [/Users/zoki/code/context/.scratch/records/context-reader/issues/03-follow-blocker-tickets.md]
    dependencies: fail
      snapshot_changed: snapshot source differs from the recorded digest [/Users/zoki/code/context/CONTEXT.md] (from /Users/zoki/code/context/.scratch/records/context-reader/acceptances/02-include-project-documents-migration-20260916.md; link "../../../../CONTEXT.md")
      completed_dependency: prerequisite is recorded as completed [/Users/zoki/code/context/.scratch/records/context-reader/issues/02-include-project-documents.md] (from /Users/zoki/code/context/.scratch/records/context-reader/issues/03-follow-blocker-tickets.md; link "02-include-project-documents.md")
      acceptance_criteria_present: at least one nonempty acceptance criterion is authored [/Users/zoki/code/context/.scratch/records/context-reader/issues/02-include-project-documents.md] (from /Users/zoki/code/context/.scratch/records/context-reader/issues/03-follow-blocker-tickets.md; link "02-include-project-documents.md")
      no_blocking_decisions: Blocked by decisions explicitly declares none [/Users/zoki/code/context/.scratch/records/context-reader/issues/02-include-project-documents.md] (from /Users/zoki/code/context/.scratch/records/context-reader/issues/03-follow-blocker-tickets.md; link "02-include-project-documents.md")
      snapshot_changed: snapshot source differs from the recorded digest [/Users/zoki/code/context/CONTEXT.md] (from /Users/zoki/code/context/.scratch/records/context-reader/acceptances/01-read-okf-ticket-migration-20260916.md; link "../../../../CONTEXT.md")
      completed_dependency: prerequisite is recorded as completed [/Users/zoki/code/context/.scratch/records/context-reader/issues/01-read-okf-ticket.md] (from /Users/zoki/code/context/.scratch/records/context-reader/issues/02-include-project-documents.md; link "01-read-okf-ticket.md")
      acceptance_criteria_present: at least one nonempty acceptance criterion is authored [/Users/zoki/code/context/.scratch/records/context-reader/issues/01-read-okf-ticket.md] (from /Users/zoki/code/context/.scratch/records/context-reader/issues/02-include-project-documents.md; link "01-read-okf-ticket.md")
      no_blocking_decisions: Blocked by decisions explicitly declares none [/Users/zoki/code/context/.scratch/records/context-reader/issues/01-read-okf-ticket.md] (from /Users/zoki/code/context/.scratch/records/context-reader/issues/02-include-project-documents.md; link "01-read-okf-ticket.md")
    blocking_decisions: pass
      no_blocking_decisions: Blocked by decisions explicitly declares none [/Users/zoki/code/context/.scratch/records/context-reader/issues/03-follow-blocker-tickets.md]
    excluded: completed_work: work is recorded as completed [/Users/zoki/code/context/.scratch/records/context-reader/issues/03-follow-blocker-tickets.md]
    excluded: not_committed: work is outside current commitments [/Users/zoki/code/context/.scratch/records/context-reader/issues/03-follow-blocker-tickets.md]
    excluded: readiness_blocked: readiness is blocked; inspect its checks [/Users/zoki/code/context/.scratch/records/context-reader/issues/03-follow-blocker-tickets.md]
    acceptance: stale
    acceptance check: fail
    Acceptance record:
      Acceptance: Follow blocker tickets recursively [475808b1-7009-47f4-a32c-0bb6cf897e99] /Users/zoki/code/context/.scratch/records/context-reader/acceptances/03-follow-blocker-tickets-migration-20260916.md (from /Users/zoki/code/context/.scratch/records/context-reader/issues/03-follow-blocker-tickets.md; link "../acceptances/03-follow-blocker-tickets-migration-20260916.md")
      actor: workflow Codex agent /root/orientation_ticket_audit
      decided at: 2026-09-16T13:10:25.221961+00:00
      tested revision (historical): https://github.com/Zokiio/context post-review working-tree:2fedff0f41bf59366f7f25104b5007983162aa08; reader-manifest-sha256:16f14c92945bd59d95d9b39c4ce642f316004628a74f4c881e00a2780f9e19a4
      accepted fingerprint: version 1
      accepted ticketSHA256: c398360e244519bc78ec0baa734b935ef9201adb569e404e8985d09c9e565bef
      accepted criteriaSHA256: 388b25d18b536b59b556a0741dca740b4169ba54fd9609093b970ff7a9846c3c
    Human approvals: none recorded
    Requirements:
      Source:
        unknown [unknown] /Users/zoki/code/context/docs/vision.md (from /Users/zoki/code/context/.scratch/records/context-reader/acceptances/03-follow-blocker-tickets-migration-20260916.md; link "../../../../docs/vision.md")
        status: valid
        recordedSHA256: d8d7fb88699c3310cd5f489d6d44dbf342fe813c372c54485400f6765f5aa2e9
        currentSHA256: d8d7fb88699c3310cd5f489d6d44dbf342fe813c372c54485400f6765f5aa2e9
      Source:
        unknown [unknown] /Users/zoki/code/context/.scratch/context-reader/spec.md (from /Users/zoki/code/context/.scratch/records/context-reader/acceptances/03-follow-blocker-tickets-migration-20260916.md; link "../../../context-reader/spec.md")
        status: valid
        recordedSHA256: 2faf878a2442bfa5fd521ae0511af6bb685dbeb93c0885323a37ae1a18a71f37
        currentSHA256: 2faf878a2442bfa5fd521ae0511af6bb685dbeb93c0885323a37ae1a18a71f37
      Source:
        unknown [unknown] /Users/zoki/code/context/CONTEXT.md (from /Users/zoki/code/context/.scratch/records/context-reader/acceptances/03-follow-blocker-tickets-migration-20260916.md; link "../../../../CONTEXT.md")
        status: stale
        recordedSHA256: a003af0f4845f28fe14191dec210c7ceeabf6a5422fb51e7e0ee7e957d366a55
        currentSHA256: 15cd979f6af442fedec45fd3482741f0cd5362c45900151eab3e0cef452bf9b9
        snapshot_changed: snapshot source differs from the recorded digest [/Users/zoki/code/context/CONTEXT.md] (from /Users/zoki/code/context/.scratch/records/context-reader/acceptances/03-follow-blocker-tickets-migration-20260916.md; link "../../../../CONTEXT.md")
      Source:
        unknown [unknown] /Users/zoki/code/context/docs/adr/0001-one-okf-bundle-per-project.md (from /Users/zoki/code/context/.scratch/records/context-reader/acceptances/03-follow-blocker-tickets-migration-20260916.md; link "../../../../docs/adr/0001-one-okf-bundle-per-project.md")
        status: valid
        recordedSHA256: 44659df72bb86cf15968be3f8b9a838817b4e18d44e1dcfa5addb3793d9c92c5
        currentSHA256: 44659df72bb86cf15968be3f8b9a838817b4e18d44e1dcfa5addb3793d9c92c5
      Source:
        unknown [unknown] /Users/zoki/code/context/docs/adr/0002-work-relationships-in-markdown-sections.md (from /Users/zoki/code/context/.scratch/records/context-reader/acceptances/03-follow-blocker-tickets-migration-20260916.md; link "../../../../docs/adr/0002-work-relationships-in-markdown-sections.md")
        status: valid
        recordedSHA256: 4254ead8e1d55c05f27576151fd635f859a37ce2072022174fe09745440b152f
        currentSHA256: 4254ead8e1d55c05f27576151fd635f859a37ce2072022174fe09745440b152f
      Source:
        unknown [unknown] /Users/zoki/code/context/docs/agents/issue-tracker.md (from /Users/zoki/code/context/.scratch/records/context-reader/acceptances/03-follow-blocker-tickets-migration-20260916.md; link "../../../../docs/agents/issue-tracker.md")
        status: valid
        recordedSHA256: 5f8f038e1b33f595344b9a1a90d4d194331f83a5e88d6522c2e52844d77a21bb
        currentSHA256: 5f8f038e1b33f595344b9a1a90d4d194331f83a5e88d6522c2e52844d77a21bb
    Evidence:
      Source:
        unknown [unknown] /Users/zoki/code/context/.scratch/session-orientation/evidence/legacy-migration.md (from /Users/zoki/code/context/.scratch/records/context-reader/acceptances/03-follow-blocker-tickets-migration-20260916.md; link "../../../session-orientation/evidence/legacy-migration.md")
        status: valid
        recordedSHA256: 7c7e4762cf14e588ed8dfee473344c7b6d35cd144e9bf35a4c629f65959ca756
        currentSHA256: 7c7e4762cf14e588ed8dfee473344c7b6d35cd144e9bf35a4c629f65959ca756
      Source:
        unknown [unknown] /Users/zoki/code/context/.scratch/session-orientation/evidence/legacy-record-snapshots.json (from /Users/zoki/code/context/.scratch/records/context-reader/acceptances/03-follow-blocker-tickets-migration-20260916.md; link "../../../session-orientation/evidence/legacy-record-snapshots.json")
        status: valid
        recordedSHA256: c49497167b3b32ccd86d5de702111ff348544d773d128b19ce185da71e9a527a
        currentSHA256: c49497167b3b32ccd86d5de702111ff348544d773d128b19ce185da71e9a527a
      Source:
        unknown [unknown] /Users/zoki/code/context/.scratch/session-orientation/evidence/legacy-merge-correspondence.json (from /Users/zoki/code/context/.scratch/records/context-reader/acceptances/03-follow-blocker-tickets-migration-20260916.md; link "../../../session-orientation/evidence/legacy-merge-correspondence.json")
        status: valid
        recordedSHA256: db0e67626452182e26fec283c1e1a5bf86d473a3324f0b6925984bc64f88c5d1
        currentSHA256: db0e67626452182e26fec283c1e1a5bf86d473a3324f0b6925984bc64f88c5d1
      Source:
        unknown [unknown] /Users/zoki/code/context/.scratch/context-reader/acceptance-trial.md (from /Users/zoki/code/context/.scratch/records/context-reader/acceptances/03-follow-blocker-tickets-migration-20260916.md; link "../../../context-reader/acceptance-trial.md")
        status: valid
        recordedSHA256: 6807e25b385beb71a12e0386c9274fcbd04dfe3c0577b99ae792b8d1236f4775
        currentSHA256: 6807e25b385beb71a12e0386c9274fcbd04dfe3c0577b99ae792b8d1236f4775
      Source:
        unknown [unknown] /Users/zoki/code/context/.scratch/context-reader/acceptance-trial-manifest.json (from /Users/zoki/code/context/.scratch/records/context-reader/acceptances/03-follow-blocker-tickets-migration-20260916.md; link "../../../context-reader/acceptance-trial-manifest.json")
        status: valid
        recordedSHA256: 7808ffca77fdd670e4b15fc29239c8e02d0eed6f75c6133cf759b2928621c86d
        currentSHA256: 7808ffca77fdd670e4b15fc29239c8e02d0eed6f75c6133cf759b2928621c86d
      Source:
        unknown [unknown] /Users/zoki/code/context/.scratch/context-reader/review-verification-manifest.json (from /Users/zoki/code/context/.scratch/records/context-reader/acceptances/03-follow-blocker-tickets-migration-20260916.md; link "../../../context-reader/review-verification-manifest.json")
        status: valid
        recordedSHA256: 16f14c92945bd59d95d9b39c4ce642f316004628a74f4c881e00a2780f9e19a4
        currentSHA256: 16f14c92945bd59d95d9b39c4ce642f316004628a74f4c881e00a2780f9e19a4
      snapshot_changed: snapshot source differs from the recorded digest [/Users/zoki/code/context/CONTEXT.md] (from /Users/zoki/code/context/.scratch/records/context-reader/acceptances/03-follow-blocker-tickets-migration-20260916.md; link "../../../../CONTEXT.md")
    fingerprint: version 1
      ticketSHA256: c398360e244519bc78ec0baa734b935ef9201adb569e404e8985d09c9e565bef
      criteriaSHA256: 388b25d18b536b59b556a0741dca740b4169ba54fd9609093b970ff7a9846c3c
  Connect existing records through setup [18a3d758-2b28-48d7-a05c-e4ffc225fb8e]
    source: /Users/zoki/code/context/.scratch/records/project-discovery/issues/05-connect-records.md
    identity ambiguous: false
    triage: ready-for-agent; execution: completed; lifecycle: stable
    committed: false; readiness: blocked; eligible: false
    Specifications:
      unknown [unknown] /Users/zoki/code/context/.scratch/project-discovery/spec.md (from /Users/zoki/code/context/.scratch/records/project-discovery/issues/05-connect-records.md; link "../../../project-discovery/spec.md")
    Dependency edges:
      Edge 1: status: fail; cycle: false
        From:
          Connect existing records through setup [18a3d758-2b28-48d7-a05c-e4ffc225fb8e] /Users/zoki/code/context/.scratch/records/project-discovery/issues/05-connect-records.md
        To:
          Resolve scope from directories and aliases [9cb1ab9e-8d7c-4358-948f-1b928ab2472a] /Users/zoki/code/context/.scratch/records/project-discovery/issues/02-resolve-scope.md (from /Users/zoki/code/context/.scratch/records/project-discovery/issues/05-connect-records.md; link "02-resolve-scope.md")
        snapshot_changed: snapshot source differs from the recorded digest [/Users/zoki/code/context/CONTEXT.md] (from /Users/zoki/code/context/.scratch/records/project-discovery/acceptances/02-scope-20260917.md; link "../../../../CONTEXT.md")
        completed_dependency: prerequisite is recorded as completed [/Users/zoki/code/context/.scratch/records/project-discovery/issues/02-resolve-scope.md] (from /Users/zoki/code/context/.scratch/records/project-discovery/issues/05-connect-records.md; link "02-resolve-scope.md")
        acceptance_criteria_present: at least one nonempty acceptance criterion is authored [/Users/zoki/code/context/.scratch/records/project-discovery/issues/02-resolve-scope.md] (from /Users/zoki/code/context/.scratch/records/project-discovery/issues/05-connect-records.md; link "02-resolve-scope.md")
        no_blocking_decisions: Blocked by decisions explicitly declares none [/Users/zoki/code/context/.scratch/records/project-discovery/issues/02-resolve-scope.md] (from /Users/zoki/code/context/.scratch/records/project-discovery/issues/05-connect-records.md; link "02-resolve-scope.md")
        snapshot_changed: snapshot source differs from the recorded digest [/Users/zoki/code/context/CONTEXT.md] (from /Users/zoki/code/context/.scratch/records/project-discovery/acceptances/01-configuration-reassessed-20260917.md; link "../../../../CONTEXT.md")
        completed_dependency: prerequisite is recorded as completed [/Users/zoki/code/context/.scratch/records/project-discovery/issues/01-read-configuration.md] (from /Users/zoki/code/context/.scratch/records/project-discovery/issues/02-resolve-scope.md; link "01-read-configuration.md")
        acceptance_criteria_present: at least one nonempty acceptance criterion is authored [/Users/zoki/code/context/.scratch/records/project-discovery/issues/01-read-configuration.md] (from /Users/zoki/code/context/.scratch/records/project-discovery/issues/02-resolve-scope.md; link "01-read-configuration.md")
        no_blocking_decisions: Blocked by decisions explicitly declares none [/Users/zoki/code/context/.scratch/records/project-discovery/issues/01-read-configuration.md] (from /Users/zoki/code/context/.scratch/records/project-discovery/issues/02-resolve-scope.md; link "01-read-configuration.md")
      Edge 2: status: fail; cycle: false
        From:
          Resolve scope from directories and aliases [9cb1ab9e-8d7c-4358-948f-1b928ab2472a] /Users/zoki/code/context/.scratch/records/project-discovery/issues/02-resolve-scope.md
        To:
          Read discovery configuration [591c566c-1d96-4824-8cf0-aa775a69a35f] /Users/zoki/code/context/.scratch/records/project-discovery/issues/01-read-configuration.md (from /Users/zoki/code/context/.scratch/records/project-discovery/issues/02-resolve-scope.md; link "01-read-configuration.md")
        snapshot_changed: snapshot source differs from the recorded digest [/Users/zoki/code/context/CONTEXT.md] (from /Users/zoki/code/context/.scratch/records/project-discovery/acceptances/01-configuration-reassessed-20260917.md; link "../../../../CONTEXT.md")
        completed_dependency: prerequisite is recorded as completed [/Users/zoki/code/context/.scratch/records/project-discovery/issues/01-read-configuration.md] (from /Users/zoki/code/context/.scratch/records/project-discovery/issues/02-resolve-scope.md; link "01-read-configuration.md")
        acceptance_criteria_present: at least one nonempty acceptance criterion is authored [/Users/zoki/code/context/.scratch/records/project-discovery/issues/01-read-configuration.md] (from /Users/zoki/code/context/.scratch/records/project-discovery/issues/02-resolve-scope.md; link "01-read-configuration.md")
        no_blocking_decisions: Blocked by decisions explicitly declares none [/Users/zoki/code/context/.scratch/records/project-discovery/issues/01-read-configuration.md] (from /Users/zoki/code/context/.scratch/records/project-discovery/issues/02-resolve-scope.md; link "01-read-configuration.md")
        no_dependencies: Blocked by explicitly declares none [/Users/zoki/code/context/.scratch/records/project-discovery/issues/01-read-configuration.md]
    acceptance_criteria: pass
      acceptance_criteria_present: at least one nonempty acceptance criterion is authored [/Users/zoki/code/context/.scratch/records/project-discovery/issues/05-connect-records.md]
    required_context: pass
      required_context_available: all explicitly selected requirement and context sources are available [/Users/zoki/code/context/.scratch/records/project-discovery/issues/05-connect-records.md]
    dependencies: fail
      snapshot_changed: snapshot source differs from the recorded digest [/Users/zoki/code/context/CONTEXT.md] (from /Users/zoki/code/context/.scratch/records/project-discovery/acceptances/02-scope-20260917.md; link "../../../../CONTEXT.md")
      completed_dependency: prerequisite is recorded as completed [/Users/zoki/code/context/.scratch/records/project-discovery/issues/02-resolve-scope.md] (from /Users/zoki/code/context/.scratch/records/project-discovery/issues/05-connect-records.md; link "02-resolve-scope.md")
      acceptance_criteria_present: at least one nonempty acceptance criterion is authored [/Users/zoki/code/context/.scratch/records/project-discovery/issues/02-resolve-scope.md] (from /Users/zoki/code/context/.scratch/records/project-discovery/issues/05-connect-records.md; link "02-resolve-scope.md")
      no_blocking_decisions: Blocked by decisions explicitly declares none [/Users/zoki/code/context/.scratch/records/project-discovery/issues/02-resolve-scope.md] (from /Users/zoki/code/context/.scratch/records/project-discovery/issues/05-connect-records.md; link "02-resolve-scope.md")
      snapshot_changed: snapshot source differs from the recorded digest [/Users/zoki/code/context/CONTEXT.md] (from /Users/zoki/code/context/.scratch/records/project-discovery/acceptances/01-configuration-reassessed-20260917.md; link "../../../../CONTEXT.md")
      completed_dependency: prerequisite is recorded as completed [/Users/zoki/code/context/.scratch/records/project-discovery/issues/01-read-configuration.md] (from /Users/zoki/code/context/.scratch/records/project-discovery/issues/02-resolve-scope.md; link "01-read-configuration.md")
      acceptance_criteria_present: at least one nonempty acceptance criterion is authored [/Users/zoki/code/context/.scratch/records/project-discovery/issues/01-read-configuration.md] (from /Users/zoki/code/context/.scratch/records/project-discovery/issues/02-resolve-scope.md; link "01-read-configuration.md")
      no_blocking_decisions: Blocked by decisions explicitly declares none [/Users/zoki/code/context/.scratch/records/project-discovery/issues/01-read-configuration.md] (from /Users/zoki/code/context/.scratch/records/project-discovery/issues/02-resolve-scope.md; link "01-read-configuration.md")
    blocking_decisions: pass
      no_blocking_decisions: Blocked by decisions explicitly declares none [/Users/zoki/code/context/.scratch/records/project-discovery/issues/05-connect-records.md]
    excluded: completed_work: work is recorded as completed [/Users/zoki/code/context/.scratch/records/project-discovery/issues/05-connect-records.md]
    excluded: not_committed: work is outside current commitments [/Users/zoki/code/context/.scratch/records/project-discovery/issues/05-connect-records.md]
    excluded: readiness_blocked: readiness is blocked; inspect its checks [/Users/zoki/code/context/.scratch/records/project-discovery/issues/05-connect-records.md]
    acceptance: stale
    acceptance check: fail
    Acceptance record:
      Reassessment: Connect existing records through setup [217208e7-d4cc-42c2-970a-c8c2fa566f8f] /Users/zoki/code/context/.scratch/records/project-discovery/acceptances/05-setup-write-reassessed-20260917.md (from /Users/zoki/code/context/.scratch/records/project-discovery/issues/05-connect-records.md; link "../acceptances/05-setup-write-reassessed-20260917.md")
      actor: workflow Codex /root/configuration_pr_review
      decided at: 2026-09-17T10:06:18+00:00
      tested revision (historical): https://github.com/Zokiio/context c59d12e6886874a00d42b821be24615a93c95ef6
      accepted fingerprint: version 1
      accepted ticketSHA256: 8dc4f9037e852d77428bfaafd993ad14e942418c4083965dae3dfb815da72d99
      accepted criteriaSHA256: 14e4c1188155985ed1a052a27ae440322d183c9ecf9ebeaa9937aecd0f6d5f3d
    Human approvals: none recorded
    Requirements:
      Source:
        unknown [unknown] /Users/zoki/code/context/.scratch/project-discovery/spec.md (from /Users/zoki/code/context/.scratch/records/project-discovery/acceptances/05-setup-write-reassessed-20260917.md; link "../../../project-discovery/spec.md")
        status: valid
        recordedSHA256: d54c182412a9ee711e1b7a91e2a5ea6c4174dbd8567304ff44fa109a65c41d67
        currentSHA256: d54c182412a9ee711e1b7a91e2a5ea6c4174dbd8567304ff44fa109a65c41d67
      Source:
        unknown [unknown] /Users/zoki/code/context/docs/vision.md (from /Users/zoki/code/context/.scratch/records/project-discovery/acceptances/05-setup-write-reassessed-20260917.md; link "../../../../docs/vision.md")
        status: valid
        recordedSHA256: d8d7fb88699c3310cd5f489d6d44dbf342fe813c372c54485400f6765f5aa2e9
        currentSHA256: d8d7fb88699c3310cd5f489d6d44dbf342fe813c372c54485400f6765f5aa2e9
      Source:
        unknown [unknown] /Users/zoki/code/context/CONTEXT.md (from /Users/zoki/code/context/.scratch/records/project-discovery/acceptances/05-setup-write-reassessed-20260917.md; link "../../../../CONTEXT.md")
        status: stale
        recordedSHA256: a003af0f4845f28fe14191dec210c7ceeabf6a5422fb51e7e0ee7e957d366a55
        currentSHA256: 15cd979f6af442fedec45fd3482741f0cd5362c45900151eab3e0cef452bf9b9
        snapshot_changed: snapshot source differs from the recorded digest [/Users/zoki/code/context/CONTEXT.md] (from /Users/zoki/code/context/.scratch/records/project-discovery/acceptances/05-setup-write-reassessed-20260917.md; link "../../../../CONTEXT.md")
      Source:
        unknown [unknown] /Users/zoki/code/context/docs/adr/0004-directory-specific-project-selection.md (from /Users/zoki/code/context/.scratch/records/project-discovery/acceptances/05-setup-write-reassessed-20260917.md; link "../../../../docs/adr/0004-directory-specific-project-selection.md")
        status: valid
        recordedSHA256: efd4654de6c787345c341c26a0076fb605214b3d9aeecc3a1ec01f93752cefbf
        currentSHA256: efd4654de6c787345c341c26a0076fb605214b3d9aeecc3a1ec01f93752cefbf
      Source:
        unknown [unknown] /Users/zoki/code/context/docs/agents/acceptance.md (from /Users/zoki/code/context/.scratch/records/project-discovery/acceptances/05-setup-write-reassessed-20260917.md; link "../../../../docs/agents/acceptance.md")
        status: valid
        recordedSHA256: fbde78ab62733d1bbe091fba6a867f30f50076c819ee3b0783ac4dcd2d7bf654
        currentSHA256: fbde78ab62733d1bbe091fba6a867f30f50076c819ee3b0783ac4dcd2d7bf654
    Evidence:
      Source:
        unknown [unknown] /Users/zoki/code/context/.scratch/project-discovery/evidence/05-setup-write-final-verification.md (from /Users/zoki/code/context/.scratch/records/project-discovery/acceptances/05-setup-write-reassessed-20260917.md; link "../../../project-discovery/evidence/05-setup-write-final-verification.md")
        status: valid
        recordedSHA256: 04e449871ec09513a52df65e640bdd9915837b1732615eaba7e38196ca47b58f
        currentSHA256: 04e449871ec09513a52df65e640bdd9915837b1732615eaba7e38196ca47b58f
      Source:
        unknown [unknown] /Users/zoki/code/context/.scratch/project-discovery/evidence/05-setup-write-final/checks.json (from /Users/zoki/code/context/.scratch/records/project-discovery/acceptances/05-setup-write-reassessed-20260917.md; link "../../../project-discovery/evidence/05-setup-write-final/checks.json")
        status: valid
        recordedSHA256: cd47a7e455595301b6709a427345916762cf9f056ce9a134b83714a025b2edf9
        currentSHA256: cd47a7e455595301b6709a427345916762cf9f056ce9a134b83714a025b2edf9
      Source:
        unknown [unknown] /Users/zoki/code/context/.scratch/project-discovery/evidence/05-setup-write-final/race.json (from /Users/zoki/code/context/.scratch/records/project-discovery/acceptances/05-setup-write-reassessed-20260917.md; link "../../../project-discovery/evidence/05-setup-write-final/race.json")
        status: valid
        recordedSHA256: 41f3d0c61b58e8adcd09b0e659888b16e7fe723834da78f371cb91f4d43e63d8
        currentSHA256: 41f3d0c61b58e8adcd09b0e659888b16e7fe723834da78f371cb91f4d43e63d8
      Source:
        unknown [unknown] /Users/zoki/code/context/.scratch/project-discovery/evidence/05-setup-write-final/source-after-merge.json (from /Users/zoki/code/context/.scratch/records/project-discovery/acceptances/05-setup-write-reassessed-20260917.md; link "../../../project-discovery/evidence/05-setup-write-final/source-after-merge.json")
        status: valid
        recordedSHA256: 1a252a1f902e020ef73d5600afa1c5d00a184f6dc0cd66c16eeae135832df1a4
        currentSHA256: 1a252a1f902e020ef73d5600afa1c5d00a184f6dc0cd66c16eeae135832df1a4
      Source:
        unknown [unknown] /Users/zoki/code/context/.scratch/project-discovery/evidence/05-setup-write-final/source-before-merge.json (from /Users/zoki/code/context/.scratch/records/project-discovery/acceptances/05-setup-write-reassessed-20260917.md; link "../../../project-discovery/evidence/05-setup-write-final/source-before-merge.json")
        status: valid
        recordedSHA256: 1a252a1f902e020ef73d5600afa1c5d00a184f6dc0cd66c16eeae135832df1a4
        currentSHA256: 1a252a1f902e020ef73d5600afa1c5d00a184f6dc0cd66c16eeae135832df1a4
      Source:
        unknown [unknown] /Users/zoki/code/context/.scratch/project-discovery/evidence/05-setup-write-final/spec/cli-permission-recheck.json (from /Users/zoki/code/context/.scratch/records/project-discovery/acceptances/05-setup-write-reassessed-20260917.md; link "../../../project-discovery/evidence/05-setup-write-final/spec/cli-permission-recheck.json")
        status: valid
        recordedSHA256: 6e676d4959a77d0a6732c29780c44e5b92ad606b1689dfd121780a6d6adb3a9e
        currentSHA256: 6e676d4959a77d0a6732c29780c44e5b92ad606b1689dfd121780a6d6adb3a9e
      Source:
        unknown [unknown] /Users/zoki/code/context/.scratch/project-discovery/evidence/05-setup-write-final/spec/final-integrity-and-results.json (from /Users/zoki/code/context/.scratch/records/project-discovery/acceptances/05-setup-write-reassessed-20260917.md; link "../../../project-discovery/evidence/05-setup-write-final/spec/final-integrity-and-results.json")
        status: valid
        recordedSHA256: 0abc5a2eeeccdcb26bd369d63ac058560d22df24119f6d02fdfd5034f0421ca5
        currentSHA256: 0abc5a2eeeccdcb26bd369d63ac058560d22df24119f6d02fdfd5034f0421ca5
      Source:
        unknown [unknown] /Users/zoki/code/context/.scratch/project-discovery/evidence/05-setup-write-final/spec/linux-cli-build.json (from /Users/zoki/code/context/.scratch/records/project-discovery/acceptances/05-setup-write-reassessed-20260917.md; link "../../../project-discovery/evidence/05-setup-write-final/spec/linux-cli-build.json")
        status: valid
        recordedSHA256: 0bb527fe1710692258c1ce2b3a49316612f31db29fe1f0d17a7fbeeeeb4bea68
        currentSHA256: 0bb527fe1710692258c1ce2b3a49316612f31db29fe1f0d17a7fbeeeeb4bea68
      Source:
        unknown [unknown] /Users/zoki/code/context/.scratch/project-discovery/evidence/05-setup-write-final/spec/linux-overlay.json (from /Users/zoki/code/context/.scratch/records/project-discovery/acceptances/05-setup-write-reassessed-20260917.md; link "../../../project-discovery/evidence/05-setup-write-final/spec/linux-overlay.json")
        status: valid
        recordedSHA256: de1770a096f68e70f2eb1c20d7b56ec25bb82b47a81b1e4a8ed410fa7c2d1ef1
        currentSHA256: de1770a096f68e70f2eb1c20d7b56ec25bb82b47a81b1e4a8ed410fa7c2d1ef1
      Source:
        unknown [unknown] /Users/zoki/code/context/.scratch/project-discovery/evidence/05-setup-write-final/spec/linux-test-build.json (from /Users/zoki/code/context/.scratch/records/project-discovery/acceptances/05-setup-write-reassessed-20260917.md; link "../../../project-discovery/evidence/05-setup-write-final/spec/linux-test-build.json")
        status: valid
        recordedSHA256: b00332bbb6ca2222601102e22e09c4969f3330eb5760079238d849be2dd95bc0
        currentSHA256: b00332bbb6ca2222601102e22e09c4969f3330eb5760079238d849be2dd95bc0
      Source:
        unknown [unknown] /Users/zoki/code/context/.scratch/project-discovery/evidence/05-setup-write-final/spec/native-linux-cli-runtime.json (from /Users/zoki/code/context/.scratch/records/project-discovery/acceptances/05-setup-write-reassessed-20260917.md; link "../../../project-discovery/evidence/05-setup-write-final/spec/native-linux-cli-runtime.json")
        status: valid
        recordedSHA256: 7a692f6cb9c5ec90b1c84509a141119f7e72217db051c4e76942c7da215daea3
        currentSHA256: 7a692f6cb9c5ec90b1c84509a141119f7e72217db051c4e76942c7da215daea3
      Source:
        unknown [unknown] /Users/zoki/code/context/.scratch/project-discovery/evidence/05-setup-write-final/spec/native-linux-runtime.json (from /Users/zoki/code/context/.scratch/records/project-discovery/acceptances/05-setup-write-reassessed-20260917.md; link "../../../project-discovery/evidence/05-setup-write-final/spec/native-linux-runtime.json")
        status: valid
        recordedSHA256: 04f2949dd4d9c8dbbcf51cbc044b64c5c94857f87fc9a86c2ea1272fc40bdd03
        currentSHA256: 04f2949dd4d9c8dbbcf51cbc044b64c5c94857f87fc9a86c2ea1272fc40bdd03
      Source:
        unknown [unknown] /Users/zoki/code/context/.scratch/project-discovery/evidence/05-setup-write-final/spec/native-macos-runtime.json (from /Users/zoki/code/context/.scratch/records/project-discovery/acceptances/05-setup-write-reassessed-20260917.md; link "../../../project-discovery/evidence/05-setup-write-final/spec/native-macos-runtime.json")
        status: valid
        recordedSHA256: 5feddf57c8e55400b2e647fcbbc89482c55ef48b95dc7dd51eb66fd5415155e5
        currentSHA256: 5feddf57c8e55400b2e647fcbbc89482c55ef48b95dc7dd51eb66fd5415155e5
      Source:
        unknown [unknown] /Users/zoki/code/context/.scratch/project-discovery/evidence/05-setup-write-final/spec/native-overlay.json (from /Users/zoki/code/context/.scratch/records/project-discovery/acceptances/05-setup-write-reassessed-20260917.md; link "../../../project-discovery/evidence/05-setup-write-final/spec/native-overlay.json")
        status: valid
        recordedSHA256: dd37ab8b24c3c948ecdea0ca4cf1686374a4362d53ba7efacad3b1efc0213e7c
        currentSHA256: dd37ab8b24c3c948ecdea0ca4cf1686374a4362d53ba7efacad3b1efc0213e7c
      Source:
        unknown [unknown] /Users/zoki/code/context/.scratch/project-discovery/evidence/05-setup-write-final/spec/preservation-evidence.json (from /Users/zoki/code/context/.scratch/records/project-discovery/acceptances/05-setup-write-reassessed-20260917.md; link "../../../project-discovery/evidence/05-setup-write-final/spec/preservation-evidence.json")
        status: valid
        recordedSHA256: 31d89db04bbfeeda3d7cae8ccfc37742a8a39d245e02897ee1c8690a3f396999
        currentSHA256: 31d89db04bbfeeda3d7cae8ccfc37742a8a39d245e02897ee1c8690a3f396999
      Source:
        unknown [unknown] /Users/zoki/code/context/.scratch/project-discovery/evidence/05-setup-write-final/spec/preservation-probe-command.json (from /Users/zoki/code/context/.scratch/records/project-discovery/acceptances/05-setup-write-reassessed-20260917.md; link "../../../project-discovery/evidence/05-setup-write-final/spec/preservation-probe-command.json")
        status: valid
        recordedSHA256: 769cd4b306e2708272dd2e4bc9c876937f95741c37cce669ad207a5812e42a57
        currentSHA256: 769cd4b306e2708272dd2e4bc9c876937f95741c37cce669ad207a5812e42a57
      Source:
        unknown [unknown] /Users/zoki/code/context/.scratch/project-discovery/evidence/05-setup-write-final/spec/probes/cli-permission-recheck.py (from /Users/zoki/code/context/.scratch/records/project-discovery/acceptances/05-setup-write-reassessed-20260917.md; link "../../../project-discovery/evidence/05-setup-write-final/spec/probes/cli-permission-recheck.py")
        status: valid
        recordedSHA256: b8e0988608310c4a34585dd2f5be2fb3441f86b3dcea1d18f8266e3127161d8f
        currentSHA256: b8e0988608310c4a34585dd2f5be2fb3441f86b3dcea1d18f8266e3127161d8f
      Source:
        unknown [unknown] /Users/zoki/code/context/.scratch/project-discovery/evidence/05-setup-write-final/spec/probes/preservation-probe.py (from /Users/zoki/code/context/.scratch/records/project-discovery/acceptances/05-setup-write-reassessed-20260917.md; link "../../../project-discovery/evidence/05-setup-write-final/spec/probes/preservation-probe.py")
        status: valid
        recordedSHA256: 6811399cba04f39b4605c1ece29f1c4685ad353005a226d8cd2152ce6cdc6693
        currentSHA256: 6811399cba04f39b4605c1ece29f1c4685ad353005a226d8cd2152ce6cdc6693
      Source:
        unknown [unknown] /Users/zoki/code/context/.scratch/project-discovery/evidence/05-setup-write-final/spec/probes/setup_recheck_linux_clock_test.go (from /Users/zoki/code/context/.scratch/records/project-discovery/acceptances/05-setup-write-reassessed-20260917.md; link "../../../project-discovery/evidence/05-setup-write-final/spec/probes/setup_recheck_linux_clock_test.go")
        status: valid
        recordedSHA256: 60681e3421263a1ee417e2c6884767f704b21d726419152617572c6a53701421
        currentSHA256: 60681e3421263a1ee417e2c6884767f704b21d726419152617572c6a53701421
      Source:
        unknown [unknown] /Users/zoki/code/context/.scratch/project-discovery/evidence/05-setup-write-final/spec/probes/setup_recheck_linux_revocation_test.go (from /Users/zoki/code/context/.scratch/records/project-discovery/acceptances/05-setup-write-reassessed-20260917.md; link "../../../project-discovery/evidence/05-setup-write-final/spec/probes/setup_recheck_linux_revocation_test.go")
        status: valid
        recordedSHA256: 937172027c2be4cdc0e481768ca68eac37e5c6b17e236228dbe1bc100286c846
        currentSHA256: 937172027c2be4cdc0e481768ca68eac37e5c6b17e236228dbe1bc100286c846
      Source:
        unknown [unknown] /Users/zoki/code/context/.scratch/project-discovery/evidence/05-setup-write-final/spec/probes/setup_recheck_linux_test.go (from /Users/zoki/code/context/.scratch/records/project-discovery/acceptances/05-setup-write-reassessed-20260917.md; link "../../../project-discovery/evidence/05-setup-write-final/spec/probes/setup_recheck_linux_test.go")
        status: valid
        recordedSHA256: d01796ff1677c14cd4651b13eeca81d09704f6bc4eb165f5c15af90a9090f689
        currentSHA256: d01796ff1677c14cd4651b13eeca81d09704f6bc4eb165f5c15af90a9090f689
      Source:
        unknown [unknown] /Users/zoki/code/context/.scratch/project-discovery/evidence/05-setup-write-final/spec/probes/setup_recheck_probe_test.go (from /Users/zoki/code/context/.scratch/records/project-discovery/acceptances/05-setup-write-reassessed-20260917.md; link "../../../project-discovery/evidence/05-setup-write-final/spec/probes/setup_recheck_probe_test.go")
        status: valid
        recordedSHA256: c4f1dd946825cd519e413546e656047187711d1ea31a521721871cb0852fc829
        currentSHA256: c4f1dd946825cd519e413546e656047187711d1ea31a521721871cb0852fc829
      Source:
        unknown [unknown] /Users/zoki/code/context/.scratch/project-discovery/evidence/05-setup-write-final/spec/probes/setup_recheck_process_test.go (from /Users/zoki/code/context/.scratch/records/project-discovery/acceptances/05-setup-write-reassessed-20260917.md; link "../../../project-discovery/evidence/05-setup-write-final/spec/probes/setup_recheck_process_test.go")
        status: valid
        recordedSHA256: 74846c619a2fa5f5c00f60a91fd66ceaffa489a24953811a12d70491a3bfc2a7
        currentSHA256: 74846c619a2fa5f5c00f60a91fd66ceaffa489a24953811a12d70491a3bfc2a7
      Source:
        unknown [unknown] /Users/zoki/code/context/.scratch/project-discovery/evidence/05-setup-write-final/spec/reader-build.json (from /Users/zoki/code/context/.scratch/records/project-discovery/acceptances/05-setup-write-reassessed-20260917.md; link "../../../project-discovery/evidence/05-setup-write-final/spec/reader-build.json")
        status: valid
        recordedSHA256: 8aacebb5c9237b1f0d041ebeb739c9808bb0b2407557fe1387be2545448fe769
        currentSHA256: 8aacebb5c9237b1f0d041ebeb739c9808bb0b2407557fe1387be2545448fe769
      Source:
        unknown [unknown] /Users/zoki/code/context/.scratch/project-discovery/evidence/05-setup-write-final/spec/source-manifest.json (from /Users/zoki/code/context/.scratch/records/project-discovery/acceptances/05-setup-write-reassessed-20260917.md; link "../../../project-discovery/evidence/05-setup-write-final/spec/source-manifest.json")
        status: valid
        recordedSHA256: f156c57dcc830550d484a942b9da845ed41345ffdd70f315be5f56e8063725ed
        currentSHA256: f156c57dcc830550d484a942b9da845ed41345ffdd70f315be5f56e8063725ed
      Source:
        unknown [unknown] /Users/zoki/code/context/.scratch/project-discovery/evidence/05-setup-write-final/spec/spec-setup-recheck-c59d12e.md (from /Users/zoki/code/context/.scratch/records/project-discovery/acceptances/05-setup-write-reassessed-20260917.md; link "../../../project-discovery/evidence/05-setup-write-final/spec/spec-setup-recheck-c59d12e.md")
        status: valid
        recordedSHA256: 8615f29d2b95d6b91acd018b5a7ef1a34a1f5d80a211b9bf585dd0f3714665bd
        currentSHA256: 8615f29d2b95d6b91acd018b5a7ef1a34a1f5d80a211b9bf585dd0f3714665bd
      Source:
        unknown [unknown] /Users/zoki/code/context/.scratch/project-discovery/evidence/05-setup-write-final/spec/task-context-delivery.json (from /Users/zoki/code/context/.scratch/records/project-discovery/acceptances/05-setup-write-reassessed-20260917.md; link "../../../project-discovery/evidence/05-setup-write-final/spec/task-context-delivery.json")
        status: valid
        recordedSHA256: b42340cc8508dfea4ee93a83b8f593db1834598bdba7de7305b1d3705d51e71a
        currentSHA256: b42340cc8508dfea4ee93a83b8f593db1834598bdba7de7305b1d3705d51e71a
      Source:
        unknown [unknown] /Users/zoki/code/context/.scratch/project-discovery/evidence/05-setup-write-final/standards-physical-lock-final.md (from /Users/zoki/code/context/.scratch/records/project-discovery/acceptances/05-setup-write-reassessed-20260917.md; link "../../../project-discovery/evidence/05-setup-write-final/standards-physical-lock-final.md")
        status: valid
        recordedSHA256: e3d959985713d8e299c74b7a26c2e3bcf93cc579b6e03229545ca519377f23e5
        currentSHA256: e3d959985713d8e299c74b7a26c2e3bcf93cc579b6e03229545ca519377f23e5
      Source:
        unknown [unknown] /Users/zoki/code/context/.scratch/project-discovery/evidence/05-setup-write-final/standards-physical-lock-probe.json (from /Users/zoki/code/context/.scratch/records/project-discovery/acceptances/05-setup-write-reassessed-20260917.md; link "../../../project-discovery/evidence/05-setup-write-final/standards-physical-lock-probe.json")
        status: valid
        recordedSHA256: e624d4b28b61eaad94588684a4a29c47f9c48fa315e4206db0b19aa7d26a2f12
        currentSHA256: e624d4b28b61eaad94588684a4a29c47f9c48fa315e4206db0b19aa7d26a2f12
      Source:
        unknown [unknown] /Users/zoki/code/context/.scratch/project-discovery/evidence/05-setup-write-final/standards-physical-lock-source-before.json (from /Users/zoki/code/context/.scratch/records/project-discovery/acceptances/05-setup-write-reassessed-20260917.md; link "../../../project-discovery/evidence/05-setup-write-final/standards-physical-lock-source-before.json")
        status: valid
        recordedSHA256: c67c8ca79315de7b878b282ee9742825360272692dbadc4934d3b7d5338742bc
        currentSHA256: c67c8ca79315de7b878b282ee9742825360272692dbadc4934d3b7d5338742bc
      Source:
        unknown [unknown] /Users/zoki/code/context/.scratch/project-discovery/evidence/05-setup-write-final/standards-physical-lock-source-pinned.json (from /Users/zoki/code/context/.scratch/records/project-discovery/acceptances/05-setup-write-reassessed-20260917.md; link "../../../project-discovery/evidence/05-setup-write-final/standards-physical-lock-source-pinned.json")
        status: valid
        recordedSHA256: 5dab78d14e204b396d97b448e3e9a1fe1ab1543985517b75aa92cd0e6cb70108
        currentSHA256: 5dab78d14e204b396d97b448e3e9a1fe1ab1543985517b75aa92cd0e6cb70108
      Source:
        unknown [unknown] /Users/zoki/code/context/.scratch/project-discovery/evidence/05-setup-write-final/tests.json (from /Users/zoki/code/context/.scratch/records/project-discovery/acceptances/05-setup-write-reassessed-20260917.md; link "../../../project-discovery/evidence/05-setup-write-final/tests.json")
        status: valid
        recordedSHA256: 3fa1a30540938c1d3f51264300057166c7dd1a6462c619b24ab85a47d6b226da
        currentSHA256: 3fa1a30540938c1d3f51264300057166c7dd1a6462c619b24ab85a47d6b226da
      snapshot_changed: snapshot source differs from the recorded digest [/Users/zoki/code/context/CONTEXT.md] (from /Users/zoki/code/context/.scratch/records/project-discovery/acceptances/05-setup-write-reassessed-20260917.md; link "../../../../CONTEXT.md")
    fingerprint: version 1
      ticketSHA256: 8dc4f9037e852d77428bfaafd993ad14e942418c4083965dae3dfb815da72d99
      criteriaSHA256: 14e4c1188155985ed1a052a27ae440322d183c9ecf9ebeaa9937aecd0f6d5f3d
  Resume a task without recovery notes [275621c7-0090-4d6b-95ab-04b343e9141e]
    source: /Users/zoki/code/context/.scratch/records/cli-wayfinding/issues/03-resume-without-notes.md
    identity ambiguous: false
    triage: ready-for-agent; execution: completed; lifecycle: stable
    committed: true; readiness: blocked; eligible: false
    Specifications:
      unknown [unknown] /Users/zoki/code/context/.scratch/cli-wayfinding/spec.md (from /Users/zoki/code/context/.scratch/records/cli-wayfinding/issues/03-resume-without-notes.md; link "../../../cli-wayfinding/spec.md")
    Dependency edges:
      Edge 1: status: fail; cycle: false
        From:
          Resume a task without recovery notes [275621c7-0090-4d6b-95ab-04b343e9141e] /Users/zoki/code/context/.scratch/records/cli-wayfinding/issues/03-resume-without-notes.md
        To:
          Share captured sources between readers [0ab38e7a-c417-4f5d-a1e6-3d012b785952] /Users/zoki/code/context/.scratch/records/cli-wayfinding/issues/01-share-captured-sources.md (from /Users/zoki/code/context/.scratch/records/cli-wayfinding/issues/03-resume-without-notes.md; link "01-share-captured-sources.md")
        snapshot_changed: snapshot source differs from the recorded digest [/Users/zoki/code/context/docs/readers.md] (from /Users/zoki/code/context/.scratch/records/cli-wayfinding/acceptances/01-share-captured-sources-compatibility-20260919.md; link "../../../../docs/readers.md")
        snapshot_changed: snapshot source differs from the recorded digest [/Users/zoki/code/context/docs/discovery.md] (from /Users/zoki/code/context/.scratch/records/cli-wayfinding/acceptances/01-share-captured-sources-compatibility-20260919.md; link "../../../../docs/discovery.md")
        completed_dependency: prerequisite is recorded as completed [/Users/zoki/code/context/.scratch/records/cli-wayfinding/issues/01-share-captured-sources.md] (from /Users/zoki/code/context/.scratch/records/cli-wayfinding/issues/03-resume-without-notes.md; link "01-share-captured-sources.md")
        acceptance_criteria_present: at least one nonempty acceptance criterion is authored [/Users/zoki/code/context/.scratch/records/cli-wayfinding/issues/01-share-captured-sources.md] (from /Users/zoki/code/context/.scratch/records/cli-wayfinding/issues/03-resume-without-notes.md; link "01-share-captured-sources.md")
        no_blocking_decisions: Blocked by decisions explicitly declares none [/Users/zoki/code/context/.scratch/records/cli-wayfinding/issues/01-share-captured-sources.md] (from /Users/zoki/code/context/.scratch/records/cli-wayfinding/issues/03-resume-without-notes.md; link "01-share-captured-sources.md")
        no_dependencies: Blocked by explicitly declares none [/Users/zoki/code/context/.scratch/records/cli-wayfinding/issues/01-share-captured-sources.md]
    acceptance_criteria: pass
      acceptance_criteria_present: at least one nonempty acceptance criterion is authored [/Users/zoki/code/context/.scratch/records/cli-wayfinding/issues/03-resume-without-notes.md]
    required_context: pass
      required_context_available: all explicitly selected requirement and context sources are available [/Users/zoki/code/context/.scratch/records/cli-wayfinding/issues/03-resume-without-notes.md]
    dependencies: fail
      snapshot_changed: snapshot source differs from the recorded digest [/Users/zoki/code/context/docs/readers.md] (from /Users/zoki/code/context/.scratch/records/cli-wayfinding/acceptances/01-share-captured-sources-compatibility-20260919.md; link "../../../../docs/readers.md")
      snapshot_changed: snapshot source differs from the recorded digest [/Users/zoki/code/context/docs/discovery.md] (from /Users/zoki/code/context/.scratch/records/cli-wayfinding/acceptances/01-share-captured-sources-compatibility-20260919.md; link "../../../../docs/discovery.md")
      completed_dependency: prerequisite is recorded as completed [/Users/zoki/code/context/.scratch/records/cli-wayfinding/issues/01-share-captured-sources.md] (from /Users/zoki/code/context/.scratch/records/cli-wayfinding/issues/03-resume-without-notes.md; link "01-share-captured-sources.md")
      acceptance_criteria_present: at least one nonempty acceptance criterion is authored [/Users/zoki/code/context/.scratch/records/cli-wayfinding/issues/01-share-captured-sources.md] (from /Users/zoki/code/context/.scratch/records/cli-wayfinding/issues/03-resume-without-notes.md; link "01-share-captured-sources.md")
      no_blocking_decisions: Blocked by decisions explicitly declares none [/Users/zoki/code/context/.scratch/records/cli-wayfinding/issues/01-share-captured-sources.md] (from /Users/zoki/code/context/.scratch/records/cli-wayfinding/issues/03-resume-without-notes.md; link "01-share-captured-sources.md")
    blocking_decisions: pass
      no_blocking_decisions: Blocked by decisions explicitly declares none [/Users/zoki/code/context/.scratch/records/cli-wayfinding/issues/03-resume-without-notes.md]
    excluded: completed_work: work is recorded as completed [/Users/zoki/code/context/.scratch/records/cli-wayfinding/issues/03-resume-without-notes.md]
    excluded: readiness_blocked: readiness is blocked; inspect its checks [/Users/zoki/code/context/.scratch/records/cli-wayfinding/issues/03-resume-without-notes.md]
    acceptance: stale
    acceptance check: fail
    Acceptance record:
      Acceptance: Resume a task without recovery notes [0f313e8c-45af-4d65-820d-9175a5d68d55] /Users/zoki/code/context/.scratch/records/cli-wayfinding/acceptances/03-resume-without-notes-20260919.md (from /Users/zoki/code/context/.scratch/records/cli-wayfinding/issues/03-resume-without-notes.md; link "../acceptances/03-resume-without-notes-20260919.md")
      actor: workflow Codex /root
      decided at: 2026-09-18T23:39:04.762867+00:00
      tested revision (historical): https://github.com/Zokiio/context 646d615
      accepted fingerprint: version 1
      accepted ticketSHA256: de68ee195ba3b85114e472d0ed0142f9029e83477e5bdd2dcbdf1f386311b28f
      accepted criteriaSHA256: 4da7d1ae54013faeca059d58203590618b92079ad675c37473b00cbb36b83f6f
    Human approvals: none recorded
    Requirements:
      Source:
        unknown [unknown] /Users/zoki/code/context/.scratch/cli-wayfinding/spec.md (from /Users/zoki/code/context/.scratch/records/cli-wayfinding/acceptances/03-resume-without-notes-20260919.md; link "../../../cli-wayfinding/spec.md")
        status: valid
        recordedSHA256: 02fd24104a5b3a5be8f944074cd01815d9d4490fed4962d6c3e4fa65de9dda3b
        currentSHA256: 02fd24104a5b3a5be8f944074cd01815d9d4490fed4962d6c3e4fa65de9dda3b
      Source:
        unknown [unknown] /Users/zoki/code/context/docs/vision.md (from /Users/zoki/code/context/.scratch/records/cli-wayfinding/acceptances/03-resume-without-notes-20260919.md; link "../../../../docs/vision.md")
        status: valid
        recordedSHA256: d8d7fb88699c3310cd5f489d6d44dbf342fe813c372c54485400f6765f5aa2e9
        currentSHA256: d8d7fb88699c3310cd5f489d6d44dbf342fe813c372c54485400f6765f5aa2e9
      Source:
        unknown [unknown] /Users/zoki/code/context/CONTEXT.md (from /Users/zoki/code/context/.scratch/records/cli-wayfinding/acceptances/03-resume-without-notes-20260919.md; link "../../../../CONTEXT.md")
        status: valid
        recordedSHA256: 15cd979f6af442fedec45fd3482741f0cd5362c45900151eab3e0cef452bf9b9
        currentSHA256: 15cd979f6af442fedec45fd3482741f0cd5362c45900151eab3e0cef452bf9b9
      Source:
        unknown [unknown] /Users/zoki/code/context/docs/readers.md (from /Users/zoki/code/context/.scratch/records/cli-wayfinding/acceptances/03-resume-without-notes-20260919.md; link "../../../../docs/readers.md")
        status: stale
        recordedSHA256: 2d77cb22a87cc9db1b7651eafc8ef81126a640d07533a67aaf1deab2a315cbe5
        currentSHA256: ab05ea8fae969ef5902ffc3708a5207a2aac0722584f90d10318411e3f276121
        snapshot_changed: snapshot source differs from the recorded digest [/Users/zoki/code/context/docs/readers.md] (from /Users/zoki/code/context/.scratch/records/cli-wayfinding/acceptances/03-resume-without-notes-20260919.md; link "../../../../docs/readers.md")
      Source:
        unknown [unknown] /Users/zoki/code/context/docs/discovery.md (from /Users/zoki/code/context/.scratch/records/cli-wayfinding/acceptances/03-resume-without-notes-20260919.md; link "../../../../docs/discovery.md")
        status: stale
        recordedSHA256: 65993249cdbb6a2e9cea2fc410d7822e535e2ba136b96d4911dbbdd40a3758fe
        currentSHA256: 59068cecea1b31f04c2c7779165e995ab3ed72f7049b9c15a7a3cad7700bf0d7
        snapshot_changed: snapshot source differs from the recorded digest [/Users/zoki/code/context/docs/discovery.md] (from /Users/zoki/code/context/.scratch/records/cli-wayfinding/acceptances/03-resume-without-notes-20260919.md; link "../../../../docs/discovery.md")
      Source:
        unknown [unknown] /Users/zoki/code/context/docs/agents/acceptance.md (from /Users/zoki/code/context/.scratch/records/cli-wayfinding/acceptances/03-resume-without-notes-20260919.md; link "../../../../docs/agents/acceptance.md")
        status: valid
        recordedSHA256: fbde78ab62733d1bbe091fba6a867f30f50076c819ee3b0783ac4dcd2d7bf654
        currentSHA256: fbde78ab62733d1bbe091fba6a867f30f50076c819ee3b0783ac4dcd2d7bf654
      Source:
        unknown [unknown] /Users/zoki/code/context/docs/adr/0003-recorded-acceptance-for-readiness.md (from /Users/zoki/code/context/.scratch/records/cli-wayfinding/acceptances/03-resume-without-notes-20260919.md; link "../../../../docs/adr/0003-recorded-acceptance-for-readiness.md")
        status: valid
        recordedSHA256: 84778cb881c73f7ebbe5cc58a9acbb9c1212e1dd421d863d04f1efe021efdc56
        currentSHA256: 84778cb881c73f7ebbe5cc58a9acbb9c1212e1dd421d863d04f1efe021efdc56
      Source:
        unknown [unknown] /Users/zoki/code/context/docs/adr/0004-directory-specific-project-selection.md (from /Users/zoki/code/context/.scratch/records/cli-wayfinding/acceptances/03-resume-without-notes-20260919.md; link "../../../../docs/adr/0004-directory-specific-project-selection.md")
        status: valid
        recordedSHA256: efd4654de6c787345c341c26a0076fb605214b3d9aeecc3a1ec01f93752cefbf
        currentSHA256: efd4654de6c787345c341c26a0076fb605214b3d9aeecc3a1ec01f93752cefbf
    Evidence:
      Source:
        unknown [unknown] /Users/zoki/code/context/.scratch/cli-wayfinding/evidence/03-no-note-resumption.md (from /Users/zoki/code/context/.scratch/records/cli-wayfinding/acceptances/03-resume-without-notes-20260919.md; link "../../../cli-wayfinding/evidence/03-no-note-resumption.md")
        status: valid
        recordedSHA256: ec1c0cc03e4ab28b14b5734310407928c02a29d1e6a50d8a2ed72658e29e0c71
        currentSHA256: ec1c0cc03e4ab28b14b5734310407928c02a29d1e6a50d8a2ed72658e29e0c71
      Source:
        unknown [unknown] /Users/zoki/code/context/.scratch/cli-wayfinding/evidence/03-resumption-tests.txt (from /Users/zoki/code/context/.scratch/records/cli-wayfinding/acceptances/03-resume-without-notes-20260919.md; link "../../../cli-wayfinding/evidence/03-resumption-tests.txt")
        status: valid
        recordedSHA256: e60d04e3c3a2999d8ebda74c49a0c6d3680fdf8e490c1dc739d193a393f725b4
        currentSHA256: e60d04e3c3a2999d8ebda74c49a0c6d3680fdf8e490c1dc739d193a393f725b4
      Source:
        unknown [unknown] /Users/zoki/code/context/.scratch/cli-wayfinding/evidence/03-no-note-probes.json (from /Users/zoki/code/context/.scratch/records/cli-wayfinding/acceptances/03-resume-without-notes-20260919.md; link "../../../cli-wayfinding/evidence/03-no-note-probes.json")
        status: valid
        recordedSHA256: 18f5574024dd8bfa6fb8c36ba85831494e8bee920b1dd816d752476f907d0239
        currentSHA256: 18f5574024dd8bfa6fb8c36ba85831494e8bee920b1dd816d752476f907d0239
      snapshot_changed: snapshot source differs from the recorded digest [/Users/zoki/code/context/docs/readers.md] (from /Users/zoki/code/context/.scratch/records/cli-wayfinding/acceptances/03-resume-without-notes-20260919.md; link "../../../../docs/readers.md")
      snapshot_changed: snapshot source differs from the recorded digest [/Users/zoki/code/context/docs/discovery.md] (from /Users/zoki/code/context/.scratch/records/cli-wayfinding/acceptances/03-resume-without-notes-20260919.md; link "../../../../docs/discovery.md")
    fingerprint: version 1
      ticketSHA256: de68ee195ba3b85114e472d0ed0142f9029e83477e5bdd2dcbdf1f386311b28f
      criteriaSHA256: 4da7d1ae54013faeca059d58203590618b92079ad675c37473b00cbb36b83f6f
  Show workspace member navigation [411b505a-db97-4a45-94df-71289bff5a21]
    source: /Users/zoki/code/context/.scratch/records/project-discovery/issues/04-workspace-navigation.md
    identity ambiguous: false
    triage: ready-for-agent; execution: completed; lifecycle: stable
    committed: false; readiness: blocked; eligible: false
    Specifications:
      unknown [unknown] /Users/zoki/code/context/.scratch/project-discovery/spec.md (from /Users/zoki/code/context/.scratch/records/project-discovery/issues/04-workspace-navigation.md; link "../../../project-discovery/spec.md")
    Dependency edges:
      Edge 1: status: fail; cycle: false
        From:
          Show workspace member navigation [411b505a-db97-4a45-94df-71289bff5a21] /Users/zoki/code/context/.scratch/records/project-discovery/issues/04-workspace-navigation.md
        To:
          Use discovery in reader commands [cab6f066-8afe-43cb-be4d-8238740e183a] /Users/zoki/code/context/.scratch/records/project-discovery/issues/03-integrate-cli.md (from /Users/zoki/code/context/.scratch/records/project-discovery/issues/04-workspace-navigation.md; link "03-integrate-cli.md")
        snapshot_changed: snapshot source differs from the recorded digest [/Users/zoki/code/context/CONTEXT.md] (from /Users/zoki/code/context/.scratch/records/project-discovery/acceptances/03-reader-cli-20260917.md; link "../../../../CONTEXT.md")
        completed_dependency: prerequisite is recorded as completed [/Users/zoki/code/context/.scratch/records/project-discovery/issues/03-integrate-cli.md] (from /Users/zoki/code/context/.scratch/records/project-discovery/issues/04-workspace-navigation.md; link "03-integrate-cli.md")
        acceptance_criteria_present: at least one nonempty acceptance criterion is authored [/Users/zoki/code/context/.scratch/records/project-discovery/issues/03-integrate-cli.md] (from /Users/zoki/code/context/.scratch/records/project-discovery/issues/04-workspace-navigation.md; link "03-integrate-cli.md")
        no_blocking_decisions: Blocked by decisions explicitly declares none [/Users/zoki/code/context/.scratch/records/project-discovery/issues/03-integrate-cli.md] (from /Users/zoki/code/context/.scratch/records/project-discovery/issues/04-workspace-navigation.md; link "03-integrate-cli.md")
        snapshot_changed: snapshot source differs from the recorded digest [/Users/zoki/code/context/CONTEXT.md] (from /Users/zoki/code/context/.scratch/records/project-discovery/acceptances/02-scope-20260917.md; link "../../../../CONTEXT.md")
        completed_dependency: prerequisite is recorded as completed [/Users/zoki/code/context/.scratch/records/project-discovery/issues/02-resolve-scope.md] (from /Users/zoki/code/context/.scratch/records/project-discovery/issues/03-integrate-cli.md; link "02-resolve-scope.md")
        acceptance_criteria_present: at least one nonempty acceptance criterion is authored [/Users/zoki/code/context/.scratch/records/project-discovery/issues/02-resolve-scope.md] (from /Users/zoki/code/context/.scratch/records/project-discovery/issues/03-integrate-cli.md; link "02-resolve-scope.md")
        no_blocking_decisions: Blocked by decisions explicitly declares none [/Users/zoki/code/context/.scratch/records/project-discovery/issues/02-resolve-scope.md] (from /Users/zoki/code/context/.scratch/records/project-discovery/issues/03-integrate-cli.md; link "02-resolve-scope.md")
        snapshot_changed: snapshot source differs from the recorded digest [/Users/zoki/code/context/CONTEXT.md] (from /Users/zoki/code/context/.scratch/records/project-discovery/acceptances/01-configuration-reassessed-20260917.md; link "../../../../CONTEXT.md")
        completed_dependency: prerequisite is recorded as completed [/Users/zoki/code/context/.scratch/records/project-discovery/issues/01-read-configuration.md] (from /Users/zoki/code/context/.scratch/records/project-discovery/issues/02-resolve-scope.md; link "01-read-configuration.md")
        acceptance_criteria_present: at least one nonempty acceptance criterion is authored [/Users/zoki/code/context/.scratch/records/project-discovery/issues/01-read-configuration.md] (from /Users/zoki/code/context/.scratch/records/project-discovery/issues/02-resolve-scope.md; link "01-read-configuration.md")
        no_blocking_decisions: Blocked by decisions explicitly declares none [/Users/zoki/code/context/.scratch/records/project-discovery/issues/01-read-configuration.md] (from /Users/zoki/code/context/.scratch/records/project-discovery/issues/02-resolve-scope.md; link "01-read-configuration.md")
      Edge 2: status: fail; cycle: false
        From:
          Use discovery in reader commands [cab6f066-8afe-43cb-be4d-8238740e183a] /Users/zoki/code/context/.scratch/records/project-discovery/issues/03-integrate-cli.md
        To:
          Resolve scope from directories and aliases [9cb1ab9e-8d7c-4358-948f-1b928ab2472a] /Users/zoki/code/context/.scratch/records/project-discovery/issues/02-resolve-scope.md (from /Users/zoki/code/context/.scratch/records/project-discovery/issues/03-integrate-cli.md; link "02-resolve-scope.md")
        snapshot_changed: snapshot source differs from the recorded digest [/Users/zoki/code/context/CONTEXT.md] (from /Users/zoki/code/context/.scratch/records/project-discovery/acceptances/02-scope-20260917.md; link "../../../../CONTEXT.md")
        completed_dependency: prerequisite is recorded as completed [/Users/zoki/code/context/.scratch/records/project-discovery/issues/02-resolve-scope.md] (from /Users/zoki/code/context/.scratch/records/project-discovery/issues/03-integrate-cli.md; link "02-resolve-scope.md")
        acceptance_criteria_present: at least one nonempty acceptance criterion is authored [/Users/zoki/code/context/.scratch/records/project-discovery/issues/02-resolve-scope.md] (from /Users/zoki/code/context/.scratch/records/project-discovery/issues/03-integrate-cli.md; link "02-resolve-scope.md")
        no_blocking_decisions: Blocked by decisions explicitly declares none [/Users/zoki/code/context/.scratch/records/project-discovery/issues/02-resolve-scope.md] (from /Users/zoki/code/context/.scratch/records/project-discovery/issues/03-integrate-cli.md; link "02-resolve-scope.md")
        snapshot_changed: snapshot source differs from the recorded digest [/Users/zoki/code/context/CONTEXT.md] (from /Users/zoki/code/context/.scratch/records/project-discovery/acceptances/01-configuration-reassessed-20260917.md; link "../../../../CONTEXT.md")
        completed_dependency: prerequisite is recorded as completed [/Users/zoki/code/context/.scratch/records/project-discovery/issues/01-read-configuration.md] (from /Users/zoki/code/context/.scratch/records/project-discovery/issues/02-resolve-scope.md; link "01-read-configuration.md")
        acceptance_criteria_present: at least one nonempty acceptance criterion is authored [/Users/zoki/code/context/.scratch/records/project-discovery/issues/01-read-configuration.md] (from /Users/zoki/code/context/.scratch/records/project-discovery/issues/02-resolve-scope.md; link "01-read-configuration.md")
        no_blocking_decisions: Blocked by decisions explicitly declares none [/Users/zoki/code/context/.scratch/records/project-discovery/issues/01-read-configuration.md] (from /Users/zoki/code/context/.scratch/records/project-discovery/issues/02-resolve-scope.md; link "01-read-configuration.md")
      Edge 3: status: fail; cycle: false
        From:
          Resolve scope from directories and aliases [9cb1ab9e-8d7c-4358-948f-1b928ab2472a] /Users/zoki/code/context/.scratch/records/project-discovery/issues/02-resolve-scope.md
        To:
          Read discovery configuration [591c566c-1d96-4824-8cf0-aa775a69a35f] /Users/zoki/code/context/.scratch/records/project-discovery/issues/01-read-configuration.md (from /Users/zoki/code/context/.scratch/records/project-discovery/issues/02-resolve-scope.md; link "01-read-configuration.md")
        snapshot_changed: snapshot source differs from the recorded digest [/Users/zoki/code/context/CONTEXT.md] (from /Users/zoki/code/context/.scratch/records/project-discovery/acceptances/01-configuration-reassessed-20260917.md; link "../../../../CONTEXT.md")
        completed_dependency: prerequisite is recorded as completed [/Users/zoki/code/context/.scratch/records/project-discovery/issues/01-read-configuration.md] (from /Users/zoki/code/context/.scratch/records/project-discovery/issues/02-resolve-scope.md; link "01-read-configuration.md")
        acceptance_criteria_present: at least one nonempty acceptance criterion is authored [/Users/zoki/code/context/.scratch/records/project-discovery/issues/01-read-configuration.md] (from /Users/zoki/code/context/.scratch/records/project-discovery/issues/02-resolve-scope.md; link "01-read-configuration.md")
        no_blocking_decisions: Blocked by decisions explicitly declares none [/Users/zoki/code/context/.scratch/records/project-discovery/issues/01-read-configuration.md] (from /Users/zoki/code/context/.scratch/records/project-discovery/issues/02-resolve-scope.md; link "01-read-configuration.md")
        no_dependencies: Blocked by explicitly declares none [/Users/zoki/code/context/.scratch/records/project-discovery/issues/01-read-configuration.md]
    acceptance_criteria: pass
      acceptance_criteria_present: at least one nonempty acceptance criterion is authored [/Users/zoki/code/context/.scratch/records/project-discovery/issues/04-workspace-navigation.md]
    required_context: pass
      required_context_available: all explicitly selected requirement and context sources are available [/Users/zoki/code/context/.scratch/records/project-discovery/issues/04-workspace-navigation.md]
    dependencies: fail
      snapshot_changed: snapshot source differs from the recorded digest [/Users/zoki/code/context/CONTEXT.md] (from /Users/zoki/code/context/.scratch/records/project-discovery/acceptances/03-reader-cli-20260917.md; link "../../../../CONTEXT.md")
      completed_dependency: prerequisite is recorded as completed [/Users/zoki/code/context/.scratch/records/project-discovery/issues/03-integrate-cli.md] (from /Users/zoki/code/context/.scratch/records/project-discovery/issues/04-workspace-navigation.md; link "03-integrate-cli.md")
      acceptance_criteria_present: at least one nonempty acceptance criterion is authored [/Users/zoki/code/context/.scratch/records/project-discovery/issues/03-integrate-cli.md] (from /Users/zoki/code/context/.scratch/records/project-discovery/issues/04-workspace-navigation.md; link "03-integrate-cli.md")
      no_blocking_decisions: Blocked by decisions explicitly declares none [/Users/zoki/code/context/.scratch/records/project-discovery/issues/03-integrate-cli.md] (from /Users/zoki/code/context/.scratch/records/project-discovery/issues/04-workspace-navigation.md; link "03-integrate-cli.md")
      snapshot_changed: snapshot source differs from the recorded digest [/Users/zoki/code/context/CONTEXT.md] (from /Users/zoki/code/context/.scratch/records/project-discovery/acceptances/02-scope-20260917.md; link "../../../../CONTEXT.md")
      completed_dependency: prerequisite is recorded as completed [/Users/zoki/code/context/.scratch/records/project-discovery/issues/02-resolve-scope.md] (from /Users/zoki/code/context/.scratch/records/project-discovery/issues/03-integrate-cli.md; link "02-resolve-scope.md")
      acceptance_criteria_present: at least one nonempty acceptance criterion is authored [/Users/zoki/code/context/.scratch/records/project-discovery/issues/02-resolve-scope.md] (from /Users/zoki/code/context/.scratch/records/project-discovery/issues/03-integrate-cli.md; link "02-resolve-scope.md")
      no_blocking_decisions: Blocked by decisions explicitly declares none [/Users/zoki/code/context/.scratch/records/project-discovery/issues/02-resolve-scope.md] (from /Users/zoki/code/context/.scratch/records/project-discovery/issues/03-integrate-cli.md; link "02-resolve-scope.md")
      snapshot_changed: snapshot source differs from the recorded digest [/Users/zoki/code/context/CONTEXT.md] (from /Users/zoki/code/context/.scratch/records/project-discovery/acceptances/01-configuration-reassessed-20260917.md; link "../../../../CONTEXT.md")
      completed_dependency: prerequisite is recorded as completed [/Users/zoki/code/context/.scratch/records/project-discovery/issues/01-read-configuration.md] (from /Users/zoki/code/context/.scratch/records/project-discovery/issues/02-resolve-scope.md; link "01-read-configuration.md")
      acceptance_criteria_present: at least one nonempty acceptance criterion is authored [/Users/zoki/code/context/.scratch/records/project-discovery/issues/01-read-configuration.md] (from /Users/zoki/code/context/.scratch/records/project-discovery/issues/02-resolve-scope.md; link "01-read-configuration.md")
      no_blocking_decisions: Blocked by decisions explicitly declares none [/Users/zoki/code/context/.scratch/records/project-discovery/issues/01-read-configuration.md] (from /Users/zoki/code/context/.scratch/records/project-discovery/issues/02-resolve-scope.md; link "01-read-configuration.md")
    blocking_decisions: pass
      no_blocking_decisions: Blocked by decisions explicitly declares none [/Users/zoki/code/context/.scratch/records/project-discovery/issues/04-workspace-navigation.md]
    excluded: completed_work: work is recorded as completed [/Users/zoki/code/context/.scratch/records/project-discovery/issues/04-workspace-navigation.md]
    excluded: not_committed: work is outside current commitments [/Users/zoki/code/context/.scratch/records/project-discovery/issues/04-workspace-navigation.md]
    excluded: readiness_blocked: readiness is blocked; inspect its checks [/Users/zoki/code/context/.scratch/records/project-discovery/issues/04-workspace-navigation.md]
    acceptance: stale
    acceptance check: fail
    Acceptance record:
      Acceptance: Show workspace member navigation [b60d2030-0141-414f-ba60-be3f19ac0d47] /Users/zoki/code/context/.scratch/records/project-discovery/acceptances/04-workspace-20260917.md (from /Users/zoki/code/context/.scratch/records/project-discovery/issues/04-workspace-navigation.md; link "../acceptances/04-workspace-20260917.md")
      actor: workflow Codex /root/discovery_scope
      decided at: 2026-09-17T01:06:47+02:00
      tested revision (historical): https://github.com/Zokiio/context 659d9ac204b332f90c3f0f4cf891ca67e46358c3
      accepted fingerprint: version 1
      accepted ticketSHA256: 3bafce93f2710fdd75299d41d729bfe3ace82c839c56006fa001534a42e91b75
      accepted criteriaSHA256: c504b73373d25f3fbbfa6044889a7067bdad4de81d15f89097d4df4b1b9fe636
    Human approvals: none recorded
    Requirements:
      Source:
        unknown [unknown] /Users/zoki/code/context/.scratch/project-discovery/spec.md (from /Users/zoki/code/context/.scratch/records/project-discovery/acceptances/04-workspace-20260917.md; link "../../../project-discovery/spec.md")
        status: valid
        recordedSHA256: d54c182412a9ee711e1b7a91e2a5ea6c4174dbd8567304ff44fa109a65c41d67
        currentSHA256: d54c182412a9ee711e1b7a91e2a5ea6c4174dbd8567304ff44fa109a65c41d67
      Source:
        unknown [unknown] /Users/zoki/code/context/docs/vision.md (from /Users/zoki/code/context/.scratch/records/project-discovery/acceptances/04-workspace-20260917.md; link "../../../../docs/vision.md")
        status: valid
        recordedSHA256: d8d7fb88699c3310cd5f489d6d44dbf342fe813c372c54485400f6765f5aa2e9
        currentSHA256: d8d7fb88699c3310cd5f489d6d44dbf342fe813c372c54485400f6765f5aa2e9
      Source:
        unknown [unknown] /Users/zoki/code/context/CONTEXT.md (from /Users/zoki/code/context/.scratch/records/project-discovery/acceptances/04-workspace-20260917.md; link "../../../../CONTEXT.md")
        status: stale
        recordedSHA256: a003af0f4845f28fe14191dec210c7ceeabf6a5422fb51e7e0ee7e957d366a55
        currentSHA256: 15cd979f6af442fedec45fd3482741f0cd5362c45900151eab3e0cef452bf9b9
        snapshot_changed: snapshot source differs from the recorded digest [/Users/zoki/code/context/CONTEXT.md] (from /Users/zoki/code/context/.scratch/records/project-discovery/acceptances/04-workspace-20260917.md; link "../../../../CONTEXT.md")
      Source:
        unknown [unknown] /Users/zoki/code/context/docs/adr/0004-directory-specific-project-selection.md (from /Users/zoki/code/context/.scratch/records/project-discovery/acceptances/04-workspace-20260917.md; link "../../../../docs/adr/0004-directory-specific-project-selection.md")
        status: valid
        recordedSHA256: efd4654de6c787345c341c26a0076fb605214b3d9aeecc3a1ec01f93752cefbf
        currentSHA256: efd4654de6c787345c341c26a0076fb605214b3d9aeecc3a1ec01f93752cefbf
      Source:
        unknown [unknown] /Users/zoki/code/context/docs/agents/acceptance.md (from /Users/zoki/code/context/.scratch/records/project-discovery/acceptances/04-workspace-20260917.md; link "../../../../docs/agents/acceptance.md")
        status: valid
        recordedSHA256: fbde78ab62733d1bbe091fba6a867f30f50076c819ee3b0783ac4dcd2d7bf654
        currentSHA256: fbde78ab62733d1bbe091fba6a867f30f50076c819ee3b0783ac4dcd2d7bf654
    Evidence:
      Source:
        unknown [unknown] /Users/zoki/code/context/.scratch/project-discovery/evidence/04-workspace-verification.md (from /Users/zoki/code/context/.scratch/records/project-discovery/acceptances/04-workspace-20260917.md; link "../../../project-discovery/evidence/04-workspace-verification.md")
        status: valid
        recordedSHA256: 4b3a9d9b215bfa554506d75a4edaa331dadb4e3b80a429f283bae5dc2ac6fddf
        currentSHA256: 4b3a9d9b215bfa554506d75a4edaa331dadb4e3b80a429f283bae5dc2ac6fddf
      snapshot_changed: snapshot source differs from the recorded digest [/Users/zoki/code/context/CONTEXT.md] (from /Users/zoki/code/context/.scratch/records/project-discovery/acceptances/04-workspace-20260917.md; link "../../../../CONTEXT.md")
    fingerprint: version 1
      ticketSHA256: 3bafce93f2710fdd75299d41d729bfe3ace82c839c56006fa001534a42e91b75
      criteriaSHA256: c504b73373d25f3fbbfa6044889a7067bdad4de81d15f89097d4df4b1b9fe636
  Migrate project records and prepare the pickup trial [583073dd-c167-494a-96d5-5606ef1e988f]
    source: /Users/zoki/code/context/.scratch/records/session-orientation/issues/07-migrate-records-and-prepare-trial.md
    identity ambiguous: false
    triage: ready-for-agent; execution: completed; lifecycle: stable
    committed: false; readiness: blocked; eligible: false
    Specifications:
      unknown [unknown] /Users/zoki/code/context/.scratch/session-orientation/spec.md (from /Users/zoki/code/context/.scratch/records/session-orientation/issues/07-migrate-records-and-prepare-trial.md; link "../../../session-orientation/spec.md")
    Dependency edges:
      Edge 1: status: fail; cycle: false
        From:
          Migrate project records and prepare the pickup trial [583073dd-c167-494a-96d5-5606ef1e988f] /Users/zoki/code/context/.scratch/records/session-orientation/issues/07-migrate-records-and-prepare-trial.md
        To:
          Evaluate prerequisite chains and cycles [baf829dd-5016-47a9-aa76-368e50c8f327] /Users/zoki/code/context/.scratch/records/session-orientation/issues/06-evaluate-prerequisite-chains.md (from /Users/zoki/code/context/.scratch/records/session-orientation/issues/07-migrate-records-and-prepare-trial.md; link "06-evaluate-prerequisite-chains.md")
        snapshot_changed: snapshot source differs from the recorded digest [/Users/zoki/code/context/CONTEXT.md] (from /Users/zoki/code/context/.scratch/records/session-orientation/acceptances/06-evidence-correction-20260916.md; link "../../../../CONTEXT.md")
        completed_dependency: prerequisite is recorded as completed [/Users/zoki/code/context/.scratch/records/session-orientation/issues/06-evaluate-prerequisite-chains.md] (from /Users/zoki/code/context/.scratch/records/session-orientation/issues/07-migrate-records-and-prepare-trial.md; link "06-evaluate-prerequisite-chains.md")
        acceptance_criteria_present: at least one nonempty acceptance criterion is authored [/Users/zoki/code/context/.scratch/records/session-orientation/issues/06-evaluate-prerequisite-chains.md] (from /Users/zoki/code/context/.scratch/records/session-orientation/issues/07-migrate-records-and-prepare-trial.md; link "06-evaluate-prerequisite-chains.md")
        no_blocking_decisions: Blocked by decisions explicitly declares none [/Users/zoki/code/context/.scratch/records/session-orientation/issues/06-evaluate-prerequisite-chains.md] (from /Users/zoki/code/context/.scratch/records/session-orientation/issues/07-migrate-records-and-prepare-trial.md; link "06-evaluate-prerequisite-chains.md")
        snapshot_changed: snapshot source differs from the recorded digest [/Users/zoki/code/context/CONTEXT.md] (from /Users/zoki/code/context/.scratch/records/session-orientation/acceptances/05-evidence-correction-20260916.md; link "../../../../CONTEXT.md")
        completed_dependency: prerequisite is recorded as completed [/Users/zoki/code/context/.scratch/records/session-orientation/issues/05-verify-prerequisite-acceptance.md] (from /Users/zoki/code/context/.scratch/records/session-orientation/issues/06-evaluate-prerequisite-chains.md; link "05-verify-prerequisite-acceptance.md")
        acceptance_criteria_present: at least one nonempty acceptance criterion is authored [/Users/zoki/code/context/.scratch/records/session-orientation/issues/05-verify-prerequisite-acceptance.md] (from /Users/zoki/code/context/.scratch/records/session-orientation/issues/06-evaluate-prerequisite-chains.md; link "05-verify-prerequisite-acceptance.md")
        no_blocking_decisions: Blocked by decisions explicitly declares none [/Users/zoki/code/context/.scratch/records/session-orientation/issues/05-verify-prerequisite-acceptance.md] (from /Users/zoki/code/context/.scratch/records/session-orientation/issues/06-evaluate-prerequisite-chains.md; link "05-verify-prerequisite-acceptance.md")
        snapshot_changed: snapshot source differs from the recorded digest [/Users/zoki/code/context/CONTEXT.md] (from /Users/zoki/code/context/.scratch/records/session-orientation/acceptances/03-authoring-reassessment-20260916.md; link "../../../../CONTEXT.md")
        completed_dependency: prerequisite is recorded as completed [/Users/zoki/code/context/.scratch/records/session-orientation/issues/03-explain-blocking-decisions.md] (from /Users/zoki/code/context/.scratch/records/session-orientation/issues/05-verify-prerequisite-acceptance.md; link "03-explain-blocking-decisions.md")
        acceptance_criteria_present: at least one nonempty acceptance criterion is authored [/Users/zoki/code/context/.scratch/records/session-orientation/issues/03-explain-blocking-decisions.md] (from /Users/zoki/code/context/.scratch/records/session-orientation/issues/05-verify-prerequisite-acceptance.md; link "03-explain-blocking-decisions.md")
        no_blocking_decisions: Blocked by decisions explicitly declares none [/Users/zoki/code/context/.scratch/records/session-orientation/issues/03-explain-blocking-decisions.md] (from /Users/zoki/code/context/.scratch/records/session-orientation/issues/05-verify-prerequisite-acceptance.md; link "03-explain-blocking-decisions.md")
        snapshot_changed: snapshot source differs from the recorded digest [/Users/zoki/code/context/CONTEXT.md] (from /Users/zoki/code/context/.scratch/records/session-orientation/acceptances/02-authoring-reassessment-20260916.md; link "../../../../CONTEXT.md")
        completed_dependency: prerequisite is recorded as completed [/Users/zoki/code/context/.scratch/records/session-orientation/issues/02-list-eligible-work.md] (from /Users/zoki/code/context/.scratch/records/session-orientation/issues/03-explain-blocking-decisions.md; link "02-list-eligible-work.md")
        acceptance_criteria_present: at least one nonempty acceptance criterion is authored [/Users/zoki/code/context/.scratch/records/session-orientation/issues/02-list-eligible-work.md] (from /Users/zoki/code/context/.scratch/records/session-orientation/issues/03-explain-blocking-decisions.md; link "02-list-eligible-work.md")
        no_blocking_decisions: Blocked by decisions explicitly declares none [/Users/zoki/code/context/.scratch/records/session-orientation/issues/02-list-eligible-work.md] (from /Users/zoki/code/context/.scratch/records/session-orientation/issues/03-explain-blocking-decisions.md; link "02-list-eligible-work.md")
        snapshot_changed: snapshot source differs from the recorded digest [/Users/zoki/code/context/CONTEXT.md] (from /Users/zoki/code/context/.scratch/records/session-orientation/acceptances/01-evidence-correction-20260916.md; link "../../../../CONTEXT.md")
        completed_dependency: prerequisite is recorded as completed [/Users/zoki/code/context/.scratch/records/session-orientation/issues/01-show-project-orientation.md] (from /Users/zoki/code/context/.scratch/records/session-orientation/issues/02-list-eligible-work.md; link "01-show-project-orientation.md")
        acceptance_criteria_present: at least one nonempty acceptance criterion is authored [/Users/zoki/code/context/.scratch/records/session-orientation/issues/01-show-project-orientation.md] (from /Users/zoki/code/context/.scratch/records/session-orientation/issues/02-list-eligible-work.md; link "01-show-project-orientation.md")
        no_blocking_decisions: Blocked by decisions explicitly declares none [/Users/zoki/code/context/.scratch/records/session-orientation/issues/01-show-project-orientation.md] (from /Users/zoki/code/context/.scratch/records/session-orientation/issues/02-list-eligible-work.md; link "01-show-project-orientation.md")
        snapshot_changed: snapshot source differs from the recorded digest [/Users/zoki/code/context/CONTEXT.md] (from /Users/zoki/code/context/.scratch/records/session-orientation/acceptances/04-authoring-reassessment-20260916.md; link "../../../../CONTEXT.md")
        completed_dependency: prerequisite is recorded as completed [/Users/zoki/code/context/.scratch/records/session-orientation/issues/04-expose-requirement-fingerprints.md] (from /Users/zoki/code/context/.scratch/records/session-orientation/issues/05-verify-prerequisite-acceptance.md; link "04-expose-requirement-fingerprints.md")
        acceptance_criteria_present: at least one nonempty acceptance criterion is authored [/Users/zoki/code/context/.scratch/records/session-orientation/issues/04-expose-requirement-fingerprints.md] (from /Users/zoki/code/context/.scratch/records/session-orientation/issues/05-verify-prerequisite-acceptance.md; link "04-expose-requirement-fingerprints.md")
        no_blocking_decisions: Blocked by decisions explicitly declares none [/Users/zoki/code/context/.scratch/records/session-orientation/issues/04-expose-requirement-fingerprints.md] (from /Users/zoki/code/context/.scratch/records/session-orientation/issues/05-verify-prerequisite-acceptance.md; link "04-expose-requirement-fingerprints.md")
        completed_dependency: prerequisite is recorded as completed [/Users/zoki/code/context/.scratch/records/session-orientation/issues/01-show-project-orientation.md] (from /Users/zoki/code/context/.scratch/records/session-orientation/issues/04-expose-requirement-fingerprints.md; link "01-show-project-orientation.md")
        acceptance_criteria_present: at least one nonempty acceptance criterion is authored [/Users/zoki/code/context/.scratch/records/session-orientation/issues/01-show-project-orientation.md] (from /Users/zoki/code/context/.scratch/records/session-orientation/issues/04-expose-requirement-fingerprints.md; link "01-show-project-orientation.md")
        no_blocking_decisions: Blocked by decisions explicitly declares none [/Users/zoki/code/context/.scratch/records/session-orientation/issues/01-show-project-orientation.md] (from /Users/zoki/code/context/.scratch/records/session-orientation/issues/04-expose-requirement-fingerprints.md; link "01-show-project-orientation.md")
      Edge 2: status: fail; cycle: false
        From:
          Evaluate prerequisite chains and cycles [baf829dd-5016-47a9-aa76-368e50c8f327] /Users/zoki/code/context/.scratch/records/session-orientation/issues/06-evaluate-prerequisite-chains.md
        To:
          Satisfy direct prerequisites using recorded acceptance [f2a2f976-d844-4e27-86fc-a3ec9b0025e3] /Users/zoki/code/context/.scratch/records/session-orientation/issues/05-verify-prerequisite-acceptance.md (from /Users/zoki/code/context/.scratch/records/session-orientation/issues/06-evaluate-prerequisite-chains.md; link "05-verify-prerequisite-acceptance.md")
        snapshot_changed: snapshot source differs from the recorded digest [/Users/zoki/code/context/CONTEXT.md] (from /Users/zoki/code/context/.scratch/records/session-orientation/acceptances/05-evidence-correction-20260916.md; link "../../../../CONTEXT.md")
        completed_dependency: prerequisite is recorded as completed [/Users/zoki/code/context/.scratch/records/session-orientation/issues/05-verify-prerequisite-acceptance.md] (from /Users/zoki/code/context/.scratch/records/session-orientation/issues/06-evaluate-prerequisite-chains.md; link "05-verify-prerequisite-acceptance.md")
        acceptance_criteria_present: at least one nonempty acceptance criterion is authored [/Users/zoki/code/context/.scratch/records/session-orientation/issues/05-verify-prerequisite-acceptance.md] (from /Users/zoki/code/context/.scratch/records/session-orientation/issues/06-evaluate-prerequisite-chains.md; link "05-verify-prerequisite-acceptance.md")
        no_blocking_decisions: Blocked by decisions explicitly declares none [/Users/zoki/code/context/.scratch/records/session-orientation/issues/05-verify-prerequisite-acceptance.md] (from /Users/zoki/code/context/.scratch/records/session-orientation/issues/06-evaluate-prerequisite-chains.md; link "05-verify-prerequisite-acceptance.md")
        snapshot_changed: snapshot source differs from the recorded digest [/Users/zoki/code/context/CONTEXT.md] (from /Users/zoki/code/context/.scratch/records/session-orientation/acceptances/03-authoring-reassessment-20260916.md; link "../../../../CONTEXT.md")
        completed_dependency: prerequisite is recorded as completed [/Users/zoki/code/context/.scratch/records/session-orientation/issues/03-explain-blocking-decisions.md] (from /Users/zoki/code/context/.scratch/records/session-orientation/issues/05-verify-prerequisite-acceptance.md; link "03-explain-blocking-decisions.md")
        acceptance_criteria_present: at least one nonempty acceptance criterion is authored [/Users/zoki/code/context/.scratch/records/session-orientation/issues/03-explain-blocking-decisions.md] (from /Users/zoki/code/context/.scratch/records/session-orientation/issues/05-verify-prerequisite-acceptance.md; link "03-explain-blocking-decisions.md")
        no_blocking_decisions: Blocked by decisions explicitly declares none [/Users/zoki/code/context/.scratch/records/session-orientation/issues/03-explain-blocking-decisions.md] (from /Users/zoki/code/context/.scratch/records/session-orientation/issues/05-verify-prerequisite-acceptance.md; link "03-explain-blocking-decisions.md")
        snapshot_changed: snapshot source differs from the recorded digest [/Users/zoki/code/context/CONTEXT.md] (from /Users/zoki/code/context/.scratch/records/session-orientation/acceptances/02-authoring-reassessment-20260916.md; link "../../../../CONTEXT.md")
        completed_dependency: prerequisite is recorded as completed [/Users/zoki/code/context/.scratch/records/session-orientation/issues/02-list-eligible-work.md] (from /Users/zoki/code/context/.scratch/records/session-orientation/issues/03-explain-blocking-decisions.md; link "02-list-eligible-work.md")
        acceptance_criteria_present: at least one nonempty acceptance criterion is authored [/Users/zoki/code/context/.scratch/records/session-orientation/issues/02-list-eligible-work.md] (from /Users/zoki/code/context/.scratch/records/session-orientation/issues/03-explain-blocking-decisions.md; link "02-list-eligible-work.md")
        no_blocking_decisions: Blocked by decisions explicitly declares none [/Users/zoki/code/context/.scratch/records/session-orientation/issues/02-list-eligible-work.md] (from /Users/zoki/code/context/.scratch/records/session-orientation/issues/03-explain-blocking-decisions.md; link "02-list-eligible-work.md")
        snapshot_changed: snapshot source differs from the recorded digest [/Users/zoki/code/context/CONTEXT.md] (from /Users/zoki/code/context/.scratch/records/session-orientation/acceptances/01-evidence-correction-20260916.md; link "../../../../CONTEXT.md")
        completed_dependency: prerequisite is recorded as completed [/Users/zoki/code/context/.scratch/records/session-orientation/issues/01-show-project-orientation.md] (from /Users/zoki/code/context/.scratch/records/session-orientation/issues/02-list-eligible-work.md; link "01-show-project-orientation.md")
        acceptance_criteria_present: at least one nonempty acceptance criterion is authored [/Users/zoki/code/context/.scratch/records/session-orientation/issues/01-show-project-orientation.md] (from /Users/zoki/code/context/.scratch/records/session-orientation/issues/02-list-eligible-work.md; link "01-show-project-orientation.md")
        no_blocking_decisions: Blocked by decisions explicitly declares none [/Users/zoki/code/context/.scratch/records/session-orientation/issues/01-show-project-orientation.md] (from /Users/zoki/code/context/.scratch/records/session-orientation/issues/02-list-eligible-work.md; link "01-show-project-orientation.md")
        snapshot_changed: snapshot source differs from the recorded digest [/Users/zoki/code/context/CONTEXT.md] (from /Users/zoki/code/context/.scratch/records/session-orientation/acceptances/04-authoring-reassessment-20260916.md; link "../../../../CONTEXT.md")
        completed_dependency: prerequisite is recorded as completed [/Users/zoki/code/context/.scratch/records/session-orientation/issues/04-expose-requirement-fingerprints.md] (from /Users/zoki/code/context/.scratch/records/session-orientation/issues/05-verify-prerequisite-acceptance.md; link "04-expose-requirement-fingerprints.md")
        acceptance_criteria_present: at least one nonempty acceptance criterion is authored [/Users/zoki/code/context/.scratch/records/session-orientation/issues/04-expose-requirement-fingerprints.md] (from /Users/zoki/code/context/.scratch/records/session-orientation/issues/05-verify-prerequisite-acceptance.md; link "04-expose-requirement-fingerprints.md")
        no_blocking_decisions: Blocked by decisions explicitly declares none [/Users/zoki/code/context/.scratch/records/session-orientation/issues/04-expose-requirement-fingerprints.md] (from /Users/zoki/code/context/.scratch/records/session-orientation/issues/05-verify-prerequisite-acceptance.md; link "04-expose-requirement-fingerprints.md")
        completed_dependency: prerequisite is recorded as completed [/Users/zoki/code/context/.scratch/records/session-orientation/issues/01-show-project-orientation.md] (from /Users/zoki/code/context/.scratch/records/session-orientation/issues/04-expose-requirement-fingerprints.md; link "01-show-project-orientation.md")
        acceptance_criteria_present: at least one nonempty acceptance criterion is authored [/Users/zoki/code/context/.scratch/records/session-orientation/issues/01-show-project-orientation.md] (from /Users/zoki/code/context/.scratch/records/session-orientation/issues/04-expose-requirement-fingerprints.md; link "01-show-project-orientation.md")
        no_blocking_decisions: Blocked by decisions explicitly declares none [/Users/zoki/code/context/.scratch/records/session-orientation/issues/01-show-project-orientation.md] (from /Users/zoki/code/context/.scratch/records/session-orientation/issues/04-expose-requirement-fingerprints.md; link "01-show-project-orientation.md")
      Edge 3: status: fail; cycle: false
        From:
          Satisfy direct prerequisites using recorded acceptance [f2a2f976-d844-4e27-86fc-a3ec9b0025e3] /Users/zoki/code/context/.scratch/records/session-orientation/issues/05-verify-prerequisite-acceptance.md
        To:
          Explain blocking decisions [c810606f-6a64-460d-9223-8a8515fdcd65] /Users/zoki/code/context/.scratch/records/session-orientation/issues/03-explain-blocking-decisions.md (from /Users/zoki/code/context/.scratch/records/session-orientation/issues/05-verify-prerequisite-acceptance.md; link "03-explain-blocking-decisions.md")
        snapshot_changed: snapshot source differs from the recorded digest [/Users/zoki/code/context/CONTEXT.md] (from /Users/zoki/code/context/.scratch/records/session-orientation/acceptances/03-authoring-reassessment-20260916.md; link "../../../../CONTEXT.md")
        completed_dependency: prerequisite is recorded as completed [/Users/zoki/code/context/.scratch/records/session-orientation/issues/03-explain-blocking-decisions.md] (from /Users/zoki/code/context/.scratch/records/session-orientation/issues/05-verify-prerequisite-acceptance.md; link "03-explain-blocking-decisions.md")
        acceptance_criteria_present: at least one nonempty acceptance criterion is authored [/Users/zoki/code/context/.scratch/records/session-orientation/issues/03-explain-blocking-decisions.md] (from /Users/zoki/code/context/.scratch/records/session-orientation/issues/05-verify-prerequisite-acceptance.md; link "03-explain-blocking-decisions.md")
        no_blocking_decisions: Blocked by decisions explicitly declares none [/Users/zoki/code/context/.scratch/records/session-orientation/issues/03-explain-blocking-decisions.md] (from /Users/zoki/code/context/.scratch/records/session-orientation/issues/05-verify-prerequisite-acceptance.md; link "03-explain-blocking-decisions.md")
        snapshot_changed: snapshot source differs from the recorded digest [/Users/zoki/code/context/CONTEXT.md] (from /Users/zoki/code/context/.scratch/records/session-orientation/acceptances/02-authoring-reassessment-20260916.md; link "../../../../CONTEXT.md")
        completed_dependency: prerequisite is recorded as completed [/Users/zoki/code/context/.scratch/records/session-orientation/issues/02-list-eligible-work.md] (from /Users/zoki/code/context/.scratch/records/session-orientation/issues/03-explain-blocking-decisions.md; link "02-list-eligible-work.md")
        acceptance_criteria_present: at least one nonempty acceptance criterion is authored [/Users/zoki/code/context/.scratch/records/session-orientation/issues/02-list-eligible-work.md] (from /Users/zoki/code/context/.scratch/records/session-orientation/issues/03-explain-blocking-decisions.md; link "02-list-eligible-work.md")
        no_blocking_decisions: Blocked by decisions explicitly declares none [/Users/zoki/code/context/.scratch/records/session-orientation/issues/02-list-eligible-work.md] (from /Users/zoki/code/context/.scratch/records/session-orientation/issues/03-explain-blocking-decisions.md; link "02-list-eligible-work.md")
        snapshot_changed: snapshot source differs from the recorded digest [/Users/zoki/code/context/CONTEXT.md] (from /Users/zoki/code/context/.scratch/records/session-orientation/acceptances/01-evidence-correction-20260916.md; link "../../../../CONTEXT.md")
        completed_dependency: prerequisite is recorded as completed [/Users/zoki/code/context/.scratch/records/session-orientation/issues/01-show-project-orientation.md] (from /Users/zoki/code/context/.scratch/records/session-orientation/issues/02-list-eligible-work.md; link "01-show-project-orientation.md")
        acceptance_criteria_present: at least one nonempty acceptance criterion is authored [/Users/zoki/code/context/.scratch/records/session-orientation/issues/01-show-project-orientation.md] (from /Users/zoki/code/context/.scratch/records/session-orientation/issues/02-list-eligible-work.md; link "01-show-project-orientation.md")
        no_blocking_decisions: Blocked by decisions explicitly declares none [/Users/zoki/code/context/.scratch/records/session-orientation/issues/01-show-project-orientation.md] (from /Users/zoki/code/context/.scratch/records/session-orientation/issues/02-list-eligible-work.md; link "01-show-project-orientation.md")
      Edge 4: status: fail; cycle: false
        From:
          Explain blocking decisions [c810606f-6a64-460d-9223-8a8515fdcd65] /Users/zoki/code/context/.scratch/records/session-orientation/issues/03-explain-blocking-decisions.md
        To:
          List eligible work with reasons [940635b3-0697-45c6-804b-43f9ec1d3e58] /Users/zoki/code/context/.scratch/records/session-orientation/issues/02-list-eligible-work.md (from /Users/zoki/code/context/.scratch/records/session-orientation/issues/03-explain-blocking-decisions.md; link "02-list-eligible-work.md")
        snapshot_changed: snapshot source differs from the recorded digest [/Users/zoki/code/context/CONTEXT.md] (from /Users/zoki/code/context/.scratch/records/session-orientation/acceptances/02-authoring-reassessment-20260916.md; link "../../../../CONTEXT.md")
        completed_dependency: prerequisite is recorded as completed [/Users/zoki/code/context/.scratch/records/session-orientation/issues/02-list-eligible-work.md] (from /Users/zoki/code/context/.scratch/records/session-orientation/issues/03-explain-blocking-decisions.md; link "02-list-eligible-work.md")
        acceptance_criteria_present: at least one nonempty acceptance criterion is authored [/Users/zoki/code/context/.scratch/records/session-orientation/issues/02-list-eligible-work.md] (from /Users/zoki/code/context/.scratch/records/session-orientation/issues/03-explain-blocking-decisions.md; link "02-list-eligible-work.md")
        no_blocking_decisions: Blocked by decisions explicitly declares none [/Users/zoki/code/context/.scratch/records/session-orientation/issues/02-list-eligible-work.md] (from /Users/zoki/code/context/.scratch/records/session-orientation/issues/03-explain-blocking-decisions.md; link "02-list-eligible-work.md")
        snapshot_changed: snapshot source differs from the recorded digest [/Users/zoki/code/context/CONTEXT.md] (from /Users/zoki/code/context/.scratch/records/session-orientation/acceptances/01-evidence-correction-20260916.md; link "../../../../CONTEXT.md")
        completed_dependency: prerequisite is recorded as completed [/Users/zoki/code/context/.scratch/records/session-orientation/issues/01-show-project-orientation.md] (from /Users/zoki/code/context/.scratch/records/session-orientation/issues/02-list-eligible-work.md; link "01-show-project-orientation.md")
        acceptance_criteria_present: at least one nonempty acceptance criterion is authored [/Users/zoki/code/context/.scratch/records/session-orientation/issues/01-show-project-orientation.md] (from /Users/zoki/code/context/.scratch/records/session-orientation/issues/02-list-eligible-work.md; link "01-show-project-orientation.md")
        no_blocking_decisions: Blocked by decisions explicitly declares none [/Users/zoki/code/context/.scratch/records/session-orientation/issues/01-show-project-orientation.md] (from /Users/zoki/code/context/.scratch/records/session-orientation/issues/02-list-eligible-work.md; link "01-show-project-orientation.md")
      Edge 5: status: fail; cycle: false
        From:
          List eligible work with reasons [940635b3-0697-45c6-804b-43f9ec1d3e58] /Users/zoki/code/context/.scratch/records/session-orientation/issues/02-list-eligible-work.md
        To:
          Show project orientation and work inventory [e1f2dcee-d054-4311-9719-a55e29f576f5] /Users/zoki/code/context/.scratch/records/session-orientation/issues/01-show-project-orientation.md (from /Users/zoki/code/context/.scratch/records/session-orientation/issues/02-list-eligible-work.md; link "01-show-project-orientation.md")
        snapshot_changed: snapshot source differs from the recorded digest [/Users/zoki/code/context/CONTEXT.md] (from /Users/zoki/code/context/.scratch/records/session-orientation/acceptances/01-evidence-correction-20260916.md; link "../../../../CONTEXT.md")
        completed_dependency: prerequisite is recorded as completed [/Users/zoki/code/context/.scratch/records/session-orientation/issues/01-show-project-orientation.md] (from /Users/zoki/code/context/.scratch/records/session-orientation/issues/02-list-eligible-work.md; link "01-show-project-orientation.md")
        acceptance_criteria_present: at least one nonempty acceptance criterion is authored [/Users/zoki/code/context/.scratch/records/session-orientation/issues/01-show-project-orientation.md] (from /Users/zoki/code/context/.scratch/records/session-orientation/issues/02-list-eligible-work.md; link "01-show-project-orientation.md")
        no_blocking_decisions: Blocked by decisions explicitly declares none [/Users/zoki/code/context/.scratch/records/session-orientation/issues/01-show-project-orientation.md] (from /Users/zoki/code/context/.scratch/records/session-orientation/issues/02-list-eligible-work.md; link "01-show-project-orientation.md")
        no_dependencies: Blocked by explicitly declares none [/Users/zoki/code/context/.scratch/records/session-orientation/issues/01-show-project-orientation.md]
      Edge 6: status: fail; cycle: false
        From:
          Satisfy direct prerequisites using recorded acceptance [f2a2f976-d844-4e27-86fc-a3ec9b0025e3] /Users/zoki/code/context/.scratch/records/session-orientation/issues/05-verify-prerequisite-acceptance.md
        To:
          Expose reproducible requirement fingerprints [8888abfc-d72c-42c0-8a28-08c7235d68c6] /Users/zoki/code/context/.scratch/records/session-orientation/issues/04-expose-requirement-fingerprints.md (from /Users/zoki/code/context/.scratch/records/session-orientation/issues/05-verify-prerequisite-acceptance.md; link "04-expose-requirement-fingerprints.md")
        snapshot_changed: snapshot source differs from the recorded digest [/Users/zoki/code/context/CONTEXT.md] (from /Users/zoki/code/context/.scratch/records/session-orientation/acceptances/04-authoring-reassessment-20260916.md; link "../../../../CONTEXT.md")
        completed_dependency: prerequisite is recorded as completed [/Users/zoki/code/context/.scratch/records/session-orientation/issues/04-expose-requirement-fingerprints.md] (from /Users/zoki/code/context/.scratch/records/session-orientation/issues/05-verify-prerequisite-acceptance.md; link "04-expose-requirement-fingerprints.md")
        acceptance_criteria_present: at least one nonempty acceptance criterion is authored [/Users/zoki/code/context/.scratch/records/session-orientation/issues/04-expose-requirement-fingerprints.md] (from /Users/zoki/code/context/.scratch/records/session-orientation/issues/05-verify-prerequisite-acceptance.md; link "04-expose-requirement-fingerprints.md")
        no_blocking_decisions: Blocked by decisions explicitly declares none [/Users/zoki/code/context/.scratch/records/session-orientation/issues/04-expose-requirement-fingerprints.md] (from /Users/zoki/code/context/.scratch/records/session-orientation/issues/05-verify-prerequisite-acceptance.md; link "04-expose-requirement-fingerprints.md")
        snapshot_changed: snapshot source differs from the recorded digest [/Users/zoki/code/context/CONTEXT.md] (from /Users/zoki/code/context/.scratch/records/session-orientation/acceptances/01-evidence-correction-20260916.md; link "../../../../CONTEXT.md")
        completed_dependency: prerequisite is recorded as completed [/Users/zoki/code/context/.scratch/records/session-orientation/issues/01-show-project-orientation.md] (from /Users/zoki/code/context/.scratch/records/session-orientation/issues/04-expose-requirement-fingerprints.md; link "01-show-project-orientation.md")
        acceptance_criteria_present: at least one nonempty acceptance criterion is authored [/Users/zoki/code/context/.scratch/records/session-orientation/issues/01-show-project-orientation.md] (from /Users/zoki/code/context/.scratch/records/session-orientation/issues/04-expose-requirement-fingerprints.md; link "01-show-project-orientation.md")
        no_blocking_decisions: Blocked by decisions explicitly declares none [/Users/zoki/code/context/.scratch/records/session-orientation/issues/01-show-project-orientation.md] (from /Users/zoki/code/context/.scratch/records/session-orientation/issues/04-expose-requirement-fingerprints.md; link "01-show-project-orientation.md")
      Edge 7: status: fail; cycle: false
        From:
          Expose reproducible requirement fingerprints [8888abfc-d72c-42c0-8a28-08c7235d68c6] /Users/zoki/code/context/.scratch/records/session-orientation/issues/04-expose-requirement-fingerprints.md
        To:
          Show project orientation and work inventory [e1f2dcee-d054-4311-9719-a55e29f576f5] /Users/zoki/code/context/.scratch/records/session-orientation/issues/01-show-project-orientation.md (from /Users/zoki/code/context/.scratch/records/session-orientation/issues/04-expose-requirement-fingerprints.md; link "01-show-project-orientation.md")
        snapshot_changed: snapshot source differs from the recorded digest [/Users/zoki/code/context/CONTEXT.md] (from /Users/zoki/code/context/.scratch/records/session-orientation/acceptances/01-evidence-correction-20260916.md; link "../../../../CONTEXT.md")
        completed_dependency: prerequisite is recorded as completed [/Users/zoki/code/context/.scratch/records/session-orientation/issues/01-show-project-orientation.md] (from /Users/zoki/code/context/.scratch/records/session-orientation/issues/04-expose-requirement-fingerprints.md; link "01-show-project-orientation.md")
        acceptance_criteria_present: at least one nonempty acceptance criterion is authored [/Users/zoki/code/context/.scratch/records/session-orientation/issues/01-show-project-orientation.md] (from /Users/zoki/code/context/.scratch/records/session-orientation/issues/04-expose-requirement-fingerprints.md; link "01-show-project-orientation.md")
        no_blocking_decisions: Blocked by decisions explicitly declares none [/Users/zoki/code/context/.scratch/records/session-orientation/issues/01-show-project-orientation.md] (from /Users/zoki/code/context/.scratch/records/session-orientation/issues/04-expose-requirement-fingerprints.md; link "01-show-project-orientation.md")
        no_dependencies: Blocked by explicitly declares none [/Users/zoki/code/context/.scratch/records/session-orientation/issues/01-show-project-orientation.md]
    acceptance_criteria: pass
      acceptance_criteria_present: at least one nonempty acceptance criterion is authored [/Users/zoki/code/context/.scratch/records/session-orientation/issues/07-migrate-records-and-prepare-trial.md]
    required_context: pass
      required_context_available: all explicitly selected requirement and context sources are available [/Users/zoki/code/context/.scratch/records/session-orientation/issues/07-migrate-records-and-prepare-trial.md]
    dependencies: fail
      snapshot_changed: snapshot source differs from the recorded digest [/Users/zoki/code/context/CONTEXT.md] (from /Users/zoki/code/context/.scratch/records/session-orientation/acceptances/06-evidence-correction-20260916.md; link "../../../../CONTEXT.md")
      completed_dependency: prerequisite is recorded as completed [/Users/zoki/code/context/.scratch/records/session-orientation/issues/06-evaluate-prerequisite-chains.md] (from /Users/zoki/code/context/.scratch/records/session-orientation/issues/07-migrate-records-and-prepare-trial.md; link "06-evaluate-prerequisite-chains.md")
      acceptance_criteria_present: at least one nonempty acceptance criterion is authored [/Users/zoki/code/context/.scratch/records/session-orientation/issues/06-evaluate-prerequisite-chains.md] (from /Users/zoki/code/context/.scratch/records/session-orientation/issues/07-migrate-records-and-prepare-trial.md; link "06-evaluate-prerequisite-chains.md")
      no_blocking_decisions: Blocked by decisions explicitly declares none [/Users/zoki/code/context/.scratch/records/session-orientation/issues/06-evaluate-prerequisite-chains.md] (from /Users/zoki/code/context/.scratch/records/session-orientation/issues/07-migrate-records-and-prepare-trial.md; link "06-evaluate-prerequisite-chains.md")
      snapshot_changed: snapshot source differs from the recorded digest [/Users/zoki/code/context/CONTEXT.md] (from /Users/zoki/code/context/.scratch/records/session-orientation/acceptances/05-evidence-correction-20260916.md; link "../../../../CONTEXT.md")
      completed_dependency: prerequisite is recorded as completed [/Users/zoki/code/context/.scratch/records/session-orientation/issues/05-verify-prerequisite-acceptance.md] (from /Users/zoki/code/context/.scratch/records/session-orientation/issues/06-evaluate-prerequisite-chains.md; link "05-verify-prerequisite-acceptance.md")
      acceptance_criteria_present: at least one nonempty acceptance criterion is authored [/Users/zoki/code/context/.scratch/records/session-orientation/issues/05-verify-prerequisite-acceptance.md] (from /Users/zoki/code/context/.scratch/records/session-orientation/issues/06-evaluate-prerequisite-chains.md; link "05-verify-prerequisite-acceptance.md")
      no_blocking_decisions: Blocked by decisions explicitly declares none [/Users/zoki/code/context/.scratch/records/session-orientation/issues/05-verify-prerequisite-acceptance.md] (from /Users/zoki/code/context/.scratch/records/session-orientation/issues/06-evaluate-prerequisite-chains.md; link "05-verify-prerequisite-acceptance.md")
      snapshot_changed: snapshot source differs from the recorded digest [/Users/zoki/code/context/CONTEXT.md] (from /Users/zoki/code/context/.scratch/records/session-orientation/acceptances/03-authoring-reassessment-20260916.md; link "../../../../CONTEXT.md")
      completed_dependency: prerequisite is recorded as completed [/Users/zoki/code/context/.scratch/records/session-orientation/issues/03-explain-blocking-decisions.md] (from /Users/zoki/code/context/.scratch/records/session-orientation/issues/05-verify-prerequisite-acceptance.md; link "03-explain-blocking-decisions.md")
      acceptance_criteria_present: at least one nonempty acceptance criterion is authored [/Users/zoki/code/context/.scratch/records/session-orientation/issues/03-explain-blocking-decisions.md] (from /Users/zoki/code/context/.scratch/records/session-orientation/issues/05-verify-prerequisite-acceptance.md; link "03-explain-blocking-decisions.md")
      no_blocking_decisions: Blocked by decisions explicitly declares none [/Users/zoki/code/context/.scratch/records/session-orientation/issues/03-explain-blocking-decisions.md] (from /Users/zoki/code/context/.scratch/records/session-orientation/issues/05-verify-prerequisite-acceptance.md; link "03-explain-blocking-decisions.md")
      snapshot_changed: snapshot source differs from the recorded digest [/Users/zoki/code/context/CONTEXT.md] (from /Users/zoki/code/context/.scratch/records/session-orientation/acceptances/02-authoring-reassessment-20260916.md; link "../../../../CONTEXT.md")
      completed_dependency: prerequisite is recorded as completed [/Users/zoki/code/context/.scratch/records/session-orientation/issues/02-list-eligible-work.md] (from /Users/zoki/code/context/.scratch/records/session-orientation/issues/03-explain-blocking-decisions.md; link "02-list-eligible-work.md")
      acceptance_criteria_present: at least one nonempty acceptance criterion is authored [/Users/zoki/code/context/.scratch/records/session-orientation/issues/02-list-eligible-work.md] (from /Users/zoki/code/context/.scratch/records/session-orientation/issues/03-explain-blocking-decisions.md; link "02-list-eligible-work.md")
      no_blocking_decisions: Blocked by decisions explicitly declares none [/Users/zoki/code/context/.scratch/records/session-orientation/issues/02-list-eligible-work.md] (from /Users/zoki/code/context/.scratch/records/session-orientation/issues/03-explain-blocking-decisions.md; link "02-list-eligible-work.md")
      snapshot_changed: snapshot source differs from the recorded digest [/Users/zoki/code/context/CONTEXT.md] (from /Users/zoki/code/context/.scratch/records/session-orientation/acceptances/01-evidence-correction-20260916.md; link "../../../../CONTEXT.md")
      completed_dependency: prerequisite is recorded as completed [/Users/zoki/code/context/.scratch/records/session-orientation/issues/01-show-project-orientation.md] (from /Users/zoki/code/context/.scratch/records/session-orientation/issues/02-list-eligible-work.md; link "01-show-project-orientation.md")
      acceptance_criteria_present: at least one nonempty acceptance criterion is authored [/Users/zoki/code/context/.scratch/records/session-orientation/issues/01-show-project-orientation.md] (from /Users/zoki/code/context/.scratch/records/session-orientation/issues/02-list-eligible-work.md; link "01-show-project-orientation.md")
      no_blocking_decisions: Blocked by decisions explicitly declares none [/Users/zoki/code/context/.scratch/records/session-orientation/issues/01-show-project-orientation.md] (from /Users/zoki/code/context/.scratch/records/session-orientation/issues/02-list-eligible-work.md; link "01-show-project-orientation.md")
      snapshot_changed: snapshot source differs from the recorded digest [/Users/zoki/code/context/CONTEXT.md] (from /Users/zoki/code/context/.scratch/records/session-orientation/acceptances/04-authoring-reassessment-20260916.md; link "../../../../CONTEXT.md")
      completed_dependency: prerequisite is recorded as completed [/Users/zoki/code/context/.scratch/records/session-orientation/issues/04-expose-requirement-fingerprints.md] (from /Users/zoki/code/context/.scratch/records/session-orientation/issues/05-verify-prerequisite-acceptance.md; link "04-expose-requirement-fingerprints.md")
      acceptance_criteria_present: at least one nonempty acceptance criterion is authored [/Users/zoki/code/context/.scratch/records/session-orientation/issues/04-expose-requirement-fingerprints.md] (from /Users/zoki/code/context/.scratch/records/session-orientation/issues/05-verify-prerequisite-acceptance.md; link "04-expose-requirement-fingerprints.md")
      no_blocking_decisions: Blocked by decisions explicitly declares none [/Users/zoki/code/context/.scratch/records/session-orientation/issues/04-expose-requirement-fingerprints.md] (from /Users/zoki/code/context/.scratch/records/session-orientation/issues/05-verify-prerequisite-acceptance.md; link "04-expose-requirement-fingerprints.md")
      completed_dependency: prerequisite is recorded as completed [/Users/zoki/code/context/.scratch/records/session-orientation/issues/01-show-project-orientation.md] (from /Users/zoki/code/context/.scratch/records/session-orientation/issues/04-expose-requirement-fingerprints.md; link "01-show-project-orientation.md")
      acceptance_criteria_present: at least one nonempty acceptance criterion is authored [/Users/zoki/code/context/.scratch/records/session-orientation/issues/01-show-project-orientation.md] (from /Users/zoki/code/context/.scratch/records/session-orientation/issues/04-expose-requirement-fingerprints.md; link "01-show-project-orientation.md")
      no_blocking_decisions: Blocked by decisions explicitly declares none [/Users/zoki/code/context/.scratch/records/session-orientation/issues/01-show-project-orientation.md] (from /Users/zoki/code/context/.scratch/records/session-orientation/issues/04-expose-requirement-fingerprints.md; link "01-show-project-orientation.md")
    blocking_decisions: pass
      no_blocking_decisions: Blocked by decisions explicitly declares none [/Users/zoki/code/context/.scratch/records/session-orientation/issues/07-migrate-records-and-prepare-trial.md]
    excluded: completed_work: work is recorded as completed [/Users/zoki/code/context/.scratch/records/session-orientation/issues/07-migrate-records-and-prepare-trial.md]
    excluded: not_committed: work is outside current commitments [/Users/zoki/code/context/.scratch/records/session-orientation/issues/07-migrate-records-and-prepare-trial.md]
    excluded: readiness_blocked: readiness is blocked; inspect its checks [/Users/zoki/code/context/.scratch/records/session-orientation/issues/07-migrate-records-and-prepare-trial.md]
    acceptance: stale
    acceptance check: fail
    Acceptance record:
      Acceptance: Migrate project records and prepare the pickup trial [9850a4b7-e9ad-4737-9cfa-c776d0e37115] /Users/zoki/code/context/.scratch/records/session-orientation/acceptances/07-evidence-correction-20260916.md (from /Users/zoki/code/context/.scratch/records/session-orientation/issues/07-migrate-records-and-prepare-trial.md; link "../acceptances/07-evidence-correction-20260916.md")
      actor: workflow Codex coordinating agent
      decided at: 2026-09-16T13:32:44.006642+00:00
      tested revision (historical): https://github.com/Zokiio/context working-tree:0808609e8de4ad1d80c52cadd8fd0b6fca31ac0d; source-manifest-sha256:f563c18a919db748d6e9183fba027361ce45289351e38d190401847a6bef4ad0
      accepted fingerprint: version 1
      accepted ticketSHA256: 6a5cc47b7570911e3a4f27e7574f4cc263032666173e0ea8c8f0475d1810f535
      accepted criteriaSHA256: a8a411f7df0759aab0fb9260c084777da097aa3549177850841d1e5e635c9261
    Human approvals: none recorded
    Requirements:
      Source:
        Read an OKF ticket as JSON context [bcbad059-f0b1-401b-99e1-3fdc468db8fb] /Users/zoki/code/context/.scratch/records/context-reader/issues/01-read-okf-ticket.md (from /Users/zoki/code/context/.scratch/records/session-orientation/acceptances/07-evidence-correction-20260916.md; link "../../context-reader/issues/01-read-okf-ticket.md")
        status: valid
        recordedSHA256: 3fc777cb4ce55536a0b28f855d636135dd8845f013d411ba3d06c27486ebd27b
        currentSHA256: 3fc777cb4ce55536a0b28f855d636135dd8845f013d411ba3d06c27486ebd27b
      Source:
        Include linked project documents [f49ee233-f7d0-4266-92d1-f354df72a604] /Users/zoki/code/context/.scratch/records/context-reader/issues/02-include-project-documents.md (from /Users/zoki/code/context/.scratch/records/session-orientation/acceptances/07-evidence-correction-20260916.md; link "../../context-reader/issues/02-include-project-documents.md")
        status: valid
        recordedSHA256: c2a0331fe30487f1d67b192dcd3aa9c66d4fb9e916c096046664a14fc76f8565
        currentSHA256: c2a0331fe30487f1d67b192dcd3aa9c66d4fb9e916c096046664a14fc76f8565
      Source:
        Follow blocker tickets recursively [162ad558-91e5-4c0b-b0b9-b8af2bfcc903] /Users/zoki/code/context/.scratch/records/context-reader/issues/03-follow-blocker-tickets.md (from /Users/zoki/code/context/.scratch/records/session-orientation/acceptances/07-evidence-correction-20260916.md; link "../../context-reader/issues/03-follow-blocker-tickets.md")
        status: valid
        recordedSHA256: f06f57ff228070850d154435a9f9ddeeeb80af238b522f6d9369796027348941
        currentSHA256: f06f57ff228070850d154435a9f9ddeeeb80af238b522f6d9369796027348941
      Source:
        Allow authorized external context [0981e1d0-7916-45cb-9639-e23ac004f6d7] /Users/zoki/code/context/.scratch/records/context-reader/issues/04-allow-external-context.md (from /Users/zoki/code/context/.scratch/records/session-orientation/acceptances/07-evidence-correction-20260916.md; link "../../context-reader/issues/04-allow-external-context.md")
        status: valid
        recordedSHA256: d9910d044da99ea41020889a6243f43b0f193a4594fdfb986dd078160e1572a9
        currentSHA256: d9910d044da99ea41020889a6243f43b0f193a4594fdfb986dd078160e1572a9
      Source:
        Bound collection and verify a real-task workflow [e8f40c26-843e-4983-a7c4-279aed609f6f] /Users/zoki/code/context/.scratch/records/context-reader/issues/05-bound-context-collection.md (from /Users/zoki/code/context/.scratch/records/session-orientation/acceptances/07-evidence-correction-20260916.md; link "../../context-reader/issues/05-bound-context-collection.md")
        status: valid
        recordedSHA256: fd6ffcac601b5669d00151851f769fa73e99b67ac7b37f363fa3aaee378dffd5
        currentSHA256: fd6ffcac601b5669d00151851f769fa73e99b67ac7b37f363fa3aaee378dffd5
      Source:
        unknown [unknown] /Users/zoki/code/context/docs/vision.md (from /Users/zoki/code/context/.scratch/records/session-orientation/acceptances/07-evidence-correction-20260916.md; link "../../../../docs/vision.md")
        status: valid
        recordedSHA256: d8d7fb88699c3310cd5f489d6d44dbf342fe813c372c54485400f6765f5aa2e9
        currentSHA256: d8d7fb88699c3310cd5f489d6d44dbf342fe813c372c54485400f6765f5aa2e9
      Source:
        unknown [unknown] /Users/zoki/code/context/.scratch/session-orientation/spec.md (from /Users/zoki/code/context/.scratch/records/session-orientation/acceptances/07-evidence-correction-20260916.md; link "../../../session-orientation/spec.md")
        status: valid
        recordedSHA256: bc021e3cd30a4bf978a2d26d530e8b778bd4f8cb250feb6e00c6cce62a024279
        currentSHA256: bc021e3cd30a4bf978a2d26d530e8b778bd4f8cb250feb6e00c6cce62a024279
      Source:
        unknown [unknown] /Users/zoki/code/context/CONTEXT.md (from /Users/zoki/code/context/.scratch/records/session-orientation/acceptances/07-evidence-correction-20260916.md; link "../../../../CONTEXT.md")
        status: stale
        recordedSHA256: a003af0f4845f28fe14191dec210c7ceeabf6a5422fb51e7e0ee7e957d366a55
        currentSHA256: 15cd979f6af442fedec45fd3482741f0cd5362c45900151eab3e0cef452bf9b9
        snapshot_changed: snapshot source differs from the recorded digest [/Users/zoki/code/context/CONTEXT.md] (from /Users/zoki/code/context/.scratch/records/session-orientation/acceptances/07-evidence-correction-20260916.md; link "../../../../CONTEXT.md")
      Source:
        unknown [unknown] /Users/zoki/code/context/docs/agents/issue-tracker.md (from /Users/zoki/code/context/.scratch/records/session-orientation/acceptances/07-evidence-correction-20260916.md; link "../../../../docs/agents/issue-tracker.md")
        status: valid
        recordedSHA256: 5f8f038e1b33f595344b9a1a90d4d194331f83a5e88d6522c2e52844d77a21bb
        currentSHA256: 5f8f038e1b33f595344b9a1a90d4d194331f83a5e88d6522c2e52844d77a21bb
      Source:
        unknown [unknown] /Users/zoki/code/context/.scratch/context-reader/acceptance-trial.md (from /Users/zoki/code/context/.scratch/records/session-orientation/acceptances/07-evidence-correction-20260916.md; link "../../../context-reader/acceptance-trial.md")
        status: valid
        recordedSHA256: 6807e25b385beb71a12e0386c9274fcbd04dfe3c0577b99ae792b8d1236f4775
        currentSHA256: 6807e25b385beb71a12e0386c9274fcbd04dfe3c0577b99ae792b8d1236f4775
      Source:
        unknown [unknown] /Users/zoki/code/context/.scratch/context-reader/acceptance-trial-manifest.json (from /Users/zoki/code/context/.scratch/records/session-orientation/acceptances/07-evidence-correction-20260916.md; link "../../../context-reader/acceptance-trial-manifest.json")
        status: valid
        recordedSHA256: 7808ffca77fdd670e4b15fc29239c8e02d0eed6f75c6133cf759b2928621c86d
        currentSHA256: 7808ffca77fdd670e4b15fc29239c8e02d0eed6f75c6133cf759b2928621c86d
      Source:
        unknown [unknown] /Users/zoki/code/context/.scratch/context-reader/review-verification-manifest.json (from /Users/zoki/code/context/.scratch/records/session-orientation/acceptances/07-evidence-correction-20260916.md; link "../../../context-reader/review-verification-manifest.json")
        status: valid
        recordedSHA256: 16f14c92945bd59d95d9b39c4ce642f316004628a74f4c881e00a2780f9e19a4
        currentSHA256: 16f14c92945bd59d95d9b39c4ce642f316004628a74f4c881e00a2780f9e19a4
      Source:
        unknown [unknown] /Users/zoki/code/context/docs/adr/0003-recorded-acceptance-for-readiness.md (from /Users/zoki/code/context/.scratch/records/session-orientation/acceptances/07-evidence-correction-20260916.md; link "../../../../docs/adr/0003-recorded-acceptance-for-readiness.md")
        status: valid
        recordedSHA256: 84778cb881c73f7ebbe5cc58a9acbb9c1212e1dd421d863d04f1efe021efdc56
        currentSHA256: 84778cb881c73f7ebbe5cc58a9acbb9c1212e1dd421d863d04f1efe021efdc56
      Source:
        unknown [unknown] /Users/zoki/code/context/docs/agents/acceptance.md (from /Users/zoki/code/context/.scratch/records/session-orientation/acceptances/07-evidence-correction-20260916.md; link "../../../../docs/agents/acceptance.md")
        status: valid
        recordedSHA256: fbde78ab62733d1bbe091fba6a867f30f50076c819ee3b0783ac4dcd2d7bf654
        currentSHA256: fbde78ab62733d1bbe091fba6a867f30f50076c819ee3b0783ac4dcd2d7bf654
    Evidence:
      Source:
        unknown [unknown] /Users/zoki/code/context/.scratch/session-orientation/evidence/07-migration-corrected.md (from /Users/zoki/code/context/.scratch/records/session-orientation/acceptances/07-evidence-correction-20260916.md; link "../../../session-orientation/evidence/07-migration-corrected.md")
        status: valid
        recordedSHA256: 12dd98a06ea3c14d062e7915494423d742949ead275cb944c5d4375f21572bc4
        currentSHA256: 12dd98a06ea3c14d062e7915494423d742949ead275cb944c5d4375f21572bc4
      Source:
        unknown [unknown] /Users/zoki/code/context/.scratch/session-orientation/evidence/07-preflight-verification.json (from /Users/zoki/code/context/.scratch/records/session-orientation/acceptances/07-evidence-correction-20260916.md; link "../../../session-orientation/evidence/07-preflight-verification.json")
        status: valid
        recordedSHA256: c9e68e16b75a450daf6d13fbb8ed36eb6db2daca0bf94a346bc8df2a2954e7e0
        currentSHA256: c9e68e16b75a450daf6d13fbb8ed36eb6db2daca0bf94a346bc8df2a2954e7e0
      Source:
        unknown [unknown] /Users/zoki/code/context/.scratch/session-orientation/evidence/07-records-verification.json (from /Users/zoki/code/context/.scratch/records/session-orientation/acceptances/07-evidence-correction-20260916.md; link "../../../session-orientation/evidence/07-records-verification.json")
        status: valid
        recordedSHA256: 0d7c24dab12591716ebab978d65118796a3b6198e1ae9341c411f6e35b1b03b6
        currentSHA256: 0d7c24dab12591716ebab978d65118796a3b6198e1ae9341c411f6e35b1b03b6
      Source:
        unknown [unknown] /Users/zoki/code/context/.scratch/session-orientation/evidence/legacy-migration.md (from /Users/zoki/code/context/.scratch/records/session-orientation/acceptances/07-evidence-correction-20260916.md; link "../../../session-orientation/evidence/legacy-migration.md")
        status: valid
        recordedSHA256: 7c7e4762cf14e588ed8dfee473344c7b6d35cd144e9bf35a4c629f65959ca756
        currentSHA256: 7c7e4762cf14e588ed8dfee473344c7b6d35cd144e9bf35a4c629f65959ca756
      Source:
        unknown [unknown] /Users/zoki/code/context/.scratch/session-orientation/evidence/legacy-migration-observation.json (from /Users/zoki/code/context/.scratch/records/session-orientation/acceptances/07-evidence-correction-20260916.md; link "../../../session-orientation/evidence/legacy-migration-observation.json")
        status: valid
        recordedSHA256: 195cf6e538209058f41aa59e0fc226a08d71249bd6fd0212ad7446370ce88d49
        currentSHA256: 195cf6e538209058f41aa59e0fc226a08d71249bd6fd0212ad7446370ce88d49
      Source:
        unknown [unknown] /Users/zoki/code/context/.scratch/session-orientation/evidence/legacy-record-snapshots.json (from /Users/zoki/code/context/.scratch/records/session-orientation/acceptances/07-evidence-correction-20260916.md; link "../../../session-orientation/evidence/legacy-record-snapshots.json")
        status: valid
        recordedSHA256: c49497167b3b32ccd86d5de702111ff348544d773d128b19ce185da71e9a527a
        currentSHA256: c49497167b3b32ccd86d5de702111ff348544d773d128b19ce185da71e9a527a
      Source:
        unknown [unknown] /Users/zoki/code/context/.scratch/session-orientation/evidence/legacy-merge-correspondence.json (from /Users/zoki/code/context/.scratch/records/session-orientation/acceptances/07-evidence-correction-20260916.md; link "../../../session-orientation/evidence/legacy-merge-correspondence.json")
        status: valid
        recordedSHA256: db0e67626452182e26fec283c1e1a5bf86d473a3324f0b6925984bc64f88c5d1
        currentSHA256: db0e67626452182e26fec283c1e1a5bf86d473a3324f0b6925984bc64f88c5d1
      Source:
        unknown [unknown] /Users/zoki/code/context/.scratch/session-orientation/evidence/review.md (from /Users/zoki/code/context/.scratch/records/session-orientation/acceptances/07-evidence-correction-20260916.md; link "../../../session-orientation/evidence/review.md")
        status: valid
        recordedSHA256: 6ee7c23efe495995a723902f946575b1dc3408286a43843705633e7a7608e255
        currentSHA256: 6ee7c23efe495995a723902f946575b1dc3408286a43843705633e7a7608e255
      Source:
        unknown [unknown] /Users/zoki/code/context/.scratch/session-orientation/evidence/review-reassessment-corrected.md (from /Users/zoki/code/context/.scratch/records/session-orientation/acceptances/07-evidence-correction-20260916.md; link "../../../session-orientation/evidence/review-reassessment-corrected.md")
        status: valid
        recordedSHA256: 34c14226bd542968bda2b219d3abaca2355425a2dc3d8427d26b00cf22a95304
        currentSHA256: 34c14226bd542968bda2b219d3abaca2355425a2dc3d8427d26b00cf22a95304
      Source:
        unknown [unknown] /Users/zoki/code/context/.scratch/session-orientation/preflight-handoff.md (from /Users/zoki/code/context/.scratch/records/session-orientation/acceptances/07-evidence-correction-20260916.md; link "../../../session-orientation/preflight-handoff.md")
        status: valid
        recordedSHA256: ef8d8740589b577391f7f03cadc7fd2a6802767b02baf117556e2efe703c36df
        currentSHA256: ef8d8740589b577391f7f03cadc7fd2a6802767b02baf117556e2efe703c36df
      snapshot_changed: snapshot source differs from the recorded digest [/Users/zoki/code/context/CONTEXT.md] (from /Users/zoki/code/context/.scratch/records/session-orientation/acceptances/07-evidence-correction-20260916.md; link "../../../../CONTEXT.md")
    fingerprint: version 1
      ticketSHA256: 6a5cc47b7570911e3a4f27e7574f4cc263032666173e0ea8c8f0475d1810f535
      criteriaSHA256: a8a411f7df0759aab0fb9260c084777da097aa3549177850841d1e5e635c9261
  Read discovery configuration [591c566c-1d96-4824-8cf0-aa775a69a35f]
    source: /Users/zoki/code/context/.scratch/records/project-discovery/issues/01-read-configuration.md
    identity ambiguous: false
    triage: ready-for-agent; execution: completed; lifecycle: stable
    committed: false; readiness: ready; eligible: false
    Specifications:
      unknown [unknown] /Users/zoki/code/context/.scratch/project-discovery/spec.md (from /Users/zoki/code/context/.scratch/records/project-discovery/issues/01-read-configuration.md; link "../../../project-discovery/spec.md")
    Dependency edges: none observed
    acceptance_criteria: pass
      acceptance_criteria_present: at least one nonempty acceptance criterion is authored [/Users/zoki/code/context/.scratch/records/project-discovery/issues/01-read-configuration.md]
    required_context: pass
      required_context_available: all explicitly selected requirement and context sources are available [/Users/zoki/code/context/.scratch/records/project-discovery/issues/01-read-configuration.md]
    dependencies: pass
      no_dependencies: Blocked by explicitly declares none [/Users/zoki/code/context/.scratch/records/project-discovery/issues/01-read-configuration.md]
    blocking_decisions: pass
      no_blocking_decisions: Blocked by decisions explicitly declares none [/Users/zoki/code/context/.scratch/records/project-discovery/issues/01-read-configuration.md]
    excluded: completed_work: work is recorded as completed [/Users/zoki/code/context/.scratch/records/project-discovery/issues/01-read-configuration.md]
    excluded: not_committed: work is outside current commitments [/Users/zoki/code/context/.scratch/records/project-discovery/issues/01-read-configuration.md]
    acceptance: stale
    acceptance check: fail
    Acceptance record:
      Acceptance: Reassess discovery configuration [092b6c1c-ef2b-48d3-8cad-51605357d0d7] /Users/zoki/code/context/.scratch/records/project-discovery/acceptances/01-configuration-reassessed-20260917.md (from /Users/zoki/code/context/.scratch/records/project-discovery/issues/01-read-configuration.md; link "../acceptances/01-configuration-reassessed-20260917.md")
      actor: workflow Codex /root
      decided at: 2026-09-17T00:44:26+02:00
      tested revision (historical): https://github.com/Zokiio/context 2f4e95a5f172d024aac100d14c56e8a6c02127db
      accepted fingerprint: version 1
      accepted ticketSHA256: ac734016ef5d59a7f84c0bde67cb715e03a8a2d5b60fb69c09f957c4c82a4dfa
      accepted criteriaSHA256: 58e1d5bd114cc919150cebfbe8bdbef37d338f2cf6a75f294b3f3105e4476653
    Human approvals: none recorded
    Requirements:
      Source:
        unknown [unknown] /Users/zoki/code/context/.scratch/project-discovery/spec.md (from /Users/zoki/code/context/.scratch/records/project-discovery/acceptances/01-configuration-reassessed-20260917.md; link "../../../project-discovery/spec.md")
        status: valid
        recordedSHA256: d54c182412a9ee711e1b7a91e2a5ea6c4174dbd8567304ff44fa109a65c41d67
        currentSHA256: d54c182412a9ee711e1b7a91e2a5ea6c4174dbd8567304ff44fa109a65c41d67
      Source:
        unknown [unknown] /Users/zoki/code/context/docs/vision.md (from /Users/zoki/code/context/.scratch/records/project-discovery/acceptances/01-configuration-reassessed-20260917.md; link "../../../../docs/vision.md")
        status: valid
        recordedSHA256: d8d7fb88699c3310cd5f489d6d44dbf342fe813c372c54485400f6765f5aa2e9
        currentSHA256: d8d7fb88699c3310cd5f489d6d44dbf342fe813c372c54485400f6765f5aa2e9
      Source:
        unknown [unknown] /Users/zoki/code/context/CONTEXT.md (from /Users/zoki/code/context/.scratch/records/project-discovery/acceptances/01-configuration-reassessed-20260917.md; link "../../../../CONTEXT.md")
        status: stale
        recordedSHA256: a003af0f4845f28fe14191dec210c7ceeabf6a5422fb51e7e0ee7e957d366a55
        currentSHA256: 15cd979f6af442fedec45fd3482741f0cd5362c45900151eab3e0cef452bf9b9
        snapshot_changed: snapshot source differs from the recorded digest [/Users/zoki/code/context/CONTEXT.md] (from /Users/zoki/code/context/.scratch/records/project-discovery/acceptances/01-configuration-reassessed-20260917.md; link "../../../../CONTEXT.md")
      Source:
        unknown [unknown] /Users/zoki/code/context/docs/adr/0004-directory-specific-project-selection.md (from /Users/zoki/code/context/.scratch/records/project-discovery/acceptances/01-configuration-reassessed-20260917.md; link "../../../../docs/adr/0004-directory-specific-project-selection.md")
        status: valid
        recordedSHA256: efd4654de6c787345c341c26a0076fb605214b3d9aeecc3a1ec01f93752cefbf
        currentSHA256: efd4654de6c787345c341c26a0076fb605214b3d9aeecc3a1ec01f93752cefbf
      Source:
        unknown [unknown] /Users/zoki/code/context/docs/agents/acceptance.md (from /Users/zoki/code/context/.scratch/records/project-discovery/acceptances/01-configuration-reassessed-20260917.md; link "../../../../docs/agents/acceptance.md")
        status: valid
        recordedSHA256: fbde78ab62733d1bbe091fba6a867f30f50076c819ee3b0783ac4dcd2d7bf654
        currentSHA256: fbde78ab62733d1bbe091fba6a867f30f50076c819ee3b0783ac4dcd2d7bf654
    Evidence:
      Source:
        unknown [unknown] /Users/zoki/code/context/.scratch/project-discovery/evidence/01-configuration-reassessment.md (from /Users/zoki/code/context/.scratch/records/project-discovery/acceptances/01-configuration-reassessed-20260917.md; link "../../../project-discovery/evidence/01-configuration-reassessment.md")
        status: valid
        recordedSHA256: a5529223c4b32a28fe46557c56a3e055fc06e3912fb59fb6a904dc3a5d7a3bbf
        currentSHA256: a5529223c4b32a28fe46557c56a3e055fc06e3912fb59fb6a904dc3a5d7a3bbf
      snapshot_changed: snapshot source differs from the recorded digest [/Users/zoki/code/context/CONTEXT.md] (from /Users/zoki/code/context/.scratch/records/project-discovery/acceptances/01-configuration-reassessed-20260917.md; link "../../../../CONTEXT.md")
    fingerprint: version 1
      ticketSHA256: ac734016ef5d59a7f84c0bde67cb715e03a8a2d5b60fb69c09f957c4c82a4dfa
      criteriaSHA256: 58e1d5bd114cc919150cebfbe8bdbef37d338f2cf6a75f294b3f3105e4476653
  Teach skills to maintain and recover working notes [7ce25cb8-22e4-4012-9ba4-dee5095a5c6f]
    source: /Users/zoki/code/context/.scratch/records/cli-wayfinding/issues/06-recovery-skills.md
    identity ambiguous: false
    triage: ready-for-agent; execution: completed; lifecycle: stable
    committed: true; readiness: blocked; eligible: false
    Specifications:
      unknown [unknown] /Users/zoki/code/context/.scratch/cli-wayfinding/spec.md (from /Users/zoki/code/context/.scratch/records/cli-wayfinding/issues/06-recovery-skills.md; link "../../../cli-wayfinding/spec.md")
    Dependency edges:
      Edge 1: status: fail; cycle: false
        From:
          Teach skills to maintain and recover working notes [7ce25cb8-22e4-4012-9ba4-dee5095a5c6f] /Users/zoki/code/context/.scratch/records/cli-wayfinding/issues/06-recovery-skills.md
        To:
          Handle competing and interrupted checkpoints [94acbf45-cc6b-4957-b3fe-3218e955ef3f] /Users/zoki/code/context/.scratch/records/cli-wayfinding/issues/05-competing-checkpoints.md (from /Users/zoki/code/context/.scratch/records/cli-wayfinding/issues/06-recovery-skills.md; link "05-competing-checkpoints.md")
        snapshot_changed: snapshot source differs from the recorded digest [/Users/zoki/code/context/docs/readers.md] (from /Users/zoki/code/context/.scratch/records/cli-wayfinding/acceptances/05-competing-checkpoints-20260919.md; link "../../../../docs/readers.md")
        snapshot_changed: snapshot source differs from the recorded digest [/Users/zoki/code/context/docs/discovery.md] (from /Users/zoki/code/context/.scratch/records/cli-wayfinding/acceptances/05-competing-checkpoints-20260919.md; link "../../../../docs/discovery.md")
        completed_dependency: prerequisite is recorded as completed [/Users/zoki/code/context/.scratch/records/cli-wayfinding/issues/05-competing-checkpoints.md] (from /Users/zoki/code/context/.scratch/records/cli-wayfinding/issues/06-recovery-skills.md; link "05-competing-checkpoints.md")
        acceptance_criteria_present: at least one nonempty acceptance criterion is authored [/Users/zoki/code/context/.scratch/records/cli-wayfinding/issues/05-competing-checkpoints.md] (from /Users/zoki/code/context/.scratch/records/cli-wayfinding/issues/06-recovery-skills.md; link "05-competing-checkpoints.md")
        no_blocking_decisions: Blocked by decisions explicitly declares none [/Users/zoki/code/context/.scratch/records/cli-wayfinding/issues/05-competing-checkpoints.md] (from /Users/zoki/code/context/.scratch/records/cli-wayfinding/issues/06-recovery-skills.md; link "05-competing-checkpoints.md")
        snapshot_changed: snapshot source differs from the recorded digest [/Users/zoki/code/context/docs/readers.md] (from /Users/zoki/code/context/.scratch/records/cli-wayfinding/acceptances/04-retained-checkpoint-review-20260919.md; link "../../../../docs/readers.md")
        snapshot_changed: snapshot source differs from the recorded digest [/Users/zoki/code/context/docs/discovery.md] (from /Users/zoki/code/context/.scratch/records/cli-wayfinding/acceptances/04-retained-checkpoint-review-20260919.md; link "../../../../docs/discovery.md")
        completed_dependency: prerequisite is recorded as completed [/Users/zoki/code/context/.scratch/records/cli-wayfinding/issues/04-retained-checkpoint.md] (from /Users/zoki/code/context/.scratch/records/cli-wayfinding/issues/05-competing-checkpoints.md; link "04-retained-checkpoint.md")
        acceptance_criteria_present: at least one nonempty acceptance criterion is authored [/Users/zoki/code/context/.scratch/records/cli-wayfinding/issues/04-retained-checkpoint.md] (from /Users/zoki/code/context/.scratch/records/cli-wayfinding/issues/05-competing-checkpoints.md; link "04-retained-checkpoint.md")
        no_blocking_decisions: Blocked by decisions explicitly declares none [/Users/zoki/code/context/.scratch/records/cli-wayfinding/issues/04-retained-checkpoint.md] (from /Users/zoki/code/context/.scratch/records/cli-wayfinding/issues/05-competing-checkpoints.md; link "04-retained-checkpoint.md")
        snapshot_changed: snapshot source differs from the recorded digest [/Users/zoki/code/context/docs/readers.md] (from /Users/zoki/code/context/.scratch/records/cli-wayfinding/acceptances/03-resume-without-notes-20260919.md; link "../../../../docs/readers.md")
        snapshot_changed: snapshot source differs from the recorded digest [/Users/zoki/code/context/docs/discovery.md] (from /Users/zoki/code/context/.scratch/records/cli-wayfinding/acceptances/03-resume-without-notes-20260919.md; link "../../../../docs/discovery.md")
        completed_dependency: prerequisite is recorded as completed [/Users/zoki/code/context/.scratch/records/cli-wayfinding/issues/03-resume-without-notes.md] (from /Users/zoki/code/context/.scratch/records/cli-wayfinding/issues/04-retained-checkpoint.md; link "03-resume-without-notes.md")
        acceptance_criteria_present: at least one nonempty acceptance criterion is authored [/Users/zoki/code/context/.scratch/records/cli-wayfinding/issues/03-resume-without-notes.md] (from /Users/zoki/code/context/.scratch/records/cli-wayfinding/issues/04-retained-checkpoint.md; link "03-resume-without-notes.md")
        no_blocking_decisions: Blocked by decisions explicitly declares none [/Users/zoki/code/context/.scratch/records/cli-wayfinding/issues/03-resume-without-notes.md] (from /Users/zoki/code/context/.scratch/records/cli-wayfinding/issues/04-retained-checkpoint.md; link "03-resume-without-notes.md")
        snapshot_changed: snapshot source differs from the recorded digest [/Users/zoki/code/context/docs/readers.md] (from /Users/zoki/code/context/.scratch/records/cli-wayfinding/acceptances/01-share-captured-sources-compatibility-20260919.md; link "../../../../docs/readers.md")
        snapshot_changed: snapshot source differs from the recorded digest [/Users/zoki/code/context/docs/discovery.md] (from /Users/zoki/code/context/.scratch/records/cli-wayfinding/acceptances/01-share-captured-sources-compatibility-20260919.md; link "../../../../docs/discovery.md")
        completed_dependency: prerequisite is recorded as completed [/Users/zoki/code/context/.scratch/records/cli-wayfinding/issues/01-share-captured-sources.md] (from /Users/zoki/code/context/.scratch/records/cli-wayfinding/issues/03-resume-without-notes.md; link "01-share-captured-sources.md")
        acceptance_criteria_present: at least one nonempty acceptance criterion is authored [/Users/zoki/code/context/.scratch/records/cli-wayfinding/issues/01-share-captured-sources.md] (from /Users/zoki/code/context/.scratch/records/cli-wayfinding/issues/03-resume-without-notes.md; link "01-share-captured-sources.md")
        no_blocking_decisions: Blocked by decisions explicitly declares none [/Users/zoki/code/context/.scratch/records/cli-wayfinding/issues/01-share-captured-sources.md] (from /Users/zoki/code/context/.scratch/records/cli-wayfinding/issues/03-resume-without-notes.md; link "01-share-captured-sources.md")
      Edge 2: status: fail; cycle: false
        From:
          Handle competing and interrupted checkpoints [94acbf45-cc6b-4957-b3fe-3218e955ef3f] /Users/zoki/code/context/.scratch/records/cli-wayfinding/issues/05-competing-checkpoints.md
        To:
          Resume from a retained checkpoint [0ddb768d-f1eb-470f-abbb-6eea7e791b94] /Users/zoki/code/context/.scratch/records/cli-wayfinding/issues/04-retained-checkpoint.md (from /Users/zoki/code/context/.scratch/records/cli-wayfinding/issues/05-competing-checkpoints.md; link "04-retained-checkpoint.md")
        snapshot_changed: snapshot source differs from the recorded digest [/Users/zoki/code/context/docs/readers.md] (from /Users/zoki/code/context/.scratch/records/cli-wayfinding/acceptances/04-retained-checkpoint-review-20260919.md; link "../../../../docs/readers.md")
        snapshot_changed: snapshot source differs from the recorded digest [/Users/zoki/code/context/docs/discovery.md] (from /Users/zoki/code/context/.scratch/records/cli-wayfinding/acceptances/04-retained-checkpoint-review-20260919.md; link "../../../../docs/discovery.md")
        completed_dependency: prerequisite is recorded as completed [/Users/zoki/code/context/.scratch/records/cli-wayfinding/issues/04-retained-checkpoint.md] (from /Users/zoki/code/context/.scratch/records/cli-wayfinding/issues/05-competing-checkpoints.md; link "04-retained-checkpoint.md")
        acceptance_criteria_present: at least one nonempty acceptance criterion is authored [/Users/zoki/code/context/.scratch/records/cli-wayfinding/issues/04-retained-checkpoint.md] (from /Users/zoki/code/context/.scratch/records/cli-wayfinding/issues/05-competing-checkpoints.md; link "04-retained-checkpoint.md")
        no_blocking_decisions: Blocked by decisions explicitly declares none [/Users/zoki/code/context/.scratch/records/cli-wayfinding/issues/04-retained-checkpoint.md] (from /Users/zoki/code/context/.scratch/records/cli-wayfinding/issues/05-competing-checkpoints.md; link "04-retained-checkpoint.md")
        snapshot_changed: snapshot source differs from the recorded digest [/Users/zoki/code/context/docs/readers.md] (from /Users/zoki/code/context/.scratch/records/cli-wayfinding/acceptances/03-resume-without-notes-20260919.md; link "../../../../docs/readers.md")
        snapshot_changed: snapshot source differs from the recorded digest [/Users/zoki/code/context/docs/discovery.md] (from /Users/zoki/code/context/.scratch/records/cli-wayfinding/acceptances/03-resume-without-notes-20260919.md; link "../../../../docs/discovery.md")
        completed_dependency: prerequisite is recorded as completed [/Users/zoki/code/context/.scratch/records/cli-wayfinding/issues/03-resume-without-notes.md] (from /Users/zoki/code/context/.scratch/records/cli-wayfinding/issues/04-retained-checkpoint.md; link "03-resume-without-notes.md")
        acceptance_criteria_present: at least one nonempty acceptance criterion is authored [/Users/zoki/code/context/.scratch/records/cli-wayfinding/issues/03-resume-without-notes.md] (from /Users/zoki/code/context/.scratch/records/cli-wayfinding/issues/04-retained-checkpoint.md; link "03-resume-without-notes.md")
        no_blocking_decisions: Blocked by decisions explicitly declares none [/Users/zoki/code/context/.scratch/records/cli-wayfinding/issues/03-resume-without-notes.md] (from /Users/zoki/code/context/.scratch/records/cli-wayfinding/issues/04-retained-checkpoint.md; link "03-resume-without-notes.md")
        snapshot_changed: snapshot source differs from the recorded digest [/Users/zoki/code/context/docs/readers.md] (from /Users/zoki/code/context/.scratch/records/cli-wayfinding/acceptances/01-share-captured-sources-compatibility-20260919.md; link "../../../../docs/readers.md")
        snapshot_changed: snapshot source differs from the recorded digest [/Users/zoki/code/context/docs/discovery.md] (from /Users/zoki/code/context/.scratch/records/cli-wayfinding/acceptances/01-share-captured-sources-compatibility-20260919.md; link "../../../../docs/discovery.md")
        completed_dependency: prerequisite is recorded as completed [/Users/zoki/code/context/.scratch/records/cli-wayfinding/issues/01-share-captured-sources.md] (from /Users/zoki/code/context/.scratch/records/cli-wayfinding/issues/03-resume-without-notes.md; link "01-share-captured-sources.md")
        acceptance_criteria_present: at least one nonempty acceptance criterion is authored [/Users/zoki/code/context/.scratch/records/cli-wayfinding/issues/01-share-captured-sources.md] (from /Users/zoki/code/context/.scratch/records/cli-wayfinding/issues/03-resume-without-notes.md; link "01-share-captured-sources.md")
        no_blocking_decisions: Blocked by decisions explicitly declares none [/Users/zoki/code/context/.scratch/records/cli-wayfinding/issues/01-share-captured-sources.md] (from /Users/zoki/code/context/.scratch/records/cli-wayfinding/issues/03-resume-without-notes.md; link "01-share-captured-sources.md")
      Edge 3: status: fail; cycle: false
        From:
          Resume from a retained checkpoint [0ddb768d-f1eb-470f-abbb-6eea7e791b94] /Users/zoki/code/context/.scratch/records/cli-wayfinding/issues/04-retained-checkpoint.md
        To:
          Resume a task without recovery notes [275621c7-0090-4d6b-95ab-04b343e9141e] /Users/zoki/code/context/.scratch/records/cli-wayfinding/issues/03-resume-without-notes.md (from /Users/zoki/code/context/.scratch/records/cli-wayfinding/issues/04-retained-checkpoint.md; link "03-resume-without-notes.md")
        snapshot_changed: snapshot source differs from the recorded digest [/Users/zoki/code/context/docs/readers.md] (from /Users/zoki/code/context/.scratch/records/cli-wayfinding/acceptances/03-resume-without-notes-20260919.md; link "../../../../docs/readers.md")
        snapshot_changed: snapshot source differs from the recorded digest [/Users/zoki/code/context/docs/discovery.md] (from /Users/zoki/code/context/.scratch/records/cli-wayfinding/acceptances/03-resume-without-notes-20260919.md; link "../../../../docs/discovery.md")
        completed_dependency: prerequisite is recorded as completed [/Users/zoki/code/context/.scratch/records/cli-wayfinding/issues/03-resume-without-notes.md] (from /Users/zoki/code/context/.scratch/records/cli-wayfinding/issues/04-retained-checkpoint.md; link "03-resume-without-notes.md")
        acceptance_criteria_present: at least one nonempty acceptance criterion is authored [/Users/zoki/code/context/.scratch/records/cli-wayfinding/issues/03-resume-without-notes.md] (from /Users/zoki/code/context/.scratch/records/cli-wayfinding/issues/04-retained-checkpoint.md; link "03-resume-without-notes.md")
        no_blocking_decisions: Blocked by decisions explicitly declares none [/Users/zoki/code/context/.scratch/records/cli-wayfinding/issues/03-resume-without-notes.md] (from /Users/zoki/code/context/.scratch/records/cli-wayfinding/issues/04-retained-checkpoint.md; link "03-resume-without-notes.md")
        snapshot_changed: snapshot source differs from the recorded digest [/Users/zoki/code/context/docs/readers.md] (from /Users/zoki/code/context/.scratch/records/cli-wayfinding/acceptances/01-share-captured-sources-compatibility-20260919.md; link "../../../../docs/readers.md")
        snapshot_changed: snapshot source differs from the recorded digest [/Users/zoki/code/context/docs/discovery.md] (from /Users/zoki/code/context/.scratch/records/cli-wayfinding/acceptances/01-share-captured-sources-compatibility-20260919.md; link "../../../../docs/discovery.md")
        completed_dependency: prerequisite is recorded as completed [/Users/zoki/code/context/.scratch/records/cli-wayfinding/issues/01-share-captured-sources.md] (from /Users/zoki/code/context/.scratch/records/cli-wayfinding/issues/03-resume-without-notes.md; link "01-share-captured-sources.md")
        acceptance_criteria_present: at least one nonempty acceptance criterion is authored [/Users/zoki/code/context/.scratch/records/cli-wayfinding/issues/01-share-captured-sources.md] (from /Users/zoki/code/context/.scratch/records/cli-wayfinding/issues/03-resume-without-notes.md; link "01-share-captured-sources.md")
        no_blocking_decisions: Blocked by decisions explicitly declares none [/Users/zoki/code/context/.scratch/records/cli-wayfinding/issues/01-share-captured-sources.md] (from /Users/zoki/code/context/.scratch/records/cli-wayfinding/issues/03-resume-without-notes.md; link "01-share-captured-sources.md")
      Edge 4: status: fail; cycle: false
        From:
          Resume a task without recovery notes [275621c7-0090-4d6b-95ab-04b343e9141e] /Users/zoki/code/context/.scratch/records/cli-wayfinding/issues/03-resume-without-notes.md
        To:
          Share captured sources between readers [0ab38e7a-c417-4f5d-a1e6-3d012b785952] /Users/zoki/code/context/.scratch/records/cli-wayfinding/issues/01-share-captured-sources.md (from /Users/zoki/code/context/.scratch/records/cli-wayfinding/issues/03-resume-without-notes.md; link "01-share-captured-sources.md")
        snapshot_changed: snapshot source differs from the recorded digest [/Users/zoki/code/context/docs/readers.md] (from /Users/zoki/code/context/.scratch/records/cli-wayfinding/acceptances/01-share-captured-sources-compatibility-20260919.md; link "../../../../docs/readers.md")
        snapshot_changed: snapshot source differs from the recorded digest [/Users/zoki/code/context/docs/discovery.md] (from /Users/zoki/code/context/.scratch/records/cli-wayfinding/acceptances/01-share-captured-sources-compatibility-20260919.md; link "../../../../docs/discovery.md")
        completed_dependency: prerequisite is recorded as completed [/Users/zoki/code/context/.scratch/records/cli-wayfinding/issues/01-share-captured-sources.md] (from /Users/zoki/code/context/.scratch/records/cli-wayfinding/issues/03-resume-without-notes.md; link "01-share-captured-sources.md")
        acceptance_criteria_present: at least one nonempty acceptance criterion is authored [/Users/zoki/code/context/.scratch/records/cli-wayfinding/issues/01-share-captured-sources.md] (from /Users/zoki/code/context/.scratch/records/cli-wayfinding/issues/03-resume-without-notes.md; link "01-share-captured-sources.md")
        no_blocking_decisions: Blocked by decisions explicitly declares none [/Users/zoki/code/context/.scratch/records/cli-wayfinding/issues/01-share-captured-sources.md] (from /Users/zoki/code/context/.scratch/records/cli-wayfinding/issues/03-resume-without-notes.md; link "01-share-captured-sources.md")
        no_dependencies: Blocked by explicitly declares none [/Users/zoki/code/context/.scratch/records/cli-wayfinding/issues/01-share-captured-sources.md]
    acceptance_criteria: pass
      acceptance_criteria_present: at least one nonempty acceptance criterion is authored [/Users/zoki/code/context/.scratch/records/cli-wayfinding/issues/06-recovery-skills.md]
    required_context: pass
      required_context_available: all explicitly selected requirement and context sources are available [/Users/zoki/code/context/.scratch/records/cli-wayfinding/issues/06-recovery-skills.md]
    dependencies: fail
      snapshot_changed: snapshot source differs from the recorded digest [/Users/zoki/code/context/docs/readers.md] (from /Users/zoki/code/context/.scratch/records/cli-wayfinding/acceptances/05-competing-checkpoints-20260919.md; link "../../../../docs/readers.md")
      snapshot_changed: snapshot source differs from the recorded digest [/Users/zoki/code/context/docs/discovery.md] (from /Users/zoki/code/context/.scratch/records/cli-wayfinding/acceptances/05-competing-checkpoints-20260919.md; link "../../../../docs/discovery.md")
      completed_dependency: prerequisite is recorded as completed [/Users/zoki/code/context/.scratch/records/cli-wayfinding/issues/05-competing-checkpoints.md] (from /Users/zoki/code/context/.scratch/records/cli-wayfinding/issues/06-recovery-skills.md; link "05-competing-checkpoints.md")
      acceptance_criteria_present: at least one nonempty acceptance criterion is authored [/Users/zoki/code/context/.scratch/records/cli-wayfinding/issues/05-competing-checkpoints.md] (from /Users/zoki/code/context/.scratch/records/cli-wayfinding/issues/06-recovery-skills.md; link "05-competing-checkpoints.md")
      no_blocking_decisions: Blocked by decisions explicitly declares none [/Users/zoki/code/context/.scratch/records/cli-wayfinding/issues/05-competing-checkpoints.md] (from /Users/zoki/code/context/.scratch/records/cli-wayfinding/issues/06-recovery-skills.md; link "05-competing-checkpoints.md")
      snapshot_changed: snapshot source differs from the recorded digest [/Users/zoki/code/context/docs/readers.md] (from /Users/zoki/code/context/.scratch/records/cli-wayfinding/acceptances/04-retained-checkpoint-review-20260919.md; link "../../../../docs/readers.md")
      snapshot_changed: snapshot source differs from the recorded digest [/Users/zoki/code/context/docs/discovery.md] (from /Users/zoki/code/context/.scratch/records/cli-wayfinding/acceptances/04-retained-checkpoint-review-20260919.md; link "../../../../docs/discovery.md")
      completed_dependency: prerequisite is recorded as completed [/Users/zoki/code/context/.scratch/records/cli-wayfinding/issues/04-retained-checkpoint.md] (from /Users/zoki/code/context/.scratch/records/cli-wayfinding/issues/05-competing-checkpoints.md; link "04-retained-checkpoint.md")
      acceptance_criteria_present: at least one nonempty acceptance criterion is authored [/Users/zoki/code/context/.scratch/records/cli-wayfinding/issues/04-retained-checkpoint.md] (from /Users/zoki/code/context/.scratch/records/cli-wayfinding/issues/05-competing-checkpoints.md; link "04-retained-checkpoint.md")
      no_blocking_decisions: Blocked by decisions explicitly declares none [/Users/zoki/code/context/.scratch/records/cli-wayfinding/issues/04-retained-checkpoint.md] (from /Users/zoki/code/context/.scratch/records/cli-wayfinding/issues/05-competing-checkpoints.md; link "04-retained-checkpoint.md")
      snapshot_changed: snapshot source differs from the recorded digest [/Users/zoki/code/context/docs/readers.md] (from /Users/zoki/code/context/.scratch/records/cli-wayfinding/acceptances/03-resume-without-notes-20260919.md; link "../../../../docs/readers.md")
      snapshot_changed: snapshot source differs from the recorded digest [/Users/zoki/code/context/docs/discovery.md] (from /Users/zoki/code/context/.scratch/records/cli-wayfinding/acceptances/03-resume-without-notes-20260919.md; link "../../../../docs/discovery.md")
      completed_dependency: prerequisite is recorded as completed [/Users/zoki/code/context/.scratch/records/cli-wayfinding/issues/03-resume-without-notes.md] (from /Users/zoki/code/context/.scratch/records/cli-wayfinding/issues/04-retained-checkpoint.md; link "03-resume-without-notes.md")
      acceptance_criteria_present: at least one nonempty acceptance criterion is authored [/Users/zoki/code/context/.scratch/records/cli-wayfinding/issues/03-resume-without-notes.md] (from /Users/zoki/code/context/.scratch/records/cli-wayfinding/issues/04-retained-checkpoint.md; link "03-resume-without-notes.md")
      no_blocking_decisions: Blocked by decisions explicitly declares none [/Users/zoki/code/context/.scratch/records/cli-wayfinding/issues/03-resume-without-notes.md] (from /Users/zoki/code/context/.scratch/records/cli-wayfinding/issues/04-retained-checkpoint.md; link "03-resume-without-notes.md")
      snapshot_changed: snapshot source differs from the recorded digest [/Users/zoki/code/context/docs/readers.md] (from /Users/zoki/code/context/.scratch/records/cli-wayfinding/acceptances/01-share-captured-sources-compatibility-20260919.md; link "../../../../docs/readers.md")
      snapshot_changed: snapshot source differs from the recorded digest [/Users/zoki/code/context/docs/discovery.md] (from /Users/zoki/code/context/.scratch/records/cli-wayfinding/acceptances/01-share-captured-sources-compatibility-20260919.md; link "../../../../docs/discovery.md")
      completed_dependency: prerequisite is recorded as completed [/Users/zoki/code/context/.scratch/records/cli-wayfinding/issues/01-share-captured-sources.md] (from /Users/zoki/code/context/.scratch/records/cli-wayfinding/issues/03-resume-without-notes.md; link "01-share-captured-sources.md")
      acceptance_criteria_present: at least one nonempty acceptance criterion is authored [/Users/zoki/code/context/.scratch/records/cli-wayfinding/issues/01-share-captured-sources.md] (from /Users/zoki/code/context/.scratch/records/cli-wayfinding/issues/03-resume-without-notes.md; link "01-share-captured-sources.md")
      no_blocking_decisions: Blocked by decisions explicitly declares none [/Users/zoki/code/context/.scratch/records/cli-wayfinding/issues/01-share-captured-sources.md] (from /Users/zoki/code/context/.scratch/records/cli-wayfinding/issues/03-resume-without-notes.md; link "01-share-captured-sources.md")
    blocking_decisions: pass
      no_blocking_decisions: Blocked by decisions explicitly declares none [/Users/zoki/code/context/.scratch/records/cli-wayfinding/issues/06-recovery-skills.md]
    excluded: completed_work: work is recorded as completed [/Users/zoki/code/context/.scratch/records/cli-wayfinding/issues/06-recovery-skills.md]
    excluded: readiness_blocked: readiness is blocked; inspect its checks [/Users/zoki/code/context/.scratch/records/cli-wayfinding/issues/06-recovery-skills.md]
    acceptance: stale
    acceptance check: fail
    Acceptance record:
      Acceptance: Teach skills to maintain and recover working notes [e032df66-70cb-4f74-b742-926985a2619e] /Users/zoki/code/context/.scratch/records/cli-wayfinding/acceptances/06-recovery-skills-20260919.md (from /Users/zoki/code/context/.scratch/records/cli-wayfinding/issues/06-recovery-skills.md; link "../acceptances/06-recovery-skills-20260919.md")
      actor: workflow Codex /root
      decided at: 2026-09-19T00:20:27.601629+00:00
      tested revision (historical): https://github.com/Zokiio/context ce8b183
      accepted fingerprint: version 1
      accepted ticketSHA256: 4c6177e3ca03702a30e0d11a97690324610e32b29ebb9faa05281f1bf0bd0667
      accepted criteriaSHA256: 17b38a255196626202afe3135ad3df04e897765b33ecd29238c9abe5c4b54e2b
    Human approvals: none recorded
    Requirements:
      Source:
        unknown [unknown] /Users/zoki/code/context/.scratch/cli-wayfinding/spec.md (from /Users/zoki/code/context/.scratch/records/cli-wayfinding/acceptances/06-recovery-skills-20260919.md; link "../../../cli-wayfinding/spec.md")
        status: valid
        recordedSHA256: 02fd24104a5b3a5be8f944074cd01815d9d4490fed4962d6c3e4fa65de9dda3b
        currentSHA256: 02fd24104a5b3a5be8f944074cd01815d9d4490fed4962d6c3e4fa65de9dda3b
      Source:
        unknown [unknown] /Users/zoki/code/context/docs/vision.md (from /Users/zoki/code/context/.scratch/records/cli-wayfinding/acceptances/06-recovery-skills-20260919.md; link "../../../../docs/vision.md")
        status: valid
        recordedSHA256: d8d7fb88699c3310cd5f489d6d44dbf342fe813c372c54485400f6765f5aa2e9
        currentSHA256: d8d7fb88699c3310cd5f489d6d44dbf342fe813c372c54485400f6765f5aa2e9
      Source:
        unknown [unknown] /Users/zoki/code/context/CONTEXT.md (from /Users/zoki/code/context/.scratch/records/cli-wayfinding/acceptances/06-recovery-skills-20260919.md; link "../../../../CONTEXT.md")
        status: valid
        recordedSHA256: 15cd979f6af442fedec45fd3482741f0cd5362c45900151eab3e0cef452bf9b9
        currentSHA256: 15cd979f6af442fedec45fd3482741f0cd5362c45900151eab3e0cef452bf9b9
      Source:
        unknown [unknown] /Users/zoki/code/context/docs/readers.md (from /Users/zoki/code/context/.scratch/records/cli-wayfinding/acceptances/06-recovery-skills-20260919.md; link "../../../../docs/readers.md")
        status: stale
        recordedSHA256: 2d77cb22a87cc9db1b7651eafc8ef81126a640d07533a67aaf1deab2a315cbe5
        currentSHA256: ab05ea8fae969ef5902ffc3708a5207a2aac0722584f90d10318411e3f276121
        snapshot_changed: snapshot source differs from the recorded digest [/Users/zoki/code/context/docs/readers.md] (from /Users/zoki/code/context/.scratch/records/cli-wayfinding/acceptances/06-recovery-skills-20260919.md; link "../../../../docs/readers.md")
      Source:
        unknown [unknown] /Users/zoki/code/context/docs/discovery.md (from /Users/zoki/code/context/.scratch/records/cli-wayfinding/acceptances/06-recovery-skills-20260919.md; link "../../../../docs/discovery.md")
        status: stale
        recordedSHA256: 65993249cdbb6a2e9cea2fc410d7822e535e2ba136b96d4911dbbdd40a3758fe
        currentSHA256: 59068cecea1b31f04c2c7779165e995ab3ed72f7049b9c15a7a3cad7700bf0d7
        snapshot_changed: snapshot source differs from the recorded digest [/Users/zoki/code/context/docs/discovery.md] (from /Users/zoki/code/context/.scratch/records/cli-wayfinding/acceptances/06-recovery-skills-20260919.md; link "../../../../docs/discovery.md")
      Source:
        unknown [unknown] /Users/zoki/code/context/docs/agents/acceptance.md (from /Users/zoki/code/context/.scratch/records/cli-wayfinding/acceptances/06-recovery-skills-20260919.md; link "../../../../docs/agents/acceptance.md")
        status: valid
        recordedSHA256: fbde78ab62733d1bbe091fba6a867f30f50076c819ee3b0783ac4dcd2d7bf654
        currentSHA256: fbde78ab62733d1bbe091fba6a867f30f50076c819ee3b0783ac4dcd2d7bf654
      Source:
        unknown [unknown] /Users/zoki/code/context/docs/adr/0003-recorded-acceptance-for-readiness.md (from /Users/zoki/code/context/.scratch/records/cli-wayfinding/acceptances/06-recovery-skills-20260919.md; link "../../../../docs/adr/0003-recorded-acceptance-for-readiness.md")
        status: valid
        recordedSHA256: 84778cb881c73f7ebbe5cc58a9acbb9c1212e1dd421d863d04f1efe021efdc56
        currentSHA256: 84778cb881c73f7ebbe5cc58a9acbb9c1212e1dd421d863d04f1efe021efdc56
      Source:
        unknown [unknown] /Users/zoki/code/context/docs/adr/0004-directory-specific-project-selection.md (from /Users/zoki/code/context/.scratch/records/cli-wayfinding/acceptances/06-recovery-skills-20260919.md; link "../../../../docs/adr/0004-directory-specific-project-selection.md")
        status: valid
        recordedSHA256: efd4654de6c787345c341c26a0076fb605214b3d9aeecc3a1ec01f93752cefbf
        currentSHA256: efd4654de6c787345c341c26a0076fb605214b3d9aeecc3a1ec01f93752cefbf
    Evidence:
      Source:
        unknown [unknown] /Users/zoki/code/context/.scratch/cli-wayfinding/evidence/06-recovery-instructions.md (from /Users/zoki/code/context/.scratch/records/cli-wayfinding/acceptances/06-recovery-skills-20260919.md; link "../../../cli-wayfinding/evidence/06-recovery-instructions.md")
        status: valid
        recordedSHA256: ed8768bb093bf4b8d286350ca3c83e5e0051fb13e59c388872ca4e395e200995
        currentSHA256: ed8768bb093bf4b8d286350ca3c83e5e0051fb13e59c388872ca4e395e200995
      Source:
        unknown [unknown] /Users/zoki/code/context/.scratch/cli-wayfinding/evidence/06-trial-manifest.json (from /Users/zoki/code/context/.scratch/records/cli-wayfinding/acceptances/06-recovery-skills-20260919.md; link "../../../cli-wayfinding/evidence/06-trial-manifest.json")
        status: valid
        recordedSHA256: 2fd791fcd66891193d06ba08f56d3669c96c82113c0e44699549ea5e8920bb45
        currentSHA256: 2fd791fcd66891193d06ba08f56d3669c96c82113c0e44699549ea5e8920bb45
      Source:
        unknown [unknown] /Users/zoki/code/context/.scratch/cli-wayfinding/evidence/06-filesystem-trial.sh (from /Users/zoki/code/context/.scratch/records/cli-wayfinding/acceptances/06-recovery-skills-20260919.md; link "../../../cli-wayfinding/evidence/06-filesystem-trial.sh")
        status: valid
        recordedSHA256: 5d099cc2b118cc611b0a24c72d08dbd41b75729ab97de8b2fa3256a674f37958
        currentSHA256: 5d099cc2b118cc611b0a24c72d08dbd41b75729ab97de8b2fa3256a674f37958
      snapshot_changed: snapshot source differs from the recorded digest [/Users/zoki/code/context/docs/readers.md] (from /Users/zoki/code/context/.scratch/records/cli-wayfinding/acceptances/06-recovery-skills-20260919.md; link "../../../../docs/readers.md")
      snapshot_changed: snapshot source differs from the recorded digest [/Users/zoki/code/context/docs/discovery.md] (from /Users/zoki/code/context/.scratch/records/cli-wayfinding/acceptances/06-recovery-skills-20260919.md; link "../../../../docs/discovery.md")
    fingerprint: version 1
      ticketSHA256: 4c6177e3ca03702a30e0d11a97690324610e32b29ebb9faa05281f1bf0bd0667
      criteriaSHA256: 17b38a255196626202afe3135ad3df04e897765b33ecd29238c9abe5c4b54e2b
  Expose reproducible requirement fingerprints [8888abfc-d72c-42c0-8a28-08c7235d68c6]
    source: /Users/zoki/code/context/.scratch/records/session-orientation/issues/04-expose-requirement-fingerprints.md
    identity ambiguous: false
    triage: ready-for-agent; execution: completed; lifecycle: stable
    committed: false; readiness: blocked; eligible: false
    Specifications:
      unknown [unknown] /Users/zoki/code/context/.scratch/session-orientation/spec.md (from /Users/zoki/code/context/.scratch/records/session-orientation/issues/04-expose-requirement-fingerprints.md; link "../../../session-orientation/spec.md")
    Dependency edges:
      Edge 1: status: fail; cycle: false
        From:
          Expose reproducible requirement fingerprints [8888abfc-d72c-42c0-8a28-08c7235d68c6] /Users/zoki/code/context/.scratch/records/session-orientation/issues/04-expose-requirement-fingerprints.md
        To:
          Show project orientation and work inventory [e1f2dcee-d054-4311-9719-a55e29f576f5] /Users/zoki/code/context/.scratch/records/session-orientation/issues/01-show-project-orientation.md (from /Users/zoki/code/context/.scratch/records/session-orientation/issues/04-expose-requirement-fingerprints.md; link "01-show-project-orientation.md")
        snapshot_changed: snapshot source differs from the recorded digest [/Users/zoki/code/context/CONTEXT.md] (from /Users/zoki/code/context/.scratch/records/session-orientation/acceptances/01-evidence-correction-20260916.md; link "../../../../CONTEXT.md")
        completed_dependency: prerequisite is recorded as completed [/Users/zoki/code/context/.scratch/records/session-orientation/issues/01-show-project-orientation.md] (from /Users/zoki/code/context/.scratch/records/session-orientation/issues/04-expose-requirement-fingerprints.md; link "01-show-project-orientation.md")
        acceptance_criteria_present: at least one nonempty acceptance criterion is authored [/Users/zoki/code/context/.scratch/records/session-orientation/issues/01-show-project-orientation.md] (from /Users/zoki/code/context/.scratch/records/session-orientation/issues/04-expose-requirement-fingerprints.md; link "01-show-project-orientation.md")
        no_blocking_decisions: Blocked by decisions explicitly declares none [/Users/zoki/code/context/.scratch/records/session-orientation/issues/01-show-project-orientation.md] (from /Users/zoki/code/context/.scratch/records/session-orientation/issues/04-expose-requirement-fingerprints.md; link "01-show-project-orientation.md")
        no_dependencies: Blocked by explicitly declares none [/Users/zoki/code/context/.scratch/records/session-orientation/issues/01-show-project-orientation.md]
    acceptance_criteria: pass
      acceptance_criteria_present: at least one nonempty acceptance criterion is authored [/Users/zoki/code/context/.scratch/records/session-orientation/issues/04-expose-requirement-fingerprints.md]
    required_context: pass
      required_context_available: all explicitly selected requirement and context sources are available [/Users/zoki/code/context/.scratch/records/session-orientation/issues/04-expose-requirement-fingerprints.md]
    dependencies: fail
      snapshot_changed: snapshot source differs from the recorded digest [/Users/zoki/code/context/CONTEXT.md] (from /Users/zoki/code/context/.scratch/records/session-orientation/acceptances/01-evidence-correction-20260916.md; link "../../../../CONTEXT.md")
      completed_dependency: prerequisite is recorded as completed [/Users/zoki/code/context/.scratch/records/session-orientation/issues/01-show-project-orientation.md] (from /Users/zoki/code/context/.scratch/records/session-orientation/issues/04-expose-requirement-fingerprints.md; link "01-show-project-orientation.md")
      acceptance_criteria_present: at least one nonempty acceptance criterion is authored [/Users/zoki/code/context/.scratch/records/session-orientation/issues/01-show-project-orientation.md] (from /Users/zoki/code/context/.scratch/records/session-orientation/issues/04-expose-requirement-fingerprints.md; link "01-show-project-orientation.md")
      no_blocking_decisions: Blocked by decisions explicitly declares none [/Users/zoki/code/context/.scratch/records/session-orientation/issues/01-show-project-orientation.md] (from /Users/zoki/code/context/.scratch/records/session-orientation/issues/04-expose-requirement-fingerprints.md; link "01-show-project-orientation.md")
    blocking_decisions: pass
      no_blocking_decisions: Blocked by decisions explicitly declares none [/Users/zoki/code/context/.scratch/records/session-orientation/issues/04-expose-requirement-fingerprints.md]
    excluded: completed_work: work is recorded as completed [/Users/zoki/code/context/.scratch/records/session-orientation/issues/04-expose-requirement-fingerprints.md]
    excluded: not_committed: work is outside current commitments [/Users/zoki/code/context/.scratch/records/session-orientation/issues/04-expose-requirement-fingerprints.md]
    excluded: readiness_blocked: readiness is blocked; inspect its checks [/Users/zoki/code/context/.scratch/records/session-orientation/issues/04-expose-requirement-fingerprints.md]
    acceptance: stale
    acceptance check: fail
    Acceptance record:
      Acceptance: Expose reproducible requirement fingerprints [9f5341a5-dc27-4eed-be5d-59aa5c13387b] /Users/zoki/code/context/.scratch/records/session-orientation/acceptances/04-authoring-reassessment-20260916.md (from /Users/zoki/code/context/.scratch/records/session-orientation/issues/04-expose-requirement-fingerprints.md; link "../acceptances/04-authoring-reassessment-20260916.md")
      actor: workflow Codex coordinating agent
      decided at: 2026-09-16T12:34:00.241160+00:00
      tested revision (historical): https://github.com/Zokiio/context working-tree:9666b19340834db9360c43c12dc2f40920e16c21; source-manifest-sha256:6dc6e1307406f9eb1d8956f6cb0b4768de1bcffaa346681a68339a52d3bb245a
      accepted fingerprint: version 1
      accepted ticketSHA256: 7f083139488c3022e56b3da2af0811964eac47824517647173501c18db38bcd7
      accepted criteriaSHA256: e9da0affec361f067d6ac25f34c0a8ede4ee8112e97a052045e7eb63dae5efd6
    Human approvals: none recorded
    Requirements:
      Source:
        unknown [unknown] /Users/zoki/code/context/CONTEXT.md (from /Users/zoki/code/context/.scratch/records/session-orientation/acceptances/04-authoring-reassessment-20260916.md; link "../../../../CONTEXT.md")
        status: stale
        recordedSHA256: a003af0f4845f28fe14191dec210c7ceeabf6a5422fb51e7e0ee7e957d366a55
        currentSHA256: 15cd979f6af442fedec45fd3482741f0cd5362c45900151eab3e0cef452bf9b9
        snapshot_changed: snapshot source differs from the recorded digest [/Users/zoki/code/context/CONTEXT.md] (from /Users/zoki/code/context/.scratch/records/session-orientation/acceptances/04-authoring-reassessment-20260916.md; link "../../../../CONTEXT.md")
      Source:
        unknown [unknown] /Users/zoki/code/context/docs/adr/0002-work-relationships-in-markdown-sections.md (from /Users/zoki/code/context/.scratch/records/session-orientation/acceptances/04-authoring-reassessment-20260916.md; link "../../../../docs/adr/0002-work-relationships-in-markdown-sections.md")
        status: valid
        recordedSHA256: 4254ead8e1d55c05f27576151fd635f859a37ce2072022174fe09745440b152f
        currentSHA256: 4254ead8e1d55c05f27576151fd635f859a37ce2072022174fe09745440b152f
      Source:
        unknown [unknown] /Users/zoki/code/context/docs/agents/issue-tracker.md (from /Users/zoki/code/context/.scratch/records/session-orientation/acceptances/04-authoring-reassessment-20260916.md; link "../../../../docs/agents/issue-tracker.md")
        status: valid
        recordedSHA256: 5f8f038e1b33f595344b9a1a90d4d194331f83a5e88d6522c2e52844d77a21bb
        currentSHA256: 5f8f038e1b33f595344b9a1a90d4d194331f83a5e88d6522c2e52844d77a21bb
      Source:
        unknown [unknown] /Users/zoki/code/context/.scratch/session-orientation/spec.md (from /Users/zoki/code/context/.scratch/records/session-orientation/acceptances/04-authoring-reassessment-20260916.md; link "../../../session-orientation/spec.md")
        status: valid
        recordedSHA256: bc021e3cd30a4bf978a2d26d530e8b778bd4f8cb250feb6e00c6cce62a024279
        currentSHA256: bc021e3cd30a4bf978a2d26d530e8b778bd4f8cb250feb6e00c6cce62a024279
      Source:
        unknown [unknown] /Users/zoki/code/context/docs/adr/0003-recorded-acceptance-for-readiness.md (from /Users/zoki/code/context/.scratch/records/session-orientation/acceptances/04-authoring-reassessment-20260916.md; link "../../../../docs/adr/0003-recorded-acceptance-for-readiness.md")
        status: valid
        recordedSHA256: 84778cb881c73f7ebbe5cc58a9acbb9c1212e1dd421d863d04f1efe021efdc56
        currentSHA256: 84778cb881c73f7ebbe5cc58a9acbb9c1212e1dd421d863d04f1efe021efdc56
      Source:
        unknown [unknown] /Users/zoki/code/context/docs/agents/acceptance.md (from /Users/zoki/code/context/.scratch/records/session-orientation/acceptances/04-authoring-reassessment-20260916.md; link "../../../../docs/agents/acceptance.md")
        status: valid
        recordedSHA256: fbde78ab62733d1bbe091fba6a867f30f50076c819ee3b0783ac4dcd2d7bf654
        currentSHA256: fbde78ab62733d1bbe091fba6a867f30f50076c819ee3b0783ac4dcd2d7bf654
    Evidence:
      Source:
        unknown [unknown] /Users/zoki/code/context/.scratch/session-orientation/evidence/04-fingerprints.md (from /Users/zoki/code/context/.scratch/records/session-orientation/acceptances/04-authoring-reassessment-20260916.md; link "../../../session-orientation/evidence/04-fingerprints.md")
        status: valid
        recordedSHA256: 0b11bd112eb12baf00cb494fdc591201160f6f5d906ded72157ed75cad5b3c67
        currentSHA256: 0b11bd112eb12baf00cb494fdc591201160f6f5d906ded72157ed75cad5b3c67
      Source:
        unknown [unknown] /Users/zoki/code/context/.scratch/session-orientation/evidence/02-04-verification.json (from /Users/zoki/code/context/.scratch/records/session-orientation/acceptances/04-authoring-reassessment-20260916.md; link "../../../session-orientation/evidence/02-04-verification.json")
        status: valid
        recordedSHA256: 37076945b9b7497ac30539fb148a160efb63bcdf2070a8f767e4318e69a06b1d
        currentSHA256: 37076945b9b7497ac30539fb148a160efb63bcdf2070a8f767e4318e69a06b1d
      Source:
        unknown [unknown] /Users/zoki/code/context/.scratch/session-orientation/evidence/04-fingerprint-review.md (from /Users/zoki/code/context/.scratch/records/session-orientation/acceptances/04-authoring-reassessment-20260916.md; link "../../../session-orientation/evidence/04-fingerprint-review.md")
        status: valid
        recordedSHA256: 7831d725c70f7392cf6e2624cdff55d39c99a7d66a75093946e98a5fc4b964af
        currentSHA256: 7831d725c70f7392cf6e2624cdff55d39c99a7d66a75093946e98a5fc4b964af
      Source:
        unknown [unknown] /Users/zoki/code/context/.scratch/session-orientation/evidence/fingerprint-review/probe.py (from /Users/zoki/code/context/.scratch/records/session-orientation/acceptances/04-authoring-reassessment-20260916.md; link "../../../session-orientation/evidence/fingerprint-review/probe.py")
        status: valid
        recordedSHA256: 88e1e1a5a47f334f0d0768e9ff40db09d5b329fd34b72438271c90d7b14f8742
        currentSHA256: 88e1e1a5a47f334f0d0768e9ff40db09d5b329fd34b72438271c90d7b14f8742
      Source:
        unknown [unknown] /Users/zoki/code/context/.scratch/session-orientation/evidence/fingerprint-review/results.json (from /Users/zoki/code/context/.scratch/records/session-orientation/acceptances/04-authoring-reassessment-20260916.md; link "../../../session-orientation/evidence/fingerprint-review/results.json")
        status: valid
        recordedSHA256: 5de41e32e850a9dbce0b2bbf25e6baeafe9311d2863cad5ce66a6773e00bb14a
        currentSHA256: 5de41e32e850a9dbce0b2bbf25e6baeafe9311d2863cad5ce66a6773e00bb14a
      Source:
        unknown [unknown] /Users/zoki/code/context/.scratch/session-orientation/evidence/fingerprint-review/boundary-probe.py (from /Users/zoki/code/context/.scratch/records/session-orientation/acceptances/04-authoring-reassessment-20260916.md; link "../../../session-orientation/evidence/fingerprint-review/boundary-probe.py")
        status: valid
        recordedSHA256: 0c0dbbcb67a84aa24d9ad7c8b32bd07d7e51f1669a3d410e7f37c6746b8147c2
        currentSHA256: 0c0dbbcb67a84aa24d9ad7c8b32bd07d7e51f1669a3d410e7f37c6746b8147c2
      Source:
        unknown [unknown] /Users/zoki/code/context/.scratch/session-orientation/evidence/fingerprint-review/boundary-results.json (from /Users/zoki/code/context/.scratch/records/session-orientation/acceptances/04-authoring-reassessment-20260916.md; link "../../../session-orientation/evidence/fingerprint-review/boundary-results.json")
        status: valid
        recordedSHA256: eee28c103f88ee698aee0dea5ffd28a9156fe8d126a45c5470f337a5a2a551fa
        currentSHA256: eee28c103f88ee698aee0dea5ffd28a9156fe8d126a45c5470f337a5a2a551fa
      Source:
        unknown [unknown] /Users/zoki/code/context/.scratch/session-orientation/evidence/05-authoring-reassessment.md (from /Users/zoki/code/context/.scratch/records/session-orientation/acceptances/04-authoring-reassessment-20260916.md; link "../../../session-orientation/evidence/05-authoring-reassessment.md")
        status: valid
        recordedSHA256: dd3115b20544a2e8d548a421e9c342901b59f2861fb0a5d136ed4e85cfde13b5
        currentSHA256: dd3115b20544a2e8d548a421e9c342901b59f2861fb0a5d136ed4e85cfde13b5
      Source:
        unknown [unknown] /Users/zoki/code/context/.scratch/session-orientation/evidence/05-authoring-boundary.json (from /Users/zoki/code/context/.scratch/records/session-orientation/acceptances/04-authoring-reassessment-20260916.md; link "../../../session-orientation/evidence/05-authoring-boundary.json")
        status: valid
        recordedSHA256: a8709198454b3967ea8001dbe7bea3718cf222aca4b891ec18a115d1dcbd3142
        currentSHA256: a8709198454b3967ea8001dbe7bea3718cf222aca4b891ec18a115d1dcbd3142
      Source:
        unknown [unknown] /Users/zoki/code/context/.scratch/session-orientation/evidence/05-before-reassessment.json (from /Users/zoki/code/context/.scratch/records/session-orientation/acceptances/04-authoring-reassessment-20260916.md; link "../../../session-orientation/evidence/05-before-reassessment.json")
        status: valid
        recordedSHA256: 95042563f36a11e10b43302f92498f35db2abccc5c5c5af4056b01ca496d0d9e
        currentSHA256: 95042563f36a11e10b43302f92498f35db2abccc5c5c5af4056b01ca496d0d9e
      snapshot_changed: snapshot source differs from the recorded digest [/Users/zoki/code/context/CONTEXT.md] (from /Users/zoki/code/context/.scratch/records/session-orientation/acceptances/04-authoring-reassessment-20260916.md; link "../../../../CONTEXT.md")
    fingerprint: version 1
      ticketSHA256: 7f083139488c3022e56b3da2af0811964eac47824517647173501c18db38bcd7
      criteriaSHA256: e9da0affec361f067d6ac25f34c0a8ede4ee8112e97a052045e7eb63dae5efd6
  Show compact project orientation [8dc99b87-b5b6-4cba-82be-dbd1dec85bfc]
    source: /Users/zoki/code/context/.scratch/records/cli-wayfinding/issues/02-compact-orientation.md
    identity ambiguous: false
    triage: ready-for-agent; execution: completed; lifecycle: stable
    committed: true; readiness: ready; eligible: false
    Specifications:
      unknown [unknown] /Users/zoki/code/context/.scratch/cli-wayfinding/spec.md (from /Users/zoki/code/context/.scratch/records/cli-wayfinding/issues/02-compact-orientation.md; link "../../../cli-wayfinding/spec.md")
    Dependency edges: none observed
    acceptance_criteria: pass
      acceptance_criteria_present: at least one nonempty acceptance criterion is authored [/Users/zoki/code/context/.scratch/records/cli-wayfinding/issues/02-compact-orientation.md]
    required_context: pass
      required_context_available: all explicitly selected requirement and context sources are available [/Users/zoki/code/context/.scratch/records/cli-wayfinding/issues/02-compact-orientation.md]
    dependencies: pass
      no_dependencies: Blocked by explicitly declares none [/Users/zoki/code/context/.scratch/records/cli-wayfinding/issues/02-compact-orientation.md]
    blocking_decisions: pass
      no_blocking_decisions: Blocked by decisions explicitly declares none [/Users/zoki/code/context/.scratch/records/cli-wayfinding/issues/02-compact-orientation.md]
    excluded: completed_work: work is recorded as completed [/Users/zoki/code/context/.scratch/records/cli-wayfinding/issues/02-compact-orientation.md]
    acceptance: stale
    acceptance check: fail
    Acceptance record:
      Acceptance: Show compact project orientation [8c155603-3e4c-4a6a-8ec7-e12d8055238c] /Users/zoki/code/context/.scratch/records/cli-wayfinding/acceptances/02-compact-orientation-resume-20260919.md (from /Users/zoki/code/context/.scratch/records/cli-wayfinding/issues/02-compact-orientation.md; link "../acceptances/02-compact-orientation-resume-20260919.md")
      actor: workflow Codex /root
      decided at: 2026-09-18T23:39:04.654914+00:00
      tested revision (historical): https://github.com/Zokiio/context 646d615
      accepted fingerprint: version 1
      accepted ticketSHA256: aa4a282debd0ec0b335b0238810a562b7fc6ab9ce389e975d7de4759e23a32a6
      accepted criteriaSHA256: 74b66bdaded6728767212bee900ceee11815afe5afd6e53a52740dbab26a53bf
    Human approvals: none recorded
    Requirements:
      Source:
        unknown [unknown] /Users/zoki/code/context/.scratch/cli-wayfinding/spec.md (from /Users/zoki/code/context/.scratch/records/cli-wayfinding/acceptances/02-compact-orientation-resume-20260919.md; link "../../../cli-wayfinding/spec.md")
        status: valid
        recordedSHA256: 02fd24104a5b3a5be8f944074cd01815d9d4490fed4962d6c3e4fa65de9dda3b
        currentSHA256: 02fd24104a5b3a5be8f944074cd01815d9d4490fed4962d6c3e4fa65de9dda3b
      Source:
        unknown [unknown] /Users/zoki/code/context/docs/vision.md (from /Users/zoki/code/context/.scratch/records/cli-wayfinding/acceptances/02-compact-orientation-resume-20260919.md; link "../../../../docs/vision.md")
        status: valid
        recordedSHA256: d8d7fb88699c3310cd5f489d6d44dbf342fe813c372c54485400f6765f5aa2e9
        currentSHA256: d8d7fb88699c3310cd5f489d6d44dbf342fe813c372c54485400f6765f5aa2e9
      Source:
        unknown [unknown] /Users/zoki/code/context/CONTEXT.md (from /Users/zoki/code/context/.scratch/records/cli-wayfinding/acceptances/02-compact-orientation-resume-20260919.md; link "../../../../CONTEXT.md")
        status: valid
        recordedSHA256: 15cd979f6af442fedec45fd3482741f0cd5362c45900151eab3e0cef452bf9b9
        currentSHA256: 15cd979f6af442fedec45fd3482741f0cd5362c45900151eab3e0cef452bf9b9
      Source:
        unknown [unknown] /Users/zoki/code/context/docs/readers.md (from /Users/zoki/code/context/.scratch/records/cli-wayfinding/acceptances/02-compact-orientation-resume-20260919.md; link "../../../../docs/readers.md")
        status: stale
        recordedSHA256: 2d77cb22a87cc9db1b7651eafc8ef81126a640d07533a67aaf1deab2a315cbe5
        currentSHA256: ab05ea8fae969ef5902ffc3708a5207a2aac0722584f90d10318411e3f276121
        snapshot_changed: snapshot source differs from the recorded digest [/Users/zoki/code/context/docs/readers.md] (from /Users/zoki/code/context/.scratch/records/cli-wayfinding/acceptances/02-compact-orientation-resume-20260919.md; link "../../../../docs/readers.md")
      Source:
        unknown [unknown] /Users/zoki/code/context/docs/discovery.md (from /Users/zoki/code/context/.scratch/records/cli-wayfinding/acceptances/02-compact-orientation-resume-20260919.md; link "../../../../docs/discovery.md")
        status: stale
        recordedSHA256: 65993249cdbb6a2e9cea2fc410d7822e535e2ba136b96d4911dbbdd40a3758fe
        currentSHA256: 59068cecea1b31f04c2c7779165e995ab3ed72f7049b9c15a7a3cad7700bf0d7
        snapshot_changed: snapshot source differs from the recorded digest [/Users/zoki/code/context/docs/discovery.md] (from /Users/zoki/code/context/.scratch/records/cli-wayfinding/acceptances/02-compact-orientation-resume-20260919.md; link "../../../../docs/discovery.md")
      Source:
        unknown [unknown] /Users/zoki/code/context/docs/agents/acceptance.md (from /Users/zoki/code/context/.scratch/records/cli-wayfinding/acceptances/02-compact-orientation-resume-20260919.md; link "../../../../docs/agents/acceptance.md")
        status: valid
        recordedSHA256: fbde78ab62733d1bbe091fba6a867f30f50076c819ee3b0783ac4dcd2d7bf654
        currentSHA256: fbde78ab62733d1bbe091fba6a867f30f50076c819ee3b0783ac4dcd2d7bf654
      Source:
        unknown [unknown] /Users/zoki/code/context/docs/adr/0003-recorded-acceptance-for-readiness.md (from /Users/zoki/code/context/.scratch/records/cli-wayfinding/acceptances/02-compact-orientation-resume-20260919.md; link "../../../../docs/adr/0003-recorded-acceptance-for-readiness.md")
        status: valid
        recordedSHA256: 84778cb881c73f7ebbe5cc58a9acbb9c1212e1dd421d863d04f1efe021efdc56
        currentSHA256: 84778cb881c73f7ebbe5cc58a9acbb9c1212e1dd421d863d04f1efe021efdc56
      Source:
        unknown [unknown] /Users/zoki/code/context/docs/adr/0004-directory-specific-project-selection.md (from /Users/zoki/code/context/.scratch/records/cli-wayfinding/acceptances/02-compact-orientation-resume-20260919.md; link "../../../../docs/adr/0004-directory-specific-project-selection.md")
        status: valid
        recordedSHA256: efd4654de6c787345c341c26a0076fb605214b3d9aeecc3a1ec01f93752cefbf
        currentSHA256: efd4654de6c787345c341c26a0076fb605214b3d9aeecc3a1ec01f93752cefbf
    Evidence:
      Source:
        unknown [unknown] /Users/zoki/code/context/.scratch/cli-wayfinding/evidence/03-no-note-resumption.md (from /Users/zoki/code/context/.scratch/records/cli-wayfinding/acceptances/02-compact-orientation-resume-20260919.md; link "../../../cli-wayfinding/evidence/03-no-note-resumption.md")
        status: valid
        recordedSHA256: ec1c0cc03e4ab28b14b5734310407928c02a29d1e6a50d8a2ed72658e29e0c71
        currentSHA256: ec1c0cc03e4ab28b14b5734310407928c02a29d1e6a50d8a2ed72658e29e0c71
      Source:
        unknown [unknown] /Users/zoki/code/context/.scratch/cli-wayfinding/evidence/03-resumption-tests.txt (from /Users/zoki/code/context/.scratch/records/cli-wayfinding/acceptances/02-compact-orientation-resume-20260919.md; link "../../../cli-wayfinding/evidence/03-resumption-tests.txt")
        status: valid
        recordedSHA256: e60d04e3c3a2999d8ebda74c49a0c6d3680fdf8e490c1dc739d193a393f725b4
        currentSHA256: e60d04e3c3a2999d8ebda74c49a0c6d3680fdf8e490c1dc739d193a393f725b4
      Source:
        unknown [unknown] /Users/zoki/code/context/.scratch/cli-wayfinding/evidence/02-compact-orientation.md (from /Users/zoki/code/context/.scratch/records/cli-wayfinding/acceptances/02-compact-orientation-resume-20260919.md; link "../../../cli-wayfinding/evidence/02-compact-orientation.md")
        status: valid
        recordedSHA256: 9d3eff7092b1c2a0bcec910c8a14e8e4a6a550b0e3d033ede0a155c49007f652
        currentSHA256: 9d3eff7092b1c2a0bcec910c8a14e8e4a6a550b0e3d033ede0a155c49007f652
      Source:
        unknown [unknown] /Users/zoki/code/context/.scratch/cli-wayfinding/evidence/02-order-reassessment.md (from /Users/zoki/code/context/.scratch/records/cli-wayfinding/acceptances/02-compact-orientation-resume-20260919.md; link "../../../cli-wayfinding/evidence/02-order-reassessment.md")
        status: valid
        recordedSHA256: 9b0718662402c0eaa2078d12f2e1f5041e97a39da04d5826230d4a857aa67ca5
        currentSHA256: 9b0718662402c0eaa2078d12f2e1f5041e97a39da04d5826230d4a857aa67ca5
      snapshot_changed: snapshot source differs from the recorded digest [/Users/zoki/code/context/docs/readers.md] (from /Users/zoki/code/context/.scratch/records/cli-wayfinding/acceptances/02-compact-orientation-resume-20260919.md; link "../../../../docs/readers.md")
      snapshot_changed: snapshot source differs from the recorded digest [/Users/zoki/code/context/docs/discovery.md] (from /Users/zoki/code/context/.scratch/records/cli-wayfinding/acceptances/02-compact-orientation-resume-20260919.md; link "../../../../docs/discovery.md")
    fingerprint: version 1
      ticketSHA256: aa4a282debd0ec0b335b0238810a562b7fc6ab9ce389e975d7de4759e23a32a6
      criteriaSHA256: 74b66bdaded6728767212bee900ceee11815afe5afd6e53a52740dbab26a53bf
  List eligible work with reasons [940635b3-0697-45c6-804b-43f9ec1d3e58]
    source: /Users/zoki/code/context/.scratch/records/session-orientation/issues/02-list-eligible-work.md
    identity ambiguous: false
    triage: ready-for-agent; execution: completed; lifecycle: stable
    committed: false; readiness: blocked; eligible: false
    Specifications:
      unknown [unknown] /Users/zoki/code/context/.scratch/session-orientation/spec.md (from /Users/zoki/code/context/.scratch/records/session-orientation/issues/02-list-eligible-work.md; link "../../../session-orientation/spec.md")
    Dependency edges:
      Edge 1: status: fail; cycle: false
        From:
          List eligible work with reasons [940635b3-0697-45c6-804b-43f9ec1d3e58] /Users/zoki/code/context/.scratch/records/session-orientation/issues/02-list-eligible-work.md
        To:
          Show project orientation and work inventory [e1f2dcee-d054-4311-9719-a55e29f576f5] /Users/zoki/code/context/.scratch/records/session-orientation/issues/01-show-project-orientation.md (from /Users/zoki/code/context/.scratch/records/session-orientation/issues/02-list-eligible-work.md; link "01-show-project-orientation.md")
        snapshot_changed: snapshot source differs from the recorded digest [/Users/zoki/code/context/CONTEXT.md] (from /Users/zoki/code/context/.scratch/records/session-orientation/acceptances/01-evidence-correction-20260916.md; link "../../../../CONTEXT.md")
        completed_dependency: prerequisite is recorded as completed [/Users/zoki/code/context/.scratch/records/session-orientation/issues/01-show-project-orientation.md] (from /Users/zoki/code/context/.scratch/records/session-orientation/issues/02-list-eligible-work.md; link "01-show-project-orientation.md")
        acceptance_criteria_present: at least one nonempty acceptance criterion is authored [/Users/zoki/code/context/.scratch/records/session-orientation/issues/01-show-project-orientation.md] (from /Users/zoki/code/context/.scratch/records/session-orientation/issues/02-list-eligible-work.md; link "01-show-project-orientation.md")
        no_blocking_decisions: Blocked by decisions explicitly declares none [/Users/zoki/code/context/.scratch/records/session-orientation/issues/01-show-project-orientation.md] (from /Users/zoki/code/context/.scratch/records/session-orientation/issues/02-list-eligible-work.md; link "01-show-project-orientation.md")
        no_dependencies: Blocked by explicitly declares none [/Users/zoki/code/context/.scratch/records/session-orientation/issues/01-show-project-orientation.md]
    acceptance_criteria: pass
      acceptance_criteria_present: at least one nonempty acceptance criterion is authored [/Users/zoki/code/context/.scratch/records/session-orientation/issues/02-list-eligible-work.md]
    required_context: pass
      required_context_available: all explicitly selected requirement and context sources are available [/Users/zoki/code/context/.scratch/records/session-orientation/issues/02-list-eligible-work.md]
    dependencies: fail
      snapshot_changed: snapshot source differs from the recorded digest [/Users/zoki/code/context/CONTEXT.md] (from /Users/zoki/code/context/.scratch/records/session-orientation/acceptances/01-evidence-correction-20260916.md; link "../../../../CONTEXT.md")
      completed_dependency: prerequisite is recorded as completed [/Users/zoki/code/context/.scratch/records/session-orientation/issues/01-show-project-orientation.md] (from /Users/zoki/code/context/.scratch/records/session-orientation/issues/02-list-eligible-work.md; link "01-show-project-orientation.md")
      acceptance_criteria_present: at least one nonempty acceptance criterion is authored [/Users/zoki/code/context/.scratch/records/session-orientation/issues/01-show-project-orientation.md] (from /Users/zoki/code/context/.scratch/records/session-orientation/issues/02-list-eligible-work.md; link "01-show-project-orientation.md")
      no_blocking_decisions: Blocked by decisions explicitly declares none [/Users/zoki/code/context/.scratch/records/session-orientation/issues/01-show-project-orientation.md] (from /Users/zoki/code/context/.scratch/records/session-orientation/issues/02-list-eligible-work.md; link "01-show-project-orientation.md")
    blocking_decisions: pass
      no_blocking_decisions: Blocked by decisions explicitly declares none [/Users/zoki/code/context/.scratch/records/session-orientation/issues/02-list-eligible-work.md]
    excluded: completed_work: work is recorded as completed [/Users/zoki/code/context/.scratch/records/session-orientation/issues/02-list-eligible-work.md]
    excluded: not_committed: work is outside current commitments [/Users/zoki/code/context/.scratch/records/session-orientation/issues/02-list-eligible-work.md]
    excluded: readiness_blocked: readiness is blocked; inspect its checks [/Users/zoki/code/context/.scratch/records/session-orientation/issues/02-list-eligible-work.md]
    acceptance: stale
    acceptance check: fail
    Acceptance record:
      Acceptance: List eligible work with reasons [01010656-b2c7-4ff5-ac19-04625814c120] /Users/zoki/code/context/.scratch/records/session-orientation/acceptances/02-authoring-reassessment-20260916.md (from /Users/zoki/code/context/.scratch/records/session-orientation/issues/02-list-eligible-work.md; link "../acceptances/02-authoring-reassessment-20260916.md")
      actor: workflow Codex coordinating agent
      decided at: 2026-09-16T12:34:00.141968+00:00
      tested revision (historical): https://github.com/Zokiio/context working-tree:9666b19340834db9360c43c12dc2f40920e16c21; source-manifest-sha256:6dc6e1307406f9eb1d8956f6cb0b4768de1bcffaa346681a68339a52d3bb245a
      accepted fingerprint: version 1
      accepted ticketSHA256: 0c9ea63ec58bba404d1c15996a5c21023325c32e5965f452cb42873d15299745
      accepted criteriaSHA256: 2b59811cc89dfc5d3376d941d2b103db272e0c127860e8d9a462afbfa7100846
    Human approvals: none recorded
    Requirements:
      Source:
        unknown [unknown] /Users/zoki/code/context/docs/vision.md (from /Users/zoki/code/context/.scratch/records/session-orientation/acceptances/02-authoring-reassessment-20260916.md; link "../../../../docs/vision.md")
        status: valid
        recordedSHA256: d8d7fb88699c3310cd5f489d6d44dbf342fe813c372c54485400f6765f5aa2e9
        currentSHA256: d8d7fb88699c3310cd5f489d6d44dbf342fe813c372c54485400f6765f5aa2e9
      Source:
        unknown [unknown] /Users/zoki/code/context/CONTEXT.md (from /Users/zoki/code/context/.scratch/records/session-orientation/acceptances/02-authoring-reassessment-20260916.md; link "../../../../CONTEXT.md")
        status: stale
        recordedSHA256: a003af0f4845f28fe14191dec210c7ceeabf6a5422fb51e7e0ee7e957d366a55
        currentSHA256: 15cd979f6af442fedec45fd3482741f0cd5362c45900151eab3e0cef452bf9b9
        snapshot_changed: snapshot source differs from the recorded digest [/Users/zoki/code/context/CONTEXT.md] (from /Users/zoki/code/context/.scratch/records/session-orientation/acceptances/02-authoring-reassessment-20260916.md; link "../../../../CONTEXT.md")
      Source:
        unknown [unknown] /Users/zoki/code/context/docs/adr/0002-work-relationships-in-markdown-sections.md (from /Users/zoki/code/context/.scratch/records/session-orientation/acceptances/02-authoring-reassessment-20260916.md; link "../../../../docs/adr/0002-work-relationships-in-markdown-sections.md")
        status: valid
        recordedSHA256: 4254ead8e1d55c05f27576151fd635f859a37ce2072022174fe09745440b152f
        currentSHA256: 4254ead8e1d55c05f27576151fd635f859a37ce2072022174fe09745440b152f
      Source:
        unknown [unknown] /Users/zoki/code/context/docs/agents/issue-tracker.md (from /Users/zoki/code/context/.scratch/records/session-orientation/acceptances/02-authoring-reassessment-20260916.md; link "../../../../docs/agents/issue-tracker.md")
        status: valid
        recordedSHA256: 5f8f038e1b33f595344b9a1a90d4d194331f83a5e88d6522c2e52844d77a21bb
        currentSHA256: 5f8f038e1b33f595344b9a1a90d4d194331f83a5e88d6522c2e52844d77a21bb
      Source:
        unknown [unknown] /Users/zoki/code/context/.scratch/session-orientation/spec.md (from /Users/zoki/code/context/.scratch/records/session-orientation/acceptances/02-authoring-reassessment-20260916.md; link "../../../session-orientation/spec.md")
        status: valid
        recordedSHA256: bc021e3cd30a4bf978a2d26d530e8b778bd4f8cb250feb6e00c6cce62a024279
        currentSHA256: bc021e3cd30a4bf978a2d26d530e8b778bd4f8cb250feb6e00c6cce62a024279
      Source:
        unknown [unknown] /Users/zoki/code/context/docs/agents/acceptance.md (from /Users/zoki/code/context/.scratch/records/session-orientation/acceptances/02-authoring-reassessment-20260916.md; link "../../../../docs/agents/acceptance.md")
        status: valid
        recordedSHA256: fbde78ab62733d1bbe091fba6a867f30f50076c819ee3b0783ac4dcd2d7bf654
        currentSHA256: fbde78ab62733d1bbe091fba6a867f30f50076c819ee3b0783ac4dcd2d7bf654
    Evidence:
      Source:
        unknown [unknown] /Users/zoki/code/context/.scratch/session-orientation/evidence/02-eligibility.md (from /Users/zoki/code/context/.scratch/records/session-orientation/acceptances/02-authoring-reassessment-20260916.md; link "../../../session-orientation/evidence/02-eligibility.md")
        status: valid
        recordedSHA256: d816c8819972cef8e832a0c0a09cc68650957888ead7ba1bd53c7ea37b03a2f0
        currentSHA256: d816c8819972cef8e832a0c0a09cc68650957888ead7ba1bd53c7ea37b03a2f0
      Source:
        unknown [unknown] /Users/zoki/code/context/.scratch/session-orientation/evidence/02-04-verification.json (from /Users/zoki/code/context/.scratch/records/session-orientation/acceptances/02-authoring-reassessment-20260916.md; link "../../../session-orientation/evidence/02-04-verification.json")
        status: valid
        recordedSHA256: 37076945b9b7497ac30539fb148a160efb63bcdf2070a8f767e4318e69a06b1d
        currentSHA256: 37076945b9b7497ac30539fb148a160efb63bcdf2070a8f767e4318e69a06b1d
      Source:
        unknown [unknown] /Users/zoki/code/context/.scratch/session-orientation/evidence/05-authoring-reassessment.md (from /Users/zoki/code/context/.scratch/records/session-orientation/acceptances/02-authoring-reassessment-20260916.md; link "../../../session-orientation/evidence/05-authoring-reassessment.md")
        status: valid
        recordedSHA256: dd3115b20544a2e8d548a421e9c342901b59f2861fb0a5d136ed4e85cfde13b5
        currentSHA256: dd3115b20544a2e8d548a421e9c342901b59f2861fb0a5d136ed4e85cfde13b5
      Source:
        unknown [unknown] /Users/zoki/code/context/.scratch/session-orientation/evidence/05-authoring-boundary.json (from /Users/zoki/code/context/.scratch/records/session-orientation/acceptances/02-authoring-reassessment-20260916.md; link "../../../session-orientation/evidence/05-authoring-boundary.json")
        status: valid
        recordedSHA256: a8709198454b3967ea8001dbe7bea3718cf222aca4b891ec18a115d1dcbd3142
        currentSHA256: a8709198454b3967ea8001dbe7bea3718cf222aca4b891ec18a115d1dcbd3142
      Source:
        unknown [unknown] /Users/zoki/code/context/.scratch/session-orientation/evidence/05-before-reassessment.json (from /Users/zoki/code/context/.scratch/records/session-orientation/acceptances/02-authoring-reassessment-20260916.md; link "../../../session-orientation/evidence/05-before-reassessment.json")
        status: valid
        recordedSHA256: 95042563f36a11e10b43302f92498f35db2abccc5c5c5af4056b01ca496d0d9e
        currentSHA256: 95042563f36a11e10b43302f92498f35db2abccc5c5c5af4056b01ca496d0d9e
      snapshot_changed: snapshot source differs from the recorded digest [/Users/zoki/code/context/CONTEXT.md] (from /Users/zoki/code/context/.scratch/records/session-orientation/acceptances/02-authoring-reassessment-20260916.md; link "../../../../CONTEXT.md")
    fingerprint: version 1
      ticketSHA256: 0c9ea63ec58bba404d1c15996a5c21023325c32e5965f452cb42873d15299745
      criteriaSHA256: 2b59811cc89dfc5d3376d941d2b103db272e0c127860e8d9a462afbfa7100846
  Handle competing and interrupted checkpoints [94acbf45-cc6b-4957-b3fe-3218e955ef3f]
    source: /Users/zoki/code/context/.scratch/records/cli-wayfinding/issues/05-competing-checkpoints.md
    identity ambiguous: false
    triage: ready-for-agent; execution: completed; lifecycle: stable
    committed: true; readiness: blocked; eligible: false
    Specifications:
      unknown [unknown] /Users/zoki/code/context/.scratch/cli-wayfinding/spec.md (from /Users/zoki/code/context/.scratch/records/cli-wayfinding/issues/05-competing-checkpoints.md; link "../../../cli-wayfinding/spec.md")
    Dependency edges:
      Edge 1: status: fail; cycle: false
        From:
          Handle competing and interrupted checkpoints [94acbf45-cc6b-4957-b3fe-3218e955ef3f] /Users/zoki/code/context/.scratch/records/cli-wayfinding/issues/05-competing-checkpoints.md
        To:
          Resume from a retained checkpoint [0ddb768d-f1eb-470f-abbb-6eea7e791b94] /Users/zoki/code/context/.scratch/records/cli-wayfinding/issues/04-retained-checkpoint.md (from /Users/zoki/code/context/.scratch/records/cli-wayfinding/issues/05-competing-checkpoints.md; link "04-retained-checkpoint.md")
        snapshot_changed: snapshot source differs from the recorded digest [/Users/zoki/code/context/docs/readers.md] (from /Users/zoki/code/context/.scratch/records/cli-wayfinding/acceptances/04-retained-checkpoint-review-20260919.md; link "../../../../docs/readers.md")
        snapshot_changed: snapshot source differs from the recorded digest [/Users/zoki/code/context/docs/discovery.md] (from /Users/zoki/code/context/.scratch/records/cli-wayfinding/acceptances/04-retained-checkpoint-review-20260919.md; link "../../../../docs/discovery.md")
        completed_dependency: prerequisite is recorded as completed [/Users/zoki/code/context/.scratch/records/cli-wayfinding/issues/04-retained-checkpoint.md] (from /Users/zoki/code/context/.scratch/records/cli-wayfinding/issues/05-competing-checkpoints.md; link "04-retained-checkpoint.md")
        acceptance_criteria_present: at least one nonempty acceptance criterion is authored [/Users/zoki/code/context/.scratch/records/cli-wayfinding/issues/04-retained-checkpoint.md] (from /Users/zoki/code/context/.scratch/records/cli-wayfinding/issues/05-competing-checkpoints.md; link "04-retained-checkpoint.md")
        no_blocking_decisions: Blocked by decisions explicitly declares none [/Users/zoki/code/context/.scratch/records/cli-wayfinding/issues/04-retained-checkpoint.md] (from /Users/zoki/code/context/.scratch/records/cli-wayfinding/issues/05-competing-checkpoints.md; link "04-retained-checkpoint.md")
        snapshot_changed: snapshot source differs from the recorded digest [/Users/zoki/code/context/docs/readers.md] (from /Users/zoki/code/context/.scratch/records/cli-wayfinding/acceptances/03-resume-without-notes-20260919.md; link "../../../../docs/readers.md")
        snapshot_changed: snapshot source differs from the recorded digest [/Users/zoki/code/context/docs/discovery.md] (from /Users/zoki/code/context/.scratch/records/cli-wayfinding/acceptances/03-resume-without-notes-20260919.md; link "../../../../docs/discovery.md")
        completed_dependency: prerequisite is recorded as completed [/Users/zoki/code/context/.scratch/records/cli-wayfinding/issues/03-resume-without-notes.md] (from /Users/zoki/code/context/.scratch/records/cli-wayfinding/issues/04-retained-checkpoint.md; link "03-resume-without-notes.md")
        acceptance_criteria_present: at least one nonempty acceptance criterion is authored [/Users/zoki/code/context/.scratch/records/cli-wayfinding/issues/03-resume-without-notes.md] (from /Users/zoki/code/context/.scratch/records/cli-wayfinding/issues/04-retained-checkpoint.md; link "03-resume-without-notes.md")
        no_blocking_decisions: Blocked by decisions explicitly declares none [/Users/zoki/code/context/.scratch/records/cli-wayfinding/issues/03-resume-without-notes.md] (from /Users/zoki/code/context/.scratch/records/cli-wayfinding/issues/04-retained-checkpoint.md; link "03-resume-without-notes.md")
        snapshot_changed: snapshot source differs from the recorded digest [/Users/zoki/code/context/docs/readers.md] (from /Users/zoki/code/context/.scratch/records/cli-wayfinding/acceptances/01-share-captured-sources-compatibility-20260919.md; link "../../../../docs/readers.md")
        snapshot_changed: snapshot source differs from the recorded digest [/Users/zoki/code/context/docs/discovery.md] (from /Users/zoki/code/context/.scratch/records/cli-wayfinding/acceptances/01-share-captured-sources-compatibility-20260919.md; link "../../../../docs/discovery.md")
        completed_dependency: prerequisite is recorded as completed [/Users/zoki/code/context/.scratch/records/cli-wayfinding/issues/01-share-captured-sources.md] (from /Users/zoki/code/context/.scratch/records/cli-wayfinding/issues/03-resume-without-notes.md; link "01-share-captured-sources.md")
        acceptance_criteria_present: at least one nonempty acceptance criterion is authored [/Users/zoki/code/context/.scratch/records/cli-wayfinding/issues/01-share-captured-sources.md] (from /Users/zoki/code/context/.scratch/records/cli-wayfinding/issues/03-resume-without-notes.md; link "01-share-captured-sources.md")
        no_blocking_decisions: Blocked by decisions explicitly declares none [/Users/zoki/code/context/.scratch/records/cli-wayfinding/issues/01-share-captured-sources.md] (from /Users/zoki/code/context/.scratch/records/cli-wayfinding/issues/03-resume-without-notes.md; link "01-share-captured-sources.md")
      Edge 2: status: fail; cycle: false
        From:
          Resume from a retained checkpoint [0ddb768d-f1eb-470f-abbb-6eea7e791b94] /Users/zoki/code/context/.scratch/records/cli-wayfinding/issues/04-retained-checkpoint.md
        To:
          Resume a task without recovery notes [275621c7-0090-4d6b-95ab-04b343e9141e] /Users/zoki/code/context/.scratch/records/cli-wayfinding/issues/03-resume-without-notes.md (from /Users/zoki/code/context/.scratch/records/cli-wayfinding/issues/04-retained-checkpoint.md; link "03-resume-without-notes.md")
        snapshot_changed: snapshot source differs from the recorded digest [/Users/zoki/code/context/docs/readers.md] (from /Users/zoki/code/context/.scratch/records/cli-wayfinding/acceptances/03-resume-without-notes-20260919.md; link "../../../../docs/readers.md")
        snapshot_changed: snapshot source differs from the recorded digest [/Users/zoki/code/context/docs/discovery.md] (from /Users/zoki/code/context/.scratch/records/cli-wayfinding/acceptances/03-resume-without-notes-20260919.md; link "../../../../docs/discovery.md")
        completed_dependency: prerequisite is recorded as completed [/Users/zoki/code/context/.scratch/records/cli-wayfinding/issues/03-resume-without-notes.md] (from /Users/zoki/code/context/.scratch/records/cli-wayfinding/issues/04-retained-checkpoint.md; link "03-resume-without-notes.md")
        acceptance_criteria_present: at least one nonempty acceptance criterion is authored [/Users/zoki/code/context/.scratch/records/cli-wayfinding/issues/03-resume-without-notes.md] (from /Users/zoki/code/context/.scratch/records/cli-wayfinding/issues/04-retained-checkpoint.md; link "03-resume-without-notes.md")
        no_blocking_decisions: Blocked by decisions explicitly declares none [/Users/zoki/code/context/.scratch/records/cli-wayfinding/issues/03-resume-without-notes.md] (from /Users/zoki/code/context/.scratch/records/cli-wayfinding/issues/04-retained-checkpoint.md; link "03-resume-without-notes.md")
        snapshot_changed: snapshot source differs from the recorded digest [/Users/zoki/code/context/docs/readers.md] (from /Users/zoki/code/context/.scratch/records/cli-wayfinding/acceptances/01-share-captured-sources-compatibility-20260919.md; link "../../../../docs/readers.md")
        snapshot_changed: snapshot source differs from the recorded digest [/Users/zoki/code/context/docs/discovery.md] (from /Users/zoki/code/context/.scratch/records/cli-wayfinding/acceptances/01-share-captured-sources-compatibility-20260919.md; link "../../../../docs/discovery.md")
        completed_dependency: prerequisite is recorded as completed [/Users/zoki/code/context/.scratch/records/cli-wayfinding/issues/01-share-captured-sources.md] (from /Users/zoki/code/context/.scratch/records/cli-wayfinding/issues/03-resume-without-notes.md; link "01-share-captured-sources.md")
        acceptance_criteria_present: at least one nonempty acceptance criterion is authored [/Users/zoki/code/context/.scratch/records/cli-wayfinding/issues/01-share-captured-sources.md] (from /Users/zoki/code/context/.scratch/records/cli-wayfinding/issues/03-resume-without-notes.md; link "01-share-captured-sources.md")
        no_blocking_decisions: Blocked by decisions explicitly declares none [/Users/zoki/code/context/.scratch/records/cli-wayfinding/issues/01-share-captured-sources.md] (from /Users/zoki/code/context/.scratch/records/cli-wayfinding/issues/03-resume-without-notes.md; link "01-share-captured-sources.md")
      Edge 3: status: fail; cycle: false
        From:
          Resume a task without recovery notes [275621c7-0090-4d6b-95ab-04b343e9141e] /Users/zoki/code/context/.scratch/records/cli-wayfinding/issues/03-resume-without-notes.md
        To:
          Share captured sources between readers [0ab38e7a-c417-4f5d-a1e6-3d012b785952] /Users/zoki/code/context/.scratch/records/cli-wayfinding/issues/01-share-captured-sources.md (from /Users/zoki/code/context/.scratch/records/cli-wayfinding/issues/03-resume-without-notes.md; link "01-share-captured-sources.md")
        snapshot_changed: snapshot source differs from the recorded digest [/Users/zoki/code/context/docs/readers.md] (from /Users/zoki/code/context/.scratch/records/cli-wayfinding/acceptances/01-share-captured-sources-compatibility-20260919.md; link "../../../../docs/readers.md")
        snapshot_changed: snapshot source differs from the recorded digest [/Users/zoki/code/context/docs/discovery.md] (from /Users/zoki/code/context/.scratch/records/cli-wayfinding/acceptances/01-share-captured-sources-compatibility-20260919.md; link "../../../../docs/discovery.md")
        completed_dependency: prerequisite is recorded as completed [/Users/zoki/code/context/.scratch/records/cli-wayfinding/issues/01-share-captured-sources.md] (from /Users/zoki/code/context/.scratch/records/cli-wayfinding/issues/03-resume-without-notes.md; link "01-share-captured-sources.md")
        acceptance_criteria_present: at least one nonempty acceptance criterion is authored [/Users/zoki/code/context/.scratch/records/cli-wayfinding/issues/01-share-captured-sources.md] (from /Users/zoki/code/context/.scratch/records/cli-wayfinding/issues/03-resume-without-notes.md; link "01-share-captured-sources.md")
        no_blocking_decisions: Blocked by decisions explicitly declares none [/Users/zoki/code/context/.scratch/records/cli-wayfinding/issues/01-share-captured-sources.md] (from /Users/zoki/code/context/.scratch/records/cli-wayfinding/issues/03-resume-without-notes.md; link "01-share-captured-sources.md")
        no_dependencies: Blocked by explicitly declares none [/Users/zoki/code/context/.scratch/records/cli-wayfinding/issues/01-share-captured-sources.md]
    acceptance_criteria: pass
      acceptance_criteria_present: at least one nonempty acceptance criterion is authored [/Users/zoki/code/context/.scratch/records/cli-wayfinding/issues/05-competing-checkpoints.md]
    required_context: pass
      required_context_available: all explicitly selected requirement and context sources are available [/Users/zoki/code/context/.scratch/records/cli-wayfinding/issues/05-competing-checkpoints.md]
    dependencies: fail
      snapshot_changed: snapshot source differs from the recorded digest [/Users/zoki/code/context/docs/readers.md] (from /Users/zoki/code/context/.scratch/records/cli-wayfinding/acceptances/04-retained-checkpoint-review-20260919.md; link "../../../../docs/readers.md")
      snapshot_changed: snapshot source differs from the recorded digest [/Users/zoki/code/context/docs/discovery.md] (from /Users/zoki/code/context/.scratch/records/cli-wayfinding/acceptances/04-retained-checkpoint-review-20260919.md; link "../../../../docs/discovery.md")
      completed_dependency: prerequisite is recorded as completed [/Users/zoki/code/context/.scratch/records/cli-wayfinding/issues/04-retained-checkpoint.md] (from /Users/zoki/code/context/.scratch/records/cli-wayfinding/issues/05-competing-checkpoints.md; link "04-retained-checkpoint.md")
      acceptance_criteria_present: at least one nonempty acceptance criterion is authored [/Users/zoki/code/context/.scratch/records/cli-wayfinding/issues/04-retained-checkpoint.md] (from /Users/zoki/code/context/.scratch/records/cli-wayfinding/issues/05-competing-checkpoints.md; link "04-retained-checkpoint.md")
      no_blocking_decisions: Blocked by decisions explicitly declares none [/Users/zoki/code/context/.scratch/records/cli-wayfinding/issues/04-retained-checkpoint.md] (from /Users/zoki/code/context/.scratch/records/cli-wayfinding/issues/05-competing-checkpoints.md; link "04-retained-checkpoint.md")
      snapshot_changed: snapshot source differs from the recorded digest [/Users/zoki/code/context/docs/readers.md] (from /Users/zoki/code/context/.scratch/records/cli-wayfinding/acceptances/03-resume-without-notes-20260919.md; link "../../../../docs/readers.md")
      snapshot_changed: snapshot source differs from the recorded digest [/Users/zoki/code/context/docs/discovery.md] (from /Users/zoki/code/context/.scratch/records/cli-wayfinding/acceptances/03-resume-without-notes-20260919.md; link "../../../../docs/discovery.md")
      completed_dependency: prerequisite is recorded as completed [/Users/zoki/code/context/.scratch/records/cli-wayfinding/issues/03-resume-without-notes.md] (from /Users/zoki/code/context/.scratch/records/cli-wayfinding/issues/04-retained-checkpoint.md; link "03-resume-without-notes.md")
      acceptance_criteria_present: at least one nonempty acceptance criterion is authored [/Users/zoki/code/context/.scratch/records/cli-wayfinding/issues/03-resume-without-notes.md] (from /Users/zoki/code/context/.scratch/records/cli-wayfinding/issues/04-retained-checkpoint.md; link "03-resume-without-notes.md")
      no_blocking_decisions: Blocked by decisions explicitly declares none [/Users/zoki/code/context/.scratch/records/cli-wayfinding/issues/03-resume-without-notes.md] (from /Users/zoki/code/context/.scratch/records/cli-wayfinding/issues/04-retained-checkpoint.md; link "03-resume-without-notes.md")
      snapshot_changed: snapshot source differs from the recorded digest [/Users/zoki/code/context/docs/readers.md] (from /Users/zoki/code/context/.scratch/records/cli-wayfinding/acceptances/01-share-captured-sources-compatibility-20260919.md; link "../../../../docs/readers.md")
      snapshot_changed: snapshot source differs from the recorded digest [/Users/zoki/code/context/docs/discovery.md] (from /Users/zoki/code/context/.scratch/records/cli-wayfinding/acceptances/01-share-captured-sources-compatibility-20260919.md; link "../../../../docs/discovery.md")
      completed_dependency: prerequisite is recorded as completed [/Users/zoki/code/context/.scratch/records/cli-wayfinding/issues/01-share-captured-sources.md] (from /Users/zoki/code/context/.scratch/records/cli-wayfinding/issues/03-resume-without-notes.md; link "01-share-captured-sources.md")
      acceptance_criteria_present: at least one nonempty acceptance criterion is authored [/Users/zoki/code/context/.scratch/records/cli-wayfinding/issues/01-share-captured-sources.md] (from /Users/zoki/code/context/.scratch/records/cli-wayfinding/issues/03-resume-without-notes.md; link "01-share-captured-sources.md")
      no_blocking_decisions: Blocked by decisions explicitly declares none [/Users/zoki/code/context/.scratch/records/cli-wayfinding/issues/01-share-captured-sources.md] (from /Users/zoki/code/context/.scratch/records/cli-wayfinding/issues/03-resume-without-notes.md; link "01-share-captured-sources.md")
    blocking_decisions: pass
      no_blocking_decisions: Blocked by decisions explicitly declares none [/Users/zoki/code/context/.scratch/records/cli-wayfinding/issues/05-competing-checkpoints.md]
    excluded: completed_work: work is recorded as completed [/Users/zoki/code/context/.scratch/records/cli-wayfinding/issues/05-competing-checkpoints.md]
    excluded: readiness_blocked: readiness is blocked; inspect its checks [/Users/zoki/code/context/.scratch/records/cli-wayfinding/issues/05-competing-checkpoints.md]
    acceptance: stale
    acceptance check: fail
    Acceptance record:
      Acceptance: Handle competing and interrupted checkpoints [eee3e9e1-2460-42ff-83df-c87215434749] /Users/zoki/code/context/.scratch/records/cli-wayfinding/acceptances/05-competing-checkpoints-20260919.md (from /Users/zoki/code/context/.scratch/records/cli-wayfinding/issues/05-competing-checkpoints.md; link "../acceptances/05-competing-checkpoints-20260919.md")
      actor: workflow Codex /root
      decided at: 2026-09-19T00:02:54.287427+00:00
      tested revision (historical): https://github.com/Zokiio/context 25ef67077e0acb000263341344e455e7885eedef
      accepted fingerprint: version 1
      accepted ticketSHA256: 8f0cc49fe76e825314c36e8a001346b3ecedb0e010d788453aef28397737e88b
      accepted criteriaSHA256: d40264ea51de034a171810fee6427ae65100aa879be1eb36af99c267791b81e4
    Human approvals: none recorded
    Requirements:
      Source:
        unknown [unknown] /Users/zoki/code/context/.scratch/cli-wayfinding/spec.md (from /Users/zoki/code/context/.scratch/records/cli-wayfinding/acceptances/05-competing-checkpoints-20260919.md; link "../../../cli-wayfinding/spec.md")
        status: valid
        recordedSHA256: 02fd24104a5b3a5be8f944074cd01815d9d4490fed4962d6c3e4fa65de9dda3b
        currentSHA256: 02fd24104a5b3a5be8f944074cd01815d9d4490fed4962d6c3e4fa65de9dda3b
      Source:
        unknown [unknown] /Users/zoki/code/context/docs/vision.md (from /Users/zoki/code/context/.scratch/records/cli-wayfinding/acceptances/05-competing-checkpoints-20260919.md; link "../../../../docs/vision.md")
        status: valid
        recordedSHA256: d8d7fb88699c3310cd5f489d6d44dbf342fe813c372c54485400f6765f5aa2e9
        currentSHA256: d8d7fb88699c3310cd5f489d6d44dbf342fe813c372c54485400f6765f5aa2e9
      Source:
        unknown [unknown] /Users/zoki/code/context/CONTEXT.md (from /Users/zoki/code/context/.scratch/records/cli-wayfinding/acceptances/05-competing-checkpoints-20260919.md; link "../../../../CONTEXT.md")
        status: valid
        recordedSHA256: 15cd979f6af442fedec45fd3482741f0cd5362c45900151eab3e0cef452bf9b9
        currentSHA256: 15cd979f6af442fedec45fd3482741f0cd5362c45900151eab3e0cef452bf9b9
      Source:
        unknown [unknown] /Users/zoki/code/context/docs/readers.md (from /Users/zoki/code/context/.scratch/records/cli-wayfinding/acceptances/05-competing-checkpoints-20260919.md; link "../../../../docs/readers.md")
        status: stale
        recordedSHA256: 2d77cb22a87cc9db1b7651eafc8ef81126a640d07533a67aaf1deab2a315cbe5
        currentSHA256: ab05ea8fae969ef5902ffc3708a5207a2aac0722584f90d10318411e3f276121
        snapshot_changed: snapshot source differs from the recorded digest [/Users/zoki/code/context/docs/readers.md] (from /Users/zoki/code/context/.scratch/records/cli-wayfinding/acceptances/05-competing-checkpoints-20260919.md; link "../../../../docs/readers.md")
      Source:
        unknown [unknown] /Users/zoki/code/context/docs/discovery.md (from /Users/zoki/code/context/.scratch/records/cli-wayfinding/acceptances/05-competing-checkpoints-20260919.md; link "../../../../docs/discovery.md")
        status: stale
        recordedSHA256: 65993249cdbb6a2e9cea2fc410d7822e535e2ba136b96d4911dbbdd40a3758fe
        currentSHA256: 59068cecea1b31f04c2c7779165e995ab3ed72f7049b9c15a7a3cad7700bf0d7
        snapshot_changed: snapshot source differs from the recorded digest [/Users/zoki/code/context/docs/discovery.md] (from /Users/zoki/code/context/.scratch/records/cli-wayfinding/acceptances/05-competing-checkpoints-20260919.md; link "../../../../docs/discovery.md")
      Source:
        unknown [unknown] /Users/zoki/code/context/docs/agents/acceptance.md (from /Users/zoki/code/context/.scratch/records/cli-wayfinding/acceptances/05-competing-checkpoints-20260919.md; link "../../../../docs/agents/acceptance.md")
        status: valid
        recordedSHA256: fbde78ab62733d1bbe091fba6a867f30f50076c819ee3b0783ac4dcd2d7bf654
        currentSHA256: fbde78ab62733d1bbe091fba6a867f30f50076c819ee3b0783ac4dcd2d7bf654
      Source:
        unknown [unknown] /Users/zoki/code/context/docs/adr/0003-recorded-acceptance-for-readiness.md (from /Users/zoki/code/context/.scratch/records/cli-wayfinding/acceptances/05-competing-checkpoints-20260919.md; link "../../../../docs/adr/0003-recorded-acceptance-for-readiness.md")
        status: valid
        recordedSHA256: 84778cb881c73f7ebbe5cc58a9acbb9c1212e1dd421d863d04f1efe021efdc56
        currentSHA256: 84778cb881c73f7ebbe5cc58a9acbb9c1212e1dd421d863d04f1efe021efdc56
      Source:
        unknown [unknown] /Users/zoki/code/context/docs/adr/0004-directory-specific-project-selection.md (from /Users/zoki/code/context/.scratch/records/cli-wayfinding/acceptances/05-competing-checkpoints-20260919.md; link "../../../../docs/adr/0004-directory-specific-project-selection.md")
        status: valid
        recordedSHA256: efd4654de6c787345c341c26a0076fb605214b3d9aeecc3a1ec01f93752cefbf
        currentSHA256: efd4654de6c787345c341c26a0076fb605214b3d9aeecc3a1ec01f93752cefbf
    Evidence:
      Source:
        unknown [unknown] /Users/zoki/code/context/.scratch/cli-wayfinding/evidence/05-checkpoint-history.md (from /Users/zoki/code/context/.scratch/records/cli-wayfinding/acceptances/05-competing-checkpoints-20260919.md; link "../../../cli-wayfinding/evidence/05-checkpoint-history.md")
        status: valid
        recordedSHA256: addd364edf9e134f8454fdc76bb87acdb4853043b35447d67dfd2567958f6899
        currentSHA256: addd364edf9e134f8454fdc76bb87acdb4853043b35447d67dfd2567958f6899
      Source:
        unknown [unknown] /Users/zoki/code/context/.scratch/cli-wayfinding/evidence/05-tests.txt (from /Users/zoki/code/context/.scratch/records/cli-wayfinding/acceptances/05-competing-checkpoints-20260919.md; link "../../../cli-wayfinding/evidence/05-tests.txt")
        status: valid
        recordedSHA256: 230cc5694d44595d8d6fcef8e95a9148cd036da33b1fe064f47b4644075e1f4d
        currentSHA256: 230cc5694d44595d8d6fcef8e95a9148cd036da33b1fe064f47b4644075e1f4d
      Source:
        unknown [unknown] /Users/zoki/code/context/.scratch/cli-wayfinding/evidence/05-checkpoint-probes.json (from /Users/zoki/code/context/.scratch/records/cli-wayfinding/acceptances/05-competing-checkpoints-20260919.md; link "../../../cli-wayfinding/evidence/05-checkpoint-probes.json")
        status: valid
        recordedSHA256: 4c0f2329dc261220ac0a8882d24388d1235024f648b75fdda16b921de8196704
        currentSHA256: 4c0f2329dc261220ac0a8882d24388d1235024f648b75fdda16b921de8196704
      Source:
        unknown [unknown] /Users/zoki/code/context/.scratch/cli-wayfinding/evidence/05-graph-probes.json (from /Users/zoki/code/context/.scratch/records/cli-wayfinding/acceptances/05-competing-checkpoints-20260919.md; link "../../../cli-wayfinding/evidence/05-graph-probes.json")
        status: valid
        recordedSHA256: 9131f98279499667c085fd0fbd8a15090161e3ee0c34f52656105fc3ce0fbbce
        currentSHA256: 9131f98279499667c085fd0fbd8a15090161e3ee0c34f52656105fc3ce0fbbce
      snapshot_changed: snapshot source differs from the recorded digest [/Users/zoki/code/context/docs/readers.md] (from /Users/zoki/code/context/.scratch/records/cli-wayfinding/acceptances/05-competing-checkpoints-20260919.md; link "../../../../docs/readers.md")
      snapshot_changed: snapshot source differs from the recorded digest [/Users/zoki/code/context/docs/discovery.md] (from /Users/zoki/code/context/.scratch/records/cli-wayfinding/acceptances/05-competing-checkpoints-20260919.md; link "../../../../docs/discovery.md")
    fingerprint: version 1
      ticketSHA256: 8f0cc49fe76e825314c36e8a001346b3ecedb0e010d788453aef28397737e88b
      criteriaSHA256: d40264ea51de034a171810fee6427ae65100aa879be1eb36af99c267791b81e4
  Verify fresh-session pickup on the real project [9881a140-ff67-47f8-8b61-a7cc173743b2]
    source: /Users/zoki/code/context/.scratch/records/session-orientation/issues/08-verify-fresh-session-pickup.md
    identity ambiguous: false
    triage: ready-for-agent; execution: completed; lifecycle: stable
    committed: false; readiness: blocked; eligible: false
    Specifications:
      unknown [unknown] /Users/zoki/code/context/.scratch/session-orientation/spec.md (from /Users/zoki/code/context/.scratch/records/session-orientation/issues/08-verify-fresh-session-pickup.md; link "../../../session-orientation/spec.md")
    Dependency edges:
      Edge 1: status: fail; cycle: false
        From:
          Verify fresh-session pickup on the real project [9881a140-ff67-47f8-8b61-a7cc173743b2] /Users/zoki/code/context/.scratch/records/session-orientation/issues/08-verify-fresh-session-pickup.md
        To:
          Migrate project records and prepare the pickup trial [583073dd-c167-494a-96d5-5606ef1e988f] /Users/zoki/code/context/.scratch/records/session-orientation/issues/07-migrate-records-and-prepare-trial.md (from /Users/zoki/code/context/.scratch/records/session-orientation/issues/08-verify-fresh-session-pickup.md; link "07-migrate-records-and-prepare-trial.md")
        snapshot_changed: snapshot source differs from the recorded digest [/Users/zoki/code/context/CONTEXT.md] (from /Users/zoki/code/context/.scratch/records/session-orientation/acceptances/07-evidence-correction-20260916.md; link "../../../../CONTEXT.md")
        completed_dependency: prerequisite is recorded as completed [/Users/zoki/code/context/.scratch/records/session-orientation/issues/07-migrate-records-and-prepare-trial.md] (from /Users/zoki/code/context/.scratch/records/session-orientation/issues/08-verify-fresh-session-pickup.md; link "07-migrate-records-and-prepare-trial.md")
        acceptance_criteria_present: at least one nonempty acceptance criterion is authored [/Users/zoki/code/context/.scratch/records/session-orientation/issues/07-migrate-records-and-prepare-trial.md] (from /Users/zoki/code/context/.scratch/records/session-orientation/issues/08-verify-fresh-session-pickup.md; link "07-migrate-records-and-prepare-trial.md")
        no_blocking_decisions: Blocked by decisions explicitly declares none [/Users/zoki/code/context/.scratch/records/session-orientation/issues/07-migrate-records-and-prepare-trial.md] (from /Users/zoki/code/context/.scratch/records/session-orientation/issues/08-verify-fresh-session-pickup.md; link "07-migrate-records-and-prepare-trial.md")
        snapshot_changed: snapshot source differs from the recorded digest [/Users/zoki/code/context/CONTEXT.md] (from /Users/zoki/code/context/.scratch/records/session-orientation/acceptances/06-evidence-correction-20260916.md; link "../../../../CONTEXT.md")
        completed_dependency: prerequisite is recorded as completed [/Users/zoki/code/context/.scratch/records/session-orientation/issues/06-evaluate-prerequisite-chains.md] (from /Users/zoki/code/context/.scratch/records/session-orientation/issues/07-migrate-records-and-prepare-trial.md; link "06-evaluate-prerequisite-chains.md")
        acceptance_criteria_present: at least one nonempty acceptance criterion is authored [/Users/zoki/code/context/.scratch/records/session-orientation/issues/06-evaluate-prerequisite-chains.md] (from /Users/zoki/code/context/.scratch/records/session-orientation/issues/07-migrate-records-and-prepare-trial.md; link "06-evaluate-prerequisite-chains.md")
        no_blocking_decisions: Blocked by decisions explicitly declares none [/Users/zoki/code/context/.scratch/records/session-orientation/issues/06-evaluate-prerequisite-chains.md] (from /Users/zoki/code/context/.scratch/records/session-orientation/issues/07-migrate-records-and-prepare-trial.md; link "06-evaluate-prerequisite-chains.md")
        snapshot_changed: snapshot source differs from the recorded digest [/Users/zoki/code/context/CONTEXT.md] (from /Users/zoki/code/context/.scratch/records/session-orientation/acceptances/05-evidence-correction-20260916.md; link "../../../../CONTEXT.md")
        completed_dependency: prerequisite is recorded as completed [/Users/zoki/code/context/.scratch/records/session-orientation/issues/05-verify-prerequisite-acceptance.md] (from /Users/zoki/code/context/.scratch/records/session-orientation/issues/06-evaluate-prerequisite-chains.md; link "05-verify-prerequisite-acceptance.md")
        acceptance_criteria_present: at least one nonempty acceptance criterion is authored [/Users/zoki/code/context/.scratch/records/session-orientation/issues/05-verify-prerequisite-acceptance.md] (from /Users/zoki/code/context/.scratch/records/session-orientation/issues/06-evaluate-prerequisite-chains.md; link "05-verify-prerequisite-acceptance.md")
        no_blocking_decisions: Blocked by decisions explicitly declares none [/Users/zoki/code/context/.scratch/records/session-orientation/issues/05-verify-prerequisite-acceptance.md] (from /Users/zoki/code/context/.scratch/records/session-orientation/issues/06-evaluate-prerequisite-chains.md; link "05-verify-prerequisite-acceptance.md")
        snapshot_changed: snapshot source differs from the recorded digest [/Users/zoki/code/context/CONTEXT.md] (from /Users/zoki/code/context/.scratch/records/session-orientation/acceptances/03-authoring-reassessment-20260916.md; link "../../../../CONTEXT.md")
        completed_dependency: prerequisite is recorded as completed [/Users/zoki/code/context/.scratch/records/session-orientation/issues/03-explain-blocking-decisions.md] (from /Users/zoki/code/context/.scratch/records/session-orientation/issues/05-verify-prerequisite-acceptance.md; link "03-explain-blocking-decisions.md")
        acceptance_criteria_present: at least one nonempty acceptance criterion is authored [/Users/zoki/code/context/.scratch/records/session-orientation/issues/03-explain-blocking-decisions.md] (from /Users/zoki/code/context/.scratch/records/session-orientation/issues/05-verify-prerequisite-acceptance.md; link "03-explain-blocking-decisions.md")
        no_blocking_decisions: Blocked by decisions explicitly declares none [/Users/zoki/code/context/.scratch/records/session-orientation/issues/03-explain-blocking-decisions.md] (from /Users/zoki/code/context/.scratch/records/session-orientation/issues/05-verify-prerequisite-acceptance.md; link "03-explain-blocking-decisions.md")
        snapshot_changed: snapshot source differs from the recorded digest [/Users/zoki/code/context/CONTEXT.md] (from /Users/zoki/code/context/.scratch/records/session-orientation/acceptances/02-authoring-reassessment-20260916.md; link "../../../../CONTEXT.md")
        completed_dependency: prerequisite is recorded as completed [/Users/zoki/code/context/.scratch/records/session-orientation/issues/02-list-eligible-work.md] (from /Users/zoki/code/context/.scratch/records/session-orientation/issues/03-explain-blocking-decisions.md; link "02-list-eligible-work.md")
        acceptance_criteria_present: at least one nonempty acceptance criterion is authored [/Users/zoki/code/context/.scratch/records/session-orientation/issues/02-list-eligible-work.md] (from /Users/zoki/code/context/.scratch/records/session-orientation/issues/03-explain-blocking-decisions.md; link "02-list-eligible-work.md")
        no_blocking_decisions: Blocked by decisions explicitly declares none [/Users/zoki/code/context/.scratch/records/session-orientation/issues/02-list-eligible-work.md] (from /Users/zoki/code/context/.scratch/records/session-orientation/issues/03-explain-blocking-decisions.md; link "02-list-eligible-work.md")
        snapshot_changed: snapshot source differs from the recorded digest [/Users/zoki/code/context/CONTEXT.md] (from /Users/zoki/code/context/.scratch/records/session-orientation/acceptances/01-evidence-correction-20260916.md; link "../../../../CONTEXT.md")
        completed_dependency: prerequisite is recorded as completed [/Users/zoki/code/context/.scratch/records/session-orientation/issues/01-show-project-orientation.md] (from /Users/zoki/code/context/.scratch/records/session-orientation/issues/02-list-eligible-work.md; link "01-show-project-orientation.md")
        acceptance_criteria_present: at least one nonempty acceptance criterion is authored [/Users/zoki/code/context/.scratch/records/session-orientation/issues/01-show-project-orientation.md] (from /Users/zoki/code/context/.scratch/records/session-orientation/issues/02-list-eligible-work.md; link "01-show-project-orientation.md")
        no_blocking_decisions: Blocked by decisions explicitly declares none [/Users/zoki/code/context/.scratch/records/session-orientation/issues/01-show-project-orientation.md] (from /Users/zoki/code/context/.scratch/records/session-orientation/issues/02-list-eligible-work.md; link "01-show-project-orientation.md")
        snapshot_changed: snapshot source differs from the recorded digest [/Users/zoki/code/context/CONTEXT.md] (from /Users/zoki/code/context/.scratch/records/session-orientation/acceptances/04-authoring-reassessment-20260916.md; link "../../../../CONTEXT.md")
        completed_dependency: prerequisite is recorded as completed [/Users/zoki/code/context/.scratch/records/session-orientation/issues/04-expose-requirement-fingerprints.md] (from /Users/zoki/code/context/.scratch/records/session-orientation/issues/05-verify-prerequisite-acceptance.md; link "04-expose-requirement-fingerprints.md")
        acceptance_criteria_present: at least one nonempty acceptance criterion is authored [/Users/zoki/code/context/.scratch/records/session-orientation/issues/04-expose-requirement-fingerprints.md] (from /Users/zoki/code/context/.scratch/records/session-orientation/issues/05-verify-prerequisite-acceptance.md; link "04-expose-requirement-fingerprints.md")
        no_blocking_decisions: Blocked by decisions explicitly declares none [/Users/zoki/code/context/.scratch/records/session-orientation/issues/04-expose-requirement-fingerprints.md] (from /Users/zoki/code/context/.scratch/records/session-orientation/issues/05-verify-prerequisite-acceptance.md; link "04-expose-requirement-fingerprints.md")
        completed_dependency: prerequisite is recorded as completed [/Users/zoki/code/context/.scratch/records/session-orientation/issues/01-show-project-orientation.md] (from /Users/zoki/code/context/.scratch/records/session-orientation/issues/04-expose-requirement-fingerprints.md; link "01-show-project-orientation.md")
        acceptance_criteria_present: at least one nonempty acceptance criterion is authored [/Users/zoki/code/context/.scratch/records/session-orientation/issues/01-show-project-orientation.md] (from /Users/zoki/code/context/.scratch/records/session-orientation/issues/04-expose-requirement-fingerprints.md; link "01-show-project-orientation.md")
        no_blocking_decisions: Blocked by decisions explicitly declares none [/Users/zoki/code/context/.scratch/records/session-orientation/issues/01-show-project-orientation.md] (from /Users/zoki/code/context/.scratch/records/session-orientation/issues/04-expose-requirement-fingerprints.md; link "01-show-project-orientation.md")
      Edge 2: status: fail; cycle: false
        From:
          Migrate project records and prepare the pickup trial [583073dd-c167-494a-96d5-5606ef1e988f] /Users/zoki/code/context/.scratch/records/session-orientation/issues/07-migrate-records-and-prepare-trial.md
        To:
          Evaluate prerequisite chains and cycles [baf829dd-5016-47a9-aa76-368e50c8f327] /Users/zoki/code/context/.scratch/records/session-orientation/issues/06-evaluate-prerequisite-chains.md (from /Users/zoki/code/context/.scratch/records/session-orientation/issues/07-migrate-records-and-prepare-trial.md; link "06-evaluate-prerequisite-chains.md")
        snapshot_changed: snapshot source differs from the recorded digest [/Users/zoki/code/context/CONTEXT.md] (from /Users/zoki/code/context/.scratch/records/session-orientation/acceptances/06-evidence-correction-20260916.md; link "../../../../CONTEXT.md")
        completed_dependency: prerequisite is recorded as completed [/Users/zoki/code/context/.scratch/records/session-orientation/issues/06-evaluate-prerequisite-chains.md] (from /Users/zoki/code/context/.scratch/records/session-orientation/issues/07-migrate-records-and-prepare-trial.md; link "06-evaluate-prerequisite-chains.md")
        acceptance_criteria_present: at least one nonempty acceptance criterion is authored [/Users/zoki/code/context/.scratch/records/session-orientation/issues/06-evaluate-prerequisite-chains.md] (from /Users/zoki/code/context/.scratch/records/session-orientation/issues/07-migrate-records-and-prepare-trial.md; link "06-evaluate-prerequisite-chains.md")
        no_blocking_decisions: Blocked by decisions explicitly declares none [/Users/zoki/code/context/.scratch/records/session-orientation/issues/06-evaluate-prerequisite-chains.md] (from /Users/zoki/code/context/.scratch/records/session-orientation/issues/07-migrate-records-and-prepare-trial.md; link "06-evaluate-prerequisite-chains.md")
        snapshot_changed: snapshot source differs from the recorded digest [/Users/zoki/code/context/CONTEXT.md] (from /Users/zoki/code/context/.scratch/records/session-orientation/acceptances/05-evidence-correction-20260916.md; link "../../../../CONTEXT.md")
        completed_dependency: prerequisite is recorded as completed [/Users/zoki/code/context/.scratch/records/session-orientation/issues/05-verify-prerequisite-acceptance.md] (from /Users/zoki/code/context/.scratch/records/session-orientation/issues/06-evaluate-prerequisite-chains.md; link "05-verify-prerequisite-acceptance.md")
        acceptance_criteria_present: at least one nonempty acceptance criterion is authored [/Users/zoki/code/context/.scratch/records/session-orientation/issues/05-verify-prerequisite-acceptance.md] (from /Users/zoki/code/context/.scratch/records/session-orientation/issues/06-evaluate-prerequisite-chains.md; link "05-verify-prerequisite-acceptance.md")
        no_blocking_decisions: Blocked by decisions explicitly declares none [/Users/zoki/code/context/.scratch/records/session-orientation/issues/05-verify-prerequisite-acceptance.md] (from /Users/zoki/code/context/.scratch/records/session-orientation/issues/06-evaluate-prerequisite-chains.md; link "05-verify-prerequisite-acceptance.md")
        snapshot_changed: snapshot source differs from the recorded digest [/Users/zoki/code/context/CONTEXT.md] (from /Users/zoki/code/context/.scratch/records/session-orientation/acceptances/03-authoring-reassessment-20260916.md; link "../../../../CONTEXT.md")
        completed_dependency: prerequisite is recorded as completed [/Users/zoki/code/context/.scratch/records/session-orientation/issues/03-explain-blocking-decisions.md] (from /Users/zoki/code/context/.scratch/records/session-orientation/issues/05-verify-prerequisite-acceptance.md; link "03-explain-blocking-decisions.md")
        acceptance_criteria_present: at least one nonempty acceptance criterion is authored [/Users/zoki/code/context/.scratch/records/session-orientation/issues/03-explain-blocking-decisions.md] (from /Users/zoki/code/context/.scratch/records/session-orientation/issues/05-verify-prerequisite-acceptance.md; link "03-explain-blocking-decisions.md")
        no_blocking_decisions: Blocked by decisions explicitly declares none [/Users/zoki/code/context/.scratch/records/session-orientation/issues/03-explain-blocking-decisions.md] (from /Users/zoki/code/context/.scratch/records/session-orientation/issues/05-verify-prerequisite-acceptance.md; link "03-explain-blocking-decisions.md")
        snapshot_changed: snapshot source differs from the recorded digest [/Users/zoki/code/context/CONTEXT.md] (from /Users/zoki/code/context/.scratch/records/session-orientation/acceptances/02-authoring-reassessment-20260916.md; link "../../../../CONTEXT.md")
        completed_dependency: prerequisite is recorded as completed [/Users/zoki/code/context/.scratch/records/session-orientation/issues/02-list-eligible-work.md] (from /Users/zoki/code/context/.scratch/records/session-orientation/issues/03-explain-blocking-decisions.md; link "02-list-eligible-work.md")
        acceptance_criteria_present: at least one nonempty acceptance criterion is authored [/Users/zoki/code/context/.scratch/records/session-orientation/issues/02-list-eligible-work.md] (from /Users/zoki/code/context/.scratch/records/session-orientation/issues/03-explain-blocking-decisions.md; link "02-list-eligible-work.md")
        no_blocking_decisions: Blocked by decisions explicitly declares none [/Users/zoki/code/context/.scratch/records/session-orientation/issues/02-list-eligible-work.md] (from /Users/zoki/code/context/.scratch/records/session-orientation/issues/03-explain-blocking-decisions.md; link "02-list-eligible-work.md")
        snapshot_changed: snapshot source differs from the recorded digest [/Users/zoki/code/context/CONTEXT.md] (from /Users/zoki/code/context/.scratch/records/session-orientation/acceptances/01-evidence-correction-20260916.md; link "../../../../CONTEXT.md")
        completed_dependency: prerequisite is recorded as completed [/Users/zoki/code/context/.scratch/records/session-orientation/issues/01-show-project-orientation.md] (from /Users/zoki/code/context/.scratch/records/session-orientation/issues/02-list-eligible-work.md; link "01-show-project-orientation.md")
        acceptance_criteria_present: at least one nonempty acceptance criterion is authored [/Users/zoki/code/context/.scratch/records/session-orientation/issues/01-show-project-orientation.md] (from /Users/zoki/code/context/.scratch/records/session-orientation/issues/02-list-eligible-work.md; link "01-show-project-orientation.md")
        no_blocking_decisions: Blocked by decisions explicitly declares none [/Users/zoki/code/context/.scratch/records/session-orientation/issues/01-show-project-orientation.md] (from /Users/zoki/code/context/.scratch/records/session-orientation/issues/02-list-eligible-work.md; link "01-show-project-orientation.md")
        snapshot_changed: snapshot source differs from the recorded digest [/Users/zoki/code/context/CONTEXT.md] (from /Users/zoki/code/context/.scratch/records/session-orientation/acceptances/04-authoring-reassessment-20260916.md; link "../../../../CONTEXT.md")
        completed_dependency: prerequisite is recorded as completed [/Users/zoki/code/context/.scratch/records/session-orientation/issues/04-expose-requirement-fingerprints.md] (from /Users/zoki/code/context/.scratch/records/session-orientation/issues/05-verify-prerequisite-acceptance.md; link "04-expose-requirement-fingerprints.md")
        acceptance_criteria_present: at least one nonempty acceptance criterion is authored [/Users/zoki/code/context/.scratch/records/session-orientation/issues/04-expose-requirement-fingerprints.md] (from /Users/zoki/code/context/.scratch/records/session-orientation/issues/05-verify-prerequisite-acceptance.md; link "04-expose-requirement-fingerprints.md")
        no_blocking_decisions: Blocked by decisions explicitly declares none [/Users/zoki/code/context/.scratch/records/session-orientation/issues/04-expose-requirement-fingerprints.md] (from /Users/zoki/code/context/.scratch/records/session-orientation/issues/05-verify-prerequisite-acceptance.md; link "04-expose-requirement-fingerprints.md")
        completed_dependency: prerequisite is recorded as completed [/Users/zoki/code/context/.scratch/records/session-orientation/issues/01-show-project-orientation.md] (from /Users/zoki/code/context/.scratch/records/session-orientation/issues/04-expose-requirement-fingerprints.md; link "01-show-project-orientation.md")
        acceptance_criteria_present: at least one nonempty acceptance criterion is authored [/Users/zoki/code/context/.scratch/records/session-orientation/issues/01-show-project-orientation.md] (from /Users/zoki/code/context/.scratch/records/session-orientation/issues/04-expose-requirement-fingerprints.md; link "01-show-project-orientation.md")
        no_blocking_decisions: Blocked by decisions explicitly declares none [/Users/zoki/code/context/.scratch/records/session-orientation/issues/01-show-project-orientation.md] (from /Users/zoki/code/context/.scratch/records/session-orientation/issues/04-expose-requirement-fingerprints.md; link "01-show-project-orientation.md")
      Edge 3: status: fail; cycle: false
        From:
          Evaluate prerequisite chains and cycles [baf829dd-5016-47a9-aa76-368e50c8f327] /Users/zoki/code/context/.scratch/records/session-orientation/issues/06-evaluate-prerequisite-chains.md
        To:
          Satisfy direct prerequisites using recorded acceptance [f2a2f976-d844-4e27-86fc-a3ec9b0025e3] /Users/zoki/code/context/.scratch/records/session-orientation/issues/05-verify-prerequisite-acceptance.md (from /Users/zoki/code/context/.scratch/records/session-orientation/issues/06-evaluate-prerequisite-chains.md; link "05-verify-prerequisite-acceptance.md")
        snapshot_changed: snapshot source differs from the recorded digest [/Users/zoki/code/context/CONTEXT.md] (from /Users/zoki/code/context/.scratch/records/session-orientation/acceptances/05-evidence-correction-20260916.md; link "../../../../CONTEXT.md")
        completed_dependency: prerequisite is recorded as completed [/Users/zoki/code/context/.scratch/records/session-orientation/issues/05-verify-prerequisite-acceptance.md] (from /Users/zoki/code/context/.scratch/records/session-orientation/issues/06-evaluate-prerequisite-chains.md; link "05-verify-prerequisite-acceptance.md")
        acceptance_criteria_present: at least one nonempty acceptance criterion is authored [/Users/zoki/code/context/.scratch/records/session-orientation/issues/05-verify-prerequisite-acceptance.md] (from /Users/zoki/code/context/.scratch/records/session-orientation/issues/06-evaluate-prerequisite-chains.md; link "05-verify-prerequisite-acceptance.md")
        no_blocking_decisions: Blocked by decisions explicitly declares none [/Users/zoki/code/context/.scratch/records/session-orientation/issues/05-verify-prerequisite-acceptance.md] (from /Users/zoki/code/context/.scratch/records/session-orientation/issues/06-evaluate-prerequisite-chains.md; link "05-verify-prerequisite-acceptance.md")
        snapshot_changed: snapshot source differs from the recorded digest [/Users/zoki/code/context/CONTEXT.md] (from /Users/zoki/code/context/.scratch/records/session-orientation/acceptances/03-authoring-reassessment-20260916.md; link "../../../../CONTEXT.md")
        completed_dependency: prerequisite is recorded as completed [/Users/zoki/code/context/.scratch/records/session-orientation/issues/03-explain-blocking-decisions.md] (from /Users/zoki/code/context/.scratch/records/session-orientation/issues/05-verify-prerequisite-acceptance.md; link "03-explain-blocking-decisions.md")
        acceptance_criteria_present: at least one nonempty acceptance criterion is authored [/Users/zoki/code/context/.scratch/records/session-orientation/issues/03-explain-blocking-decisions.md] (from /Users/zoki/code/context/.scratch/records/session-orientation/issues/05-verify-prerequisite-acceptance.md; link "03-explain-blocking-decisions.md")
        no_blocking_decisions: Blocked by decisions explicitly declares none [/Users/zoki/code/context/.scratch/records/session-orientation/issues/03-explain-blocking-decisions.md] (from /Users/zoki/code/context/.scratch/records/session-orientation/issues/05-verify-prerequisite-acceptance.md; link "03-explain-blocking-decisions.md")
        snapshot_changed: snapshot source differs from the recorded digest [/Users/zoki/code/context/CONTEXT.md] (from /Users/zoki/code/context/.scratch/records/session-orientation/acceptances/02-authoring-reassessment-20260916.md; link "../../../../CONTEXT.md")
        completed_dependency: prerequisite is recorded as completed [/Users/zoki/code/context/.scratch/records/session-orientation/issues/02-list-eligible-work.md] (from /Users/zoki/code/context/.scratch/records/session-orientation/issues/03-explain-blocking-decisions.md; link "02-list-eligible-work.md")
        acceptance_criteria_present: at least one nonempty acceptance criterion is authored [/Users/zoki/code/context/.scratch/records/session-orientation/issues/02-list-eligible-work.md] (from /Users/zoki/code/context/.scratch/records/session-orientation/issues/03-explain-blocking-decisions.md; link "02-list-eligible-work.md")
        no_blocking_decisions: Blocked by decisions explicitly declares none [/Users/zoki/code/context/.scratch/records/session-orientation/issues/02-list-eligible-work.md] (from /Users/zoki/code/context/.scratch/records/session-orientation/issues/03-explain-blocking-decisions.md; link "02-list-eligible-work.md")
        snapshot_changed: snapshot source differs from the recorded digest [/Users/zoki/code/context/CONTEXT.md] (from /Users/zoki/code/context/.scratch/records/session-orientation/acceptances/01-evidence-correction-20260916.md; link "../../../../CONTEXT.md")
        completed_dependency: prerequisite is recorded as completed [/Users/zoki/code/context/.scratch/records/session-orientation/issues/01-show-project-orientation.md] (from /Users/zoki/code/context/.scratch/records/session-orientation/issues/02-list-eligible-work.md; link "01-show-project-orientation.md")
        acceptance_criteria_present: at least one nonempty acceptance criterion is authored [/Users/zoki/code/context/.scratch/records/session-orientation/issues/01-show-project-orientation.md] (from /Users/zoki/code/context/.scratch/records/session-orientation/issues/02-list-eligible-work.md; link "01-show-project-orientation.md")
        no_blocking_decisions: Blocked by decisions explicitly declares none [/Users/zoki/code/context/.scratch/records/session-orientation/issues/01-show-project-orientation.md] (from /Users/zoki/code/context/.scratch/records/session-orientation/issues/02-list-eligible-work.md; link "01-show-project-orientation.md")
        snapshot_changed: snapshot source differs from the recorded digest [/Users/zoki/code/context/CONTEXT.md] (from /Users/zoki/code/context/.scratch/records/session-orientation/acceptances/04-authoring-reassessment-20260916.md; link "../../../../CONTEXT.md")
        completed_dependency: prerequisite is recorded as completed [/Users/zoki/code/context/.scratch/records/session-orientation/issues/04-expose-requirement-fingerprints.md] (from /Users/zoki/code/context/.scratch/records/session-orientation/issues/05-verify-prerequisite-acceptance.md; link "04-expose-requirement-fingerprints.md")
        acceptance_criteria_present: at least one nonempty acceptance criterion is authored [/Users/zoki/code/context/.scratch/records/session-orientation/issues/04-expose-requirement-fingerprints.md] (from /Users/zoki/code/context/.scratch/records/session-orientation/issues/05-verify-prerequisite-acceptance.md; link "04-expose-requirement-fingerprints.md")
        no_blocking_decisions: Blocked by decisions explicitly declares none [/Users/zoki/code/context/.scratch/records/session-orientation/issues/04-expose-requirement-fingerprints.md] (from /Users/zoki/code/context/.scratch/records/session-orientation/issues/05-verify-prerequisite-acceptance.md; link "04-expose-requirement-fingerprints.md")
        completed_dependency: prerequisite is recorded as completed [/Users/zoki/code/context/.scratch/records/session-orientation/issues/01-show-project-orientation.md] (from /Users/zoki/code/context/.scratch/records/session-orientation/issues/04-expose-requirement-fingerprints.md; link "01-show-project-orientation.md")
        acceptance_criteria_present: at least one nonempty acceptance criterion is authored [/Users/zoki/code/context/.scratch/records/session-orientation/issues/01-show-project-orientation.md] (from /Users/zoki/code/context/.scratch/records/session-orientation/issues/04-expose-requirement-fingerprints.md; link "01-show-project-orientation.md")
        no_blocking_decisions: Blocked by decisions explicitly declares none [/Users/zoki/code/context/.scratch/records/session-orientation/issues/01-show-project-orientation.md] (from /Users/zoki/code/context/.scratch/records/session-orientation/issues/04-expose-requirement-fingerprints.md; link "01-show-project-orientation.md")
      Edge 4: status: fail; cycle: false
        From:
          Satisfy direct prerequisites using recorded acceptance [f2a2f976-d844-4e27-86fc-a3ec9b0025e3] /Users/zoki/code/context/.scratch/records/session-orientation/issues/05-verify-prerequisite-acceptance.md
        To:
          Explain blocking decisions [c810606f-6a64-460d-9223-8a8515fdcd65] /Users/zoki/code/context/.scratch/records/session-orientation/issues/03-explain-blocking-decisions.md (from /Users/zoki/code/context/.scratch/records/session-orientation/issues/05-verify-prerequisite-acceptance.md; link "03-explain-blocking-decisions.md")
        snapshot_changed: snapshot source differs from the recorded digest [/Users/zoki/code/context/CONTEXT.md] (from /Users/zoki/code/context/.scratch/records/session-orientation/acceptances/03-authoring-reassessment-20260916.md; link "../../../../CONTEXT.md")
        completed_dependency: prerequisite is recorded as completed [/Users/zoki/code/context/.scratch/records/session-orientation/issues/03-explain-blocking-decisions.md] (from /Users/zoki/code/context/.scratch/records/session-orientation/issues/05-verify-prerequisite-acceptance.md; link "03-explain-blocking-decisions.md")
        acceptance_criteria_present: at least one nonempty acceptance criterion is authored [/Users/zoki/code/context/.scratch/records/session-orientation/issues/03-explain-blocking-decisions.md] (from /Users/zoki/code/context/.scratch/records/session-orientation/issues/05-verify-prerequisite-acceptance.md; link "03-explain-blocking-decisions.md")
        no_blocking_decisions: Blocked by decisions explicitly declares none [/Users/zoki/code/context/.scratch/records/session-orientation/issues/03-explain-blocking-decisions.md] (from /Users/zoki/code/context/.scratch/records/session-orientation/issues/05-verify-prerequisite-acceptance.md; link "03-explain-blocking-decisions.md")
        snapshot_changed: snapshot source differs from the recorded digest [/Users/zoki/code/context/CONTEXT.md] (from /Users/zoki/code/context/.scratch/records/session-orientation/acceptances/02-authoring-reassessment-20260916.md; link "../../../../CONTEXT.md")
        completed_dependency: prerequisite is recorded as completed [/Users/zoki/code/context/.scratch/records/session-orientation/issues/02-list-eligible-work.md] (from /Users/zoki/code/context/.scratch/records/session-orientation/issues/03-explain-blocking-decisions.md; link "02-list-eligible-work.md")
        acceptance_criteria_present: at least one nonempty acceptance criterion is authored [/Users/zoki/code/context/.scratch/records/session-orientation/issues/02-list-eligible-work.md] (from /Users/zoki/code/context/.scratch/records/session-orientation/issues/03-explain-blocking-decisions.md; link "02-list-eligible-work.md")
        no_blocking_decisions: Blocked by decisions explicitly declares none [/Users/zoki/code/context/.scratch/records/session-orientation/issues/02-list-eligible-work.md] (from /Users/zoki/code/context/.scratch/records/session-orientation/issues/03-explain-blocking-decisions.md; link "02-list-eligible-work.md")
        snapshot_changed: snapshot source differs from the recorded digest [/Users/zoki/code/context/CONTEXT.md] (from /Users/zoki/code/context/.scratch/records/session-orientation/acceptances/01-evidence-correction-20260916.md; link "../../../../CONTEXT.md")
        completed_dependency: prerequisite is recorded as completed [/Users/zoki/code/context/.scratch/records/session-orientation/issues/01-show-project-orientation.md] (from /Users/zoki/code/context/.scratch/records/session-orientation/issues/02-list-eligible-work.md; link "01-show-project-orientation.md")
        acceptance_criteria_present: at least one nonempty acceptance criterion is authored [/Users/zoki/code/context/.scratch/records/session-orientation/issues/01-show-project-orientation.md] (from /Users/zoki/code/context/.scratch/records/session-orientation/issues/02-list-eligible-work.md; link "01-show-project-orientation.md")
        no_blocking_decisions: Blocked by decisions explicitly declares none [/Users/zoki/code/context/.scratch/records/session-orientation/issues/01-show-project-orientation.md] (from /Users/zoki/code/context/.scratch/records/session-orientation/issues/02-list-eligible-work.md; link "01-show-project-orientation.md")
      Edge 5: status: fail; cycle: false
        From:
          Explain blocking decisions [c810606f-6a64-460d-9223-8a8515fdcd65] /Users/zoki/code/context/.scratch/records/session-orientation/issues/03-explain-blocking-decisions.md
        To:
          List eligible work with reasons [940635b3-0697-45c6-804b-43f9ec1d3e58] /Users/zoki/code/context/.scratch/records/session-orientation/issues/02-list-eligible-work.md (from /Users/zoki/code/context/.scratch/records/session-orientation/issues/03-explain-blocking-decisions.md; link "02-list-eligible-work.md")
        snapshot_changed: snapshot source differs from the recorded digest [/Users/zoki/code/context/CONTEXT.md] (from /Users/zoki/code/context/.scratch/records/session-orientation/acceptances/02-authoring-reassessment-20260916.md; link "../../../../CONTEXT.md")
        completed_dependency: prerequisite is recorded as completed [/Users/zoki/code/context/.scratch/records/session-orientation/issues/02-list-eligible-work.md] (from /Users/zoki/code/context/.scratch/records/session-orientation/issues/03-explain-blocking-decisions.md; link "02-list-eligible-work.md")
        acceptance_criteria_present: at least one nonempty acceptance criterion is authored [/Users/zoki/code/context/.scratch/records/session-orientation/issues/02-list-eligible-work.md] (from /Users/zoki/code/context/.scratch/records/session-orientation/issues/03-explain-blocking-decisions.md; link "02-list-eligible-work.md")
        no_blocking_decisions: Blocked by decisions explicitly declares none [/Users/zoki/code/context/.scratch/records/session-orientation/issues/02-list-eligible-work.md] (from /Users/zoki/code/context/.scratch/records/session-orientation/issues/03-explain-blocking-decisions.md; link "02-list-eligible-work.md")
        snapshot_changed: snapshot source differs from the recorded digest [/Users/zoki/code/context/CONTEXT.md] (from /Users/zoki/code/context/.scratch/records/session-orientation/acceptances/01-evidence-correction-20260916.md; link "../../../../CONTEXT.md")
        completed_dependency: prerequisite is recorded as completed [/Users/zoki/code/context/.scratch/records/session-orientation/issues/01-show-project-orientation.md] (from /Users/zoki/code/context/.scratch/records/session-orientation/issues/02-list-eligible-work.md; link "01-show-project-orientation.md")
        acceptance_criteria_present: at least one nonempty acceptance criterion is authored [/Users/zoki/code/context/.scratch/records/session-orientation/issues/01-show-project-orientation.md] (from /Users/zoki/code/context/.scratch/records/session-orientation/issues/02-list-eligible-work.md; link "01-show-project-orientation.md")
        no_blocking_decisions: Blocked by decisions explicitly declares none [/Users/zoki/code/context/.scratch/records/session-orientation/issues/01-show-project-orientation.md] (from /Users/zoki/code/context/.scratch/records/session-orientation/issues/02-list-eligible-work.md; link "01-show-project-orientation.md")
      Edge 6: status: fail; cycle: false
        From:
          List eligible work with reasons [940635b3-0697-45c6-804b-43f9ec1d3e58] /Users/zoki/code/context/.scratch/records/session-orientation/issues/02-list-eligible-work.md
        To:
          Show project orientation and work inventory [e1f2dcee-d054-4311-9719-a55e29f576f5] /Users/zoki/code/context/.scratch/records/session-orientation/issues/01-show-project-orientation.md (from /Users/zoki/code/context/.scratch/records/session-orientation/issues/02-list-eligible-work.md; link "01-show-project-orientation.md")
        snapshot_changed: snapshot source differs from the recorded digest [/Users/zoki/code/context/CONTEXT.md] (from /Users/zoki/code/context/.scratch/records/session-orientation/acceptances/01-evidence-correction-20260916.md; link "../../../../CONTEXT.md")
        completed_dependency: prerequisite is recorded as completed [/Users/zoki/code/context/.scratch/records/session-orientation/issues/01-show-project-orientation.md] (from /Users/zoki/code/context/.scratch/records/session-orientation/issues/02-list-eligible-work.md; link "01-show-project-orientation.md")
        acceptance_criteria_present: at least one nonempty acceptance criterion is authored [/Users/zoki/code/context/.scratch/records/session-orientation/issues/01-show-project-orientation.md] (from /Users/zoki/code/context/.scratch/records/session-orientation/issues/02-list-eligible-work.md; link "01-show-project-orientation.md")
        no_blocking_decisions: Blocked by decisions explicitly declares none [/Users/zoki/code/context/.scratch/records/session-orientation/issues/01-show-project-orientation.md] (from /Users/zoki/code/context/.scratch/records/session-orientation/issues/02-list-eligible-work.md; link "01-show-project-orientation.md")
        no_dependencies: Blocked by explicitly declares none [/Users/zoki/code/context/.scratch/records/session-orientation/issues/01-show-project-orientation.md]
      Edge 7: status: fail; cycle: false
        From:
          Satisfy direct prerequisites using recorded acceptance [f2a2f976-d844-4e27-86fc-a3ec9b0025e3] /Users/zoki/code/context/.scratch/records/session-orientation/issues/05-verify-prerequisite-acceptance.md
        To:
          Expose reproducible requirement fingerprints [8888abfc-d72c-42c0-8a28-08c7235d68c6] /Users/zoki/code/context/.scratch/records/session-orientation/issues/04-expose-requirement-fingerprints.md (from /Users/zoki/code/context/.scratch/records/session-orientation/issues/05-verify-prerequisite-acceptance.md; link "04-expose-requirement-fingerprints.md")
        snapshot_changed: snapshot source differs from the recorded digest [/Users/zoki/code/context/CONTEXT.md] (from /Users/zoki/code/context/.scratch/records/session-orientation/acceptances/04-authoring-reassessment-20260916.md; link "../../../../CONTEXT.md")
        completed_dependency: prerequisite is recorded as completed [/Users/zoki/code/context/.scratch/records/session-orientation/issues/04-expose-requirement-fingerprints.md] (from /Users/zoki/code/context/.scratch/records/session-orientation/issues/05-verify-prerequisite-acceptance.md; link "04-expose-requirement-fingerprints.md")
        acceptance_criteria_present: at least one nonempty acceptance criterion is authored [/Users/zoki/code/context/.scratch/records/session-orientation/issues/04-expose-requirement-fingerprints.md] (from /Users/zoki/code/context/.scratch/records/session-orientation/issues/05-verify-prerequisite-acceptance.md; link "04-expose-requirement-fingerprints.md")
        no_blocking_decisions: Blocked by decisions explicitly declares none [/Users/zoki/code/context/.scratch/records/session-orientation/issues/04-expose-requirement-fingerprints.md] (from /Users/zoki/code/context/.scratch/records/session-orientation/issues/05-verify-prerequisite-acceptance.md; link "04-expose-requirement-fingerprints.md")
        snapshot_changed: snapshot source differs from the recorded digest [/Users/zoki/code/context/CONTEXT.md] (from /Users/zoki/code/context/.scratch/records/session-orientation/acceptances/01-evidence-correction-20260916.md; link "../../../../CONTEXT.md")
        completed_dependency: prerequisite is recorded as completed [/Users/zoki/code/context/.scratch/records/session-orientation/issues/01-show-project-orientation.md] (from /Users/zoki/code/context/.scratch/records/session-orientation/issues/04-expose-requirement-fingerprints.md; link "01-show-project-orientation.md")
        acceptance_criteria_present: at least one nonempty acceptance criterion is authored [/Users/zoki/code/context/.scratch/records/session-orientation/issues/01-show-project-orientation.md] (from /Users/zoki/code/context/.scratch/records/session-orientation/issues/04-expose-requirement-fingerprints.md; link "01-show-project-orientation.md")
        no_blocking_decisions: Blocked by decisions explicitly declares none [/Users/zoki/code/context/.scratch/records/session-orientation/issues/01-show-project-orientation.md] (from /Users/zoki/code/context/.scratch/records/session-orientation/issues/04-expose-requirement-fingerprints.md; link "01-show-project-orientation.md")
      Edge 8: status: fail; cycle: false
        From:
          Expose reproducible requirement fingerprints [8888abfc-d72c-42c0-8a28-08c7235d68c6] /Users/zoki/code/context/.scratch/records/session-orientation/issues/04-expose-requirement-fingerprints.md
        To:
          Show project orientation and work inventory [e1f2dcee-d054-4311-9719-a55e29f576f5] /Users/zoki/code/context/.scratch/records/session-orientation/issues/01-show-project-orientation.md (from /Users/zoki/code/context/.scratch/records/session-orientation/issues/04-expose-requirement-fingerprints.md; link "01-show-project-orientation.md")
        snapshot_changed: snapshot source differs from the recorded digest [/Users/zoki/code/context/CONTEXT.md] (from /Users/zoki/code/context/.scratch/records/session-orientation/acceptances/01-evidence-correction-20260916.md; link "../../../../CONTEXT.md")
        completed_dependency: prerequisite is recorded as completed [/Users/zoki/code/context/.scratch/records/session-orientation/issues/01-show-project-orientation.md] (from /Users/zoki/code/context/.scratch/records/session-orientation/issues/04-expose-requirement-fingerprints.md; link "01-show-project-orientation.md")
        acceptance_criteria_present: at least one nonempty acceptance criterion is authored [/Users/zoki/code/context/.scratch/records/session-orientation/issues/01-show-project-orientation.md] (from /Users/zoki/code/context/.scratch/records/session-orientation/issues/04-expose-requirement-fingerprints.md; link "01-show-project-orientation.md")
        no_blocking_decisions: Blocked by decisions explicitly declares none [/Users/zoki/code/context/.scratch/records/session-orientation/issues/01-show-project-orientation.md] (from /Users/zoki/code/context/.scratch/records/session-orientation/issues/04-expose-requirement-fingerprints.md; link "01-show-project-orientation.md")
        no_dependencies: Blocked by explicitly declares none [/Users/zoki/code/context/.scratch/records/session-orientation/issues/01-show-project-orientation.md]
    acceptance_criteria: pass
      acceptance_criteria_present: at least one nonempty acceptance criterion is authored [/Users/zoki/code/context/.scratch/records/session-orientation/issues/08-verify-fresh-session-pickup.md]
    required_context: pass
      required_context_available: all explicitly selected requirement and context sources are available [/Users/zoki/code/context/.scratch/records/session-orientation/issues/08-verify-fresh-session-pickup.md]
    dependencies: fail
      snapshot_changed: snapshot source differs from the recorded digest [/Users/zoki/code/context/CONTEXT.md] (from /Users/zoki/code/context/.scratch/records/session-orientation/acceptances/07-evidence-correction-20260916.md; link "../../../../CONTEXT.md")
      completed_dependency: prerequisite is recorded as completed [/Users/zoki/code/context/.scratch/records/session-orientation/issues/07-migrate-records-and-prepare-trial.md] (from /Users/zoki/code/context/.scratch/records/session-orientation/issues/08-verify-fresh-session-pickup.md; link "07-migrate-records-and-prepare-trial.md")
      acceptance_criteria_present: at least one nonempty acceptance criterion is authored [/Users/zoki/code/context/.scratch/records/session-orientation/issues/07-migrate-records-and-prepare-trial.md] (from /Users/zoki/code/context/.scratch/records/session-orientation/issues/08-verify-fresh-session-pickup.md; link "07-migrate-records-and-prepare-trial.md")
      no_blocking_decisions: Blocked by decisions explicitly declares none [/Users/zoki/code/context/.scratch/records/session-orientation/issues/07-migrate-records-and-prepare-trial.md] (from /Users/zoki/code/context/.scratch/records/session-orientation/issues/08-verify-fresh-session-pickup.md; link "07-migrate-records-and-prepare-trial.md")
      snapshot_changed: snapshot source differs from the recorded digest [/Users/zoki/code/context/CONTEXT.md] (from /Users/zoki/code/context/.scratch/records/session-orientation/acceptances/06-evidence-correction-20260916.md; link "../../../../CONTEXT.md")
      completed_dependency: prerequisite is recorded as completed [/Users/zoki/code/context/.scratch/records/session-orientation/issues/06-evaluate-prerequisite-chains.md] (from /Users/zoki/code/context/.scratch/records/session-orientation/issues/07-migrate-records-and-prepare-trial.md; link "06-evaluate-prerequisite-chains.md")
      acceptance_criteria_present: at least one nonempty acceptance criterion is authored [/Users/zoki/code/context/.scratch/records/session-orientation/issues/06-evaluate-prerequisite-chains.md] (from /Users/zoki/code/context/.scratch/records/session-orientation/issues/07-migrate-records-and-prepare-trial.md; link "06-evaluate-prerequisite-chains.md")
      no_blocking_decisions: Blocked by decisions explicitly declares none [/Users/zoki/code/context/.scratch/records/session-orientation/issues/06-evaluate-prerequisite-chains.md] (from /Users/zoki/code/context/.scratch/records/session-orientation/issues/07-migrate-records-and-prepare-trial.md; link "06-evaluate-prerequisite-chains.md")
      snapshot_changed: snapshot source differs from the recorded digest [/Users/zoki/code/context/CONTEXT.md] (from /Users/zoki/code/context/.scratch/records/session-orientation/acceptances/05-evidence-correction-20260916.md; link "../../../../CONTEXT.md")
      completed_dependency: prerequisite is recorded as completed [/Users/zoki/code/context/.scratch/records/session-orientation/issues/05-verify-prerequisite-acceptance.md] (from /Users/zoki/code/context/.scratch/records/session-orientation/issues/06-evaluate-prerequisite-chains.md; link "05-verify-prerequisite-acceptance.md")
      acceptance_criteria_present: at least one nonempty acceptance criterion is authored [/Users/zoki/code/context/.scratch/records/session-orientation/issues/05-verify-prerequisite-acceptance.md] (from /Users/zoki/code/context/.scratch/records/session-orientation/issues/06-evaluate-prerequisite-chains.md; link "05-verify-prerequisite-acceptance.md")
      no_blocking_decisions: Blocked by decisions explicitly declares none [/Users/zoki/code/context/.scratch/records/session-orientation/issues/05-verify-prerequisite-acceptance.md] (from /Users/zoki/code/context/.scratch/records/session-orientation/issues/06-evaluate-prerequisite-chains.md; link "05-verify-prerequisite-acceptance.md")
      snapshot_changed: snapshot source differs from the recorded digest [/Users/zoki/code/context/CONTEXT.md] (from /Users/zoki/code/context/.scratch/records/session-orientation/acceptances/03-authoring-reassessment-20260916.md; link "../../../../CONTEXT.md")
      completed_dependency: prerequisite is recorded as completed [/Users/zoki/code/context/.scratch/records/session-orientation/issues/03-explain-blocking-decisions.md] (from /Users/zoki/code/context/.scratch/records/session-orientation/issues/05-verify-prerequisite-acceptance.md; link "03-explain-blocking-decisions.md")
      acceptance_criteria_present: at least one nonempty acceptance criterion is authored [/Users/zoki/code/context/.scratch/records/session-orientation/issues/03-explain-blocking-decisions.md] (from /Users/zoki/code/context/.scratch/records/session-orientation/issues/05-verify-prerequisite-acceptance.md; link "03-explain-blocking-decisions.md")
      no_blocking_decisions: Blocked by decisions explicitly declares none [/Users/zoki/code/context/.scratch/records/session-orientation/issues/03-explain-blocking-decisions.md] (from /Users/zoki/code/context/.scratch/records/session-orientation/issues/05-verify-prerequisite-acceptance.md; link "03-explain-blocking-decisions.md")
      snapshot_changed: snapshot source differs from the recorded digest [/Users/zoki/code/context/CONTEXT.md] (from /Users/zoki/code/context/.scratch/records/session-orientation/acceptances/02-authoring-reassessment-20260916.md; link "../../../../CONTEXT.md")
      completed_dependency: prerequisite is recorded as completed [/Users/zoki/code/context/.scratch/records/session-orientation/issues/02-list-eligible-work.md] (from /Users/zoki/code/context/.scratch/records/session-orientation/issues/03-explain-blocking-decisions.md; link "02-list-eligible-work.md")
      acceptance_criteria_present: at least one nonempty acceptance criterion is authored [/Users/zoki/code/context/.scratch/records/session-orientation/issues/02-list-eligible-work.md] (from /Users/zoki/code/context/.scratch/records/session-orientation/issues/03-explain-blocking-decisions.md; link "02-list-eligible-work.md")
      no_blocking_decisions: Blocked by decisions explicitly declares none [/Users/zoki/code/context/.scratch/records/session-orientation/issues/02-list-eligible-work.md] (from /Users/zoki/code/context/.scratch/records/session-orientation/issues/03-explain-blocking-decisions.md; link "02-list-eligible-work.md")
      snapshot_changed: snapshot source differs from the recorded digest [/Users/zoki/code/context/CONTEXT.md] (from /Users/zoki/code/context/.scratch/records/session-orientation/acceptances/01-evidence-correction-20260916.md; link "../../../../CONTEXT.md")
      completed_dependency: prerequisite is recorded as completed [/Users/zoki/code/context/.scratch/records/session-orientation/issues/01-show-project-orientation.md] (from /Users/zoki/code/context/.scratch/records/session-orientation/issues/02-list-eligible-work.md; link "01-show-project-orientation.md")
      acceptance_criteria_present: at least one nonempty acceptance criterion is authored [/Users/zoki/code/context/.scratch/records/session-orientation/issues/01-show-project-orientation.md] (from /Users/zoki/code/context/.scratch/records/session-orientation/issues/02-list-eligible-work.md; link "01-show-project-orientation.md")
      no_blocking_decisions: Blocked by decisions explicitly declares none [/Users/zoki/code/context/.scratch/records/session-orientation/issues/01-show-project-orientation.md] (from /Users/zoki/code/context/.scratch/records/session-orientation/issues/02-list-eligible-work.md; link "01-show-project-orientation.md")
      snapshot_changed: snapshot source differs from the recorded digest [/Users/zoki/code/context/CONTEXT.md] (from /Users/zoki/code/context/.scratch/records/session-orientation/acceptances/04-authoring-reassessment-20260916.md; link "../../../../CONTEXT.md")
      completed_dependency: prerequisite is recorded as completed [/Users/zoki/code/context/.scratch/records/session-orientation/issues/04-expose-requirement-fingerprints.md] (from /Users/zoki/code/context/.scratch/records/session-orientation/issues/05-verify-prerequisite-acceptance.md; link "04-expose-requirement-fingerprints.md")
      acceptance_criteria_present: at least one nonempty acceptance criterion is authored [/Users/zoki/code/context/.scratch/records/session-orientation/issues/04-expose-requirement-fingerprints.md] (from /Users/zoki/code/context/.scratch/records/session-orientation/issues/05-verify-prerequisite-acceptance.md; link "04-expose-requirement-fingerprints.md")
      no_blocking_decisions: Blocked by decisions explicitly declares none [/Users/zoki/code/context/.scratch/records/session-orientation/issues/04-expose-requirement-fingerprints.md] (from /Users/zoki/code/context/.scratch/records/session-orientation/issues/05-verify-prerequisite-acceptance.md; link "04-expose-requirement-fingerprints.md")
      completed_dependency: prerequisite is recorded as completed [/Users/zoki/code/context/.scratch/records/session-orientation/issues/01-show-project-orientation.md] (from /Users/zoki/code/context/.scratch/records/session-orientation/issues/04-expose-requirement-fingerprints.md; link "01-show-project-orientation.md")
      acceptance_criteria_present: at least one nonempty acceptance criterion is authored [/Users/zoki/code/context/.scratch/records/session-orientation/issues/01-show-project-orientation.md] (from /Users/zoki/code/context/.scratch/records/session-orientation/issues/04-expose-requirement-fingerprints.md; link "01-show-project-orientation.md")
      no_blocking_decisions: Blocked by decisions explicitly declares none [/Users/zoki/code/context/.scratch/records/session-orientation/issues/01-show-project-orientation.md] (from /Users/zoki/code/context/.scratch/records/session-orientation/issues/04-expose-requirement-fingerprints.md; link "01-show-project-orientation.md")
    blocking_decisions: pass
      no_blocking_decisions: Blocked by decisions explicitly declares none [/Users/zoki/code/context/.scratch/records/session-orientation/issues/08-verify-fresh-session-pickup.md]
    excluded: completed_work: work is recorded as completed [/Users/zoki/code/context/.scratch/records/session-orientation/issues/08-verify-fresh-session-pickup.md]
    excluded: not_committed: work is outside current commitments [/Users/zoki/code/context/.scratch/records/session-orientation/issues/08-verify-fresh-session-pickup.md]
    excluded: readiness_blocked: readiness is blocked; inspect its checks [/Users/zoki/code/context/.scratch/records/session-orientation/issues/08-verify-fresh-session-pickup.md]
    acceptance: stale
    acceptance check: fail
    Acceptance record:
      Acceptance: Verify fresh-session pickup on the real project [b90fa930-4acb-4d0f-9a38-ee17179d100f] /Users/zoki/code/context/.scratch/records/session-orientation/acceptances/08-pickup-trial-20260916.md (from /Users/zoki/code/context/.scratch/records/session-orientation/issues/08-verify-fresh-session-pickup.md; link "../acceptances/08-pickup-trial-20260916.md")
      actor: workflow Codex coordinating agent
      decided at: 2026-09-16T13:41:34.392776+00:00
      tested revision (historical): https://github.com/Zokiio/context working-tree:0808609e8de4ad1d80c52cadd8fd0b6fca31ac0d; source-manifest-sha256:f563c18a919db748d6e9183fba027361ce45289351e38d190401847a6bef4ad0
      accepted fingerprint: version 1
      accepted ticketSHA256: 3a56db7b44a4723bcee6d2a2c66bbf3702d3b4fa8b5e674025b3b1a86fe6b9e0
      accepted criteriaSHA256: e073a9c4b99ed7b73660ec2e376acbdd37e6a21acb2d8396f4984f6b6d12f08a
    Human approvals: none recorded
    Requirements:
      Source:
        unknown [unknown] /Users/zoki/code/context/docs/vision.md (from /Users/zoki/code/context/.scratch/records/session-orientation/acceptances/08-pickup-trial-20260916.md; link "../../../../docs/vision.md")
        status: valid
        recordedSHA256: d8d7fb88699c3310cd5f489d6d44dbf342fe813c372c54485400f6765f5aa2e9
        currentSHA256: d8d7fb88699c3310cd5f489d6d44dbf342fe813c372c54485400f6765f5aa2e9
      Source:
        unknown [unknown] /Users/zoki/code/context/.scratch/session-orientation/spec.md (from /Users/zoki/code/context/.scratch/records/session-orientation/acceptances/08-pickup-trial-20260916.md; link "../../../session-orientation/spec.md")
        status: valid
        recordedSHA256: bc021e3cd30a4bf978a2d26d530e8b778bd4f8cb250feb6e00c6cce62a024279
        currentSHA256: bc021e3cd30a4bf978a2d26d530e8b778bd4f8cb250feb6e00c6cce62a024279
      Source:
        unknown [unknown] /Users/zoki/code/context/CONTEXT.md (from /Users/zoki/code/context/.scratch/records/session-orientation/acceptances/08-pickup-trial-20260916.md; link "../../../../CONTEXT.md")
        status: stale
        recordedSHA256: a003af0f4845f28fe14191dec210c7ceeabf6a5422fb51e7e0ee7e957d366a55
        currentSHA256: 15cd979f6af442fedec45fd3482741f0cd5362c45900151eab3e0cef452bf9b9
        snapshot_changed: snapshot source differs from the recorded digest [/Users/zoki/code/context/CONTEXT.md] (from /Users/zoki/code/context/.scratch/records/session-orientation/acceptances/08-pickup-trial-20260916.md; link "../../../../CONTEXT.md")
      Source:
        unknown [unknown] /Users/zoki/code/context/docs/agents/issue-tracker.md (from /Users/zoki/code/context/.scratch/records/session-orientation/acceptances/08-pickup-trial-20260916.md; link "../../../../docs/agents/issue-tracker.md")
        status: valid
        recordedSHA256: 5f8f038e1b33f595344b9a1a90d4d194331f83a5e88d6522c2e52844d77a21bb
        currentSHA256: 5f8f038e1b33f595344b9a1a90d4d194331f83a5e88d6522c2e52844d77a21bb
      Source:
        unknown [unknown] /Users/zoki/code/context/docs/adr/0003-recorded-acceptance-for-readiness.md (from /Users/zoki/code/context/.scratch/records/session-orientation/acceptances/08-pickup-trial-20260916.md; link "../../../../docs/adr/0003-recorded-acceptance-for-readiness.md")
        status: valid
        recordedSHA256: 84778cb881c73f7ebbe5cc58a9acbb9c1212e1dd421d863d04f1efe021efdc56
        currentSHA256: 84778cb881c73f7ebbe5cc58a9acbb9c1212e1dd421d863d04f1efe021efdc56
      Source:
        unknown [unknown] /Users/zoki/code/context/docs/agents/acceptance.md (from /Users/zoki/code/context/.scratch/records/session-orientation/acceptances/08-pickup-trial-20260916.md; link "../../../../docs/agents/acceptance.md")
        status: valid
        recordedSHA256: fbde78ab62733d1bbe091fba6a867f30f50076c819ee3b0783ac4dcd2d7bf654
        currentSHA256: fbde78ab62733d1bbe091fba6a867f30f50076c819ee3b0783ac4dcd2d7bf654
      Source:
        unknown [unknown] /Users/zoki/code/context/.agents/skills/task-context/SKILL.md (from /Users/zoki/code/context/.scratch/records/session-orientation/acceptances/08-pickup-trial-20260916.md; link "../../../../.agents/skills/task-context/SKILL.md")
        status: stale
        recordedSHA256: 615adfe1e4717381f084d13e95aca05abba2f029a803a19b49a8242fc30c693f
        currentSHA256: 5e139e68ad913c0f55a69a0ea11825759f05449b158fe9677e34e25df43e581f
        snapshot_changed: snapshot source differs from the recorded digest [/Users/zoki/code/context/.agents/skills/task-context/SKILL.md] (from /Users/zoki/code/context/.scratch/records/session-orientation/acceptances/08-pickup-trial-20260916.md; link "../../../../.agents/skills/task-context/SKILL.md")
    Evidence:
      Source:
        unknown [unknown] /Users/zoki/code/context/.scratch/session-orientation/evidence/08-pickup-trial.md (from /Users/zoki/code/context/.scratch/records/session-orientation/acceptances/08-pickup-trial-20260916.md; link "../../../session-orientation/evidence/08-pickup-trial.md")
        status: valid
        recordedSHA256: 6bdd7d6f84c6ca46ea1d8aa067fdf1747964fa7bc4b7e7099b93ec9186f75ac6
        currentSHA256: 6bdd7d6f84c6ca46ea1d8aa067fdf1747964fa7bc4b7e7099b93ec9186f75ac6
      Source:
        unknown [unknown] /Users/zoki/code/context/.scratch/session-orientation/evidence/08-pickup-trial.json (from /Users/zoki/code/context/.scratch/records/session-orientation/acceptances/08-pickup-trial-20260916.md; link "../../../session-orientation/evidence/08-pickup-trial.json")
        status: valid
        recordedSHA256: 1de7d962df23437119d716183b800c3820fa08a8fa411fadea93f12578a1b305
        currentSHA256: 1de7d962df23437119d716183b800c3820fa08a8fa411fadea93f12578a1b305
      Source:
        unknown [unknown] /Users/zoki/code/context/.scratch/session-orientation/evidence/07-preflight-verification.json (from /Users/zoki/code/context/.scratch/records/session-orientation/acceptances/08-pickup-trial-20260916.md; link "../../../session-orientation/evidence/07-preflight-verification.json")
        status: valid
        recordedSHA256: c9e68e16b75a450daf6d13fbb8ed36eb6db2daca0bf94a346bc8df2a2954e7e0
        currentSHA256: c9e68e16b75a450daf6d13fbb8ed36eb6db2daca0bf94a346bc8df2a2954e7e0
      Source:
        unknown [unknown] /Users/zoki/code/context/.scratch/session-orientation/preflight-handoff.md (from /Users/zoki/code/context/.scratch/records/session-orientation/acceptances/08-pickup-trial-20260916.md; link "../../../session-orientation/preflight-handoff.md")
        status: valid
        recordedSHA256: ef8d8740589b577391f7f03cadc7fd2a6802767b02baf117556e2efe703c36df
        currentSHA256: ef8d8740589b577391f7f03cadc7fd2a6802767b02baf117556e2efe703c36df
      snapshot_changed: snapshot source differs from the recorded digest [/Users/zoki/code/context/CONTEXT.md] (from /Users/zoki/code/context/.scratch/records/session-orientation/acceptances/08-pickup-trial-20260916.md; link "../../../../CONTEXT.md")
      snapshot_changed: snapshot source differs from the recorded digest [/Users/zoki/code/context/.agents/skills/task-context/SKILL.md] (from /Users/zoki/code/context/.scratch/records/session-orientation/acceptances/08-pickup-trial-20260916.md; link "../../../../.agents/skills/task-context/SKILL.md")
    fingerprint: version 1
      ticketSHA256: 3a56db7b44a4723bcee6d2a2c66bbf3702d3b4fa8b5e674025b3b1a86fe6b9e0
      criteriaSHA256: e073a9c4b99ed7b73660ec2e376acbdd37e6a21acb2d8396f4984f6b6d12f08a
  Resolve scope from directories and aliases [9cb1ab9e-8d7c-4358-948f-1b928ab2472a]
    source: /Users/zoki/code/context/.scratch/records/project-discovery/issues/02-resolve-scope.md
    identity ambiguous: false
    triage: ready-for-agent; execution: completed; lifecycle: stable
    committed: false; readiness: blocked; eligible: false
    Specifications:
      unknown [unknown] /Users/zoki/code/context/.scratch/project-discovery/spec.md (from /Users/zoki/code/context/.scratch/records/project-discovery/issues/02-resolve-scope.md; link "../../../project-discovery/spec.md")
    Dependency edges:
      Edge 1: status: fail; cycle: false
        From:
          Resolve scope from directories and aliases [9cb1ab9e-8d7c-4358-948f-1b928ab2472a] /Users/zoki/code/context/.scratch/records/project-discovery/issues/02-resolve-scope.md
        To:
          Read discovery configuration [591c566c-1d96-4824-8cf0-aa775a69a35f] /Users/zoki/code/context/.scratch/records/project-discovery/issues/01-read-configuration.md (from /Users/zoki/code/context/.scratch/records/project-discovery/issues/02-resolve-scope.md; link "01-read-configuration.md")
        snapshot_changed: snapshot source differs from the recorded digest [/Users/zoki/code/context/CONTEXT.md] (from /Users/zoki/code/context/.scratch/records/project-discovery/acceptances/01-configuration-reassessed-20260917.md; link "../../../../CONTEXT.md")
        completed_dependency: prerequisite is recorded as completed [/Users/zoki/code/context/.scratch/records/project-discovery/issues/01-read-configuration.md] (from /Users/zoki/code/context/.scratch/records/project-discovery/issues/02-resolve-scope.md; link "01-read-configuration.md")
        acceptance_criteria_present: at least one nonempty acceptance criterion is authored [/Users/zoki/code/context/.scratch/records/project-discovery/issues/01-read-configuration.md] (from /Users/zoki/code/context/.scratch/records/project-discovery/issues/02-resolve-scope.md; link "01-read-configuration.md")
        no_blocking_decisions: Blocked by decisions explicitly declares none [/Users/zoki/code/context/.scratch/records/project-discovery/issues/01-read-configuration.md] (from /Users/zoki/code/context/.scratch/records/project-discovery/issues/02-resolve-scope.md; link "01-read-configuration.md")
        no_dependencies: Blocked by explicitly declares none [/Users/zoki/code/context/.scratch/records/project-discovery/issues/01-read-configuration.md]
    acceptance_criteria: pass
      acceptance_criteria_present: at least one nonempty acceptance criterion is authored [/Users/zoki/code/context/.scratch/records/project-discovery/issues/02-resolve-scope.md]
    required_context: pass
      required_context_available: all explicitly selected requirement and context sources are available [/Users/zoki/code/context/.scratch/records/project-discovery/issues/02-resolve-scope.md]
    dependencies: fail
      snapshot_changed: snapshot source differs from the recorded digest [/Users/zoki/code/context/CONTEXT.md] (from /Users/zoki/code/context/.scratch/records/project-discovery/acceptances/01-configuration-reassessed-20260917.md; link "../../../../CONTEXT.md")
      completed_dependency: prerequisite is recorded as completed [/Users/zoki/code/context/.scratch/records/project-discovery/issues/01-read-configuration.md] (from /Users/zoki/code/context/.scratch/records/project-discovery/issues/02-resolve-scope.md; link "01-read-configuration.md")
      acceptance_criteria_present: at least one nonempty acceptance criterion is authored [/Users/zoki/code/context/.scratch/records/project-discovery/issues/01-read-configuration.md] (from /Users/zoki/code/context/.scratch/records/project-discovery/issues/02-resolve-scope.md; link "01-read-configuration.md")
      no_blocking_decisions: Blocked by decisions explicitly declares none [/Users/zoki/code/context/.scratch/records/project-discovery/issues/01-read-configuration.md] (from /Users/zoki/code/context/.scratch/records/project-discovery/issues/02-resolve-scope.md; link "01-read-configuration.md")
    blocking_decisions: pass
      no_blocking_decisions: Blocked by decisions explicitly declares none [/Users/zoki/code/context/.scratch/records/project-discovery/issues/02-resolve-scope.md]
    excluded: completed_work: work is recorded as completed [/Users/zoki/code/context/.scratch/records/project-discovery/issues/02-resolve-scope.md]
    excluded: not_committed: work is outside current commitments [/Users/zoki/code/context/.scratch/records/project-discovery/issues/02-resolve-scope.md]
    excluded: readiness_blocked: readiness is blocked; inspect its checks [/Users/zoki/code/context/.scratch/records/project-discovery/issues/02-resolve-scope.md]
    acceptance: stale
    acceptance check: fail
    Acceptance record:
      Acceptance: Resolve scope from directories and aliases [0e4989b6-27af-44dd-999a-2a7a4a2bcf5e] /Users/zoki/code/context/.scratch/records/project-discovery/acceptances/02-scope-20260917.md (from /Users/zoki/code/context/.scratch/records/project-discovery/issues/02-resolve-scope.md; link "../acceptances/02-scope-20260917.md")
      actor: workflow Codex /root/discovery_scope
      decided at: 2026-09-17T00:51:23+02:00
      tested revision (historical): https://github.com/Zokiio/context fbfcacd0c6104ed4810c23973d5c75f3ad61f81b
      accepted fingerprint: version 1
      accepted ticketSHA256: 3c0ea54f3258d2b08076f1a18521901cc0d9d61b27e73e0ab1d520ad2e6f1c0f
      accepted criteriaSHA256: 70ddce0d91de66fbe0628e01975a79e20a7c1f5e11a2100218ed7780065d8a5e
    Human approvals: none recorded
    Requirements:
      Source:
        unknown [unknown] /Users/zoki/code/context/.scratch/project-discovery/spec.md (from /Users/zoki/code/context/.scratch/records/project-discovery/acceptances/02-scope-20260917.md; link "../../../project-discovery/spec.md")
        status: valid
        recordedSHA256: d54c182412a9ee711e1b7a91e2a5ea6c4174dbd8567304ff44fa109a65c41d67
        currentSHA256: d54c182412a9ee711e1b7a91e2a5ea6c4174dbd8567304ff44fa109a65c41d67
      Source:
        unknown [unknown] /Users/zoki/code/context/docs/vision.md (from /Users/zoki/code/context/.scratch/records/project-discovery/acceptances/02-scope-20260917.md; link "../../../../docs/vision.md")
        status: valid
        recordedSHA256: d8d7fb88699c3310cd5f489d6d44dbf342fe813c372c54485400f6765f5aa2e9
        currentSHA256: d8d7fb88699c3310cd5f489d6d44dbf342fe813c372c54485400f6765f5aa2e9
      Source:
        unknown [unknown] /Users/zoki/code/context/CONTEXT.md (from /Users/zoki/code/context/.scratch/records/project-discovery/acceptances/02-scope-20260917.md; link "../../../../CONTEXT.md")
        status: stale
        recordedSHA256: a003af0f4845f28fe14191dec210c7ceeabf6a5422fb51e7e0ee7e957d366a55
        currentSHA256: 15cd979f6af442fedec45fd3482741f0cd5362c45900151eab3e0cef452bf9b9
        snapshot_changed: snapshot source differs from the recorded digest [/Users/zoki/code/context/CONTEXT.md] (from /Users/zoki/code/context/.scratch/records/project-discovery/acceptances/02-scope-20260917.md; link "../../../../CONTEXT.md")
      Source:
        unknown [unknown] /Users/zoki/code/context/docs/adr/0004-directory-specific-project-selection.md (from /Users/zoki/code/context/.scratch/records/project-discovery/acceptances/02-scope-20260917.md; link "../../../../docs/adr/0004-directory-specific-project-selection.md")
        status: valid
        recordedSHA256: efd4654de6c787345c341c26a0076fb605214b3d9aeecc3a1ec01f93752cefbf
        currentSHA256: efd4654de6c787345c341c26a0076fb605214b3d9aeecc3a1ec01f93752cefbf
      Source:
        unknown [unknown] /Users/zoki/code/context/docs/agents/acceptance.md (from /Users/zoki/code/context/.scratch/records/project-discovery/acceptances/02-scope-20260917.md; link "../../../../docs/agents/acceptance.md")
        status: valid
        recordedSHA256: fbde78ab62733d1bbe091fba6a867f30f50076c819ee3b0783ac4dcd2d7bf654
        currentSHA256: fbde78ab62733d1bbe091fba6a867f30f50076c819ee3b0783ac4dcd2d7bf654
    Evidence:
      Source:
        unknown [unknown] /Users/zoki/code/context/.scratch/project-discovery/evidence/02-scope-verification.md (from /Users/zoki/code/context/.scratch/records/project-discovery/acceptances/02-scope-20260917.md; link "../../../project-discovery/evidence/02-scope-verification.md")
        status: valid
        recordedSHA256: 931ea234d41ad51d4f11bf320500acda50a079e2485343c13ae3acdf3f1caac0
        currentSHA256: 931ea234d41ad51d4f11bf320500acda50a079e2485343c13ae3acdf3f1caac0
      snapshot_changed: snapshot source differs from the recorded digest [/Users/zoki/code/context/CONTEXT.md] (from /Users/zoki/code/context/.scratch/records/project-discovery/acceptances/02-scope-20260917.md; link "../../../../CONTEXT.md")
    fingerprint: version 1
      ticketSHA256: 3c0ea54f3258d2b08076f1a18521901cc0d9d61b27e73e0ab1d520ad2e6f1c0f
      criteriaSHA256: 70ddce0d91de66fbe0628e01975a79e20a7c1f5e11a2100218ed7780065d8a5e
  Verify the complete interrupted-task workflow [a9d219cd-935b-4f9a-83db-9473e2d4ea6a]
    source: /Users/zoki/code/context/.scratch/records/cli-wayfinding/issues/07-verify-workflow.md
    identity ambiguous: false
    triage: ready-for-agent; execution: in-progress; lifecycle: stable
    committed: true; readiness: blocked; eligible: false
    Specifications:
      unknown [unknown] /Users/zoki/code/context/.scratch/cli-wayfinding/spec.md (from /Users/zoki/code/context/.scratch/records/cli-wayfinding/issues/07-verify-workflow.md; link "../../../cli-wayfinding/spec.md")
    Dependency edges:
      Edge 1: status: fail; cycle: false
        From:
          Verify the complete interrupted-task workflow [a9d219cd-935b-4f9a-83db-9473e2d4ea6a] /Users/zoki/code/context/.scratch/records/cli-wayfinding/issues/07-verify-workflow.md
        To:
          Show compact project orientation [8dc99b87-b5b6-4cba-82be-dbd1dec85bfc] /Users/zoki/code/context/.scratch/records/cli-wayfinding/issues/02-compact-orientation.md (from /Users/zoki/code/context/.scratch/records/cli-wayfinding/issues/07-verify-workflow.md; link "02-compact-orientation.md")
        snapshot_changed: snapshot source differs from the recorded digest [/Users/zoki/code/context/docs/readers.md] (from /Users/zoki/code/context/.scratch/records/cli-wayfinding/acceptances/02-compact-orientation-resume-20260919.md; link "../../../../docs/readers.md")
        snapshot_changed: snapshot source differs from the recorded digest [/Users/zoki/code/context/docs/discovery.md] (from /Users/zoki/code/context/.scratch/records/cli-wayfinding/acceptances/02-compact-orientation-resume-20260919.md; link "../../../../docs/discovery.md")
        completed_dependency: prerequisite is recorded as completed [/Users/zoki/code/context/.scratch/records/cli-wayfinding/issues/02-compact-orientation.md] (from /Users/zoki/code/context/.scratch/records/cli-wayfinding/issues/07-verify-workflow.md; link "02-compact-orientation.md")
        acceptance_criteria_present: at least one nonempty acceptance criterion is authored [/Users/zoki/code/context/.scratch/records/cli-wayfinding/issues/02-compact-orientation.md] (from /Users/zoki/code/context/.scratch/records/cli-wayfinding/issues/07-verify-workflow.md; link "02-compact-orientation.md")
        no_blocking_decisions: Blocked by decisions explicitly declares none [/Users/zoki/code/context/.scratch/records/cli-wayfinding/issues/02-compact-orientation.md] (from /Users/zoki/code/context/.scratch/records/cli-wayfinding/issues/07-verify-workflow.md; link "02-compact-orientation.md")
        no_dependencies: Blocked by explicitly declares none [/Users/zoki/code/context/.scratch/records/cli-wayfinding/issues/02-compact-orientation.md]
      Edge 2: status: fail; cycle: false
        From:
          Verify the complete interrupted-task workflow [a9d219cd-935b-4f9a-83db-9473e2d4ea6a] /Users/zoki/code/context/.scratch/records/cli-wayfinding/issues/07-verify-workflow.md
        To:
          Teach skills to maintain and recover working notes [7ce25cb8-22e4-4012-9ba4-dee5095a5c6f] /Users/zoki/code/context/.scratch/records/cli-wayfinding/issues/06-recovery-skills.md (from /Users/zoki/code/context/.scratch/records/cli-wayfinding/issues/07-verify-workflow.md; link "06-recovery-skills.md")
        snapshot_changed: snapshot source differs from the recorded digest [/Users/zoki/code/context/docs/readers.md] (from /Users/zoki/code/context/.scratch/records/cli-wayfinding/acceptances/06-recovery-skills-20260919.md; link "../../../../docs/readers.md")
        snapshot_changed: snapshot source differs from the recorded digest [/Users/zoki/code/context/docs/discovery.md] (from /Users/zoki/code/context/.scratch/records/cli-wayfinding/acceptances/06-recovery-skills-20260919.md; link "../../../../docs/discovery.md")
        completed_dependency: prerequisite is recorded as completed [/Users/zoki/code/context/.scratch/records/cli-wayfinding/issues/06-recovery-skills.md] (from /Users/zoki/code/context/.scratch/records/cli-wayfinding/issues/07-verify-workflow.md; link "06-recovery-skills.md")
        acceptance_criteria_present: at least one nonempty acceptance criterion is authored [/Users/zoki/code/context/.scratch/records/cli-wayfinding/issues/06-recovery-skills.md] (from /Users/zoki/code/context/.scratch/records/cli-wayfinding/issues/07-verify-workflow.md; link "06-recovery-skills.md")
        no_blocking_decisions: Blocked by decisions explicitly declares none [/Users/zoki/code/context/.scratch/records/cli-wayfinding/issues/06-recovery-skills.md] (from /Users/zoki/code/context/.scratch/records/cli-wayfinding/issues/07-verify-workflow.md; link "06-recovery-skills.md")
        snapshot_changed: snapshot source differs from the recorded digest [/Users/zoki/code/context/docs/readers.md] (from /Users/zoki/code/context/.scratch/records/cli-wayfinding/acceptances/05-competing-checkpoints-20260919.md; link "../../../../docs/readers.md")
        snapshot_changed: snapshot source differs from the recorded digest [/Users/zoki/code/context/docs/discovery.md] (from /Users/zoki/code/context/.scratch/records/cli-wayfinding/acceptances/05-competing-checkpoints-20260919.md; link "../../../../docs/discovery.md")
        completed_dependency: prerequisite is recorded as completed [/Users/zoki/code/context/.scratch/records/cli-wayfinding/issues/05-competing-checkpoints.md] (from /Users/zoki/code/context/.scratch/records/cli-wayfinding/issues/06-recovery-skills.md; link "05-competing-checkpoints.md")
        acceptance_criteria_present: at least one nonempty acceptance criterion is authored [/Users/zoki/code/context/.scratch/records/cli-wayfinding/issues/05-competing-checkpoints.md] (from /Users/zoki/code/context/.scratch/records/cli-wayfinding/issues/06-recovery-skills.md; link "05-competing-checkpoints.md")
        no_blocking_decisions: Blocked by decisions explicitly declares none [/Users/zoki/code/context/.scratch/records/cli-wayfinding/issues/05-competing-checkpoints.md] (from /Users/zoki/code/context/.scratch/records/cli-wayfinding/issues/06-recovery-skills.md; link "05-competing-checkpoints.md")
        snapshot_changed: snapshot source differs from the recorded digest [/Users/zoki/code/context/docs/readers.md] (from /Users/zoki/code/context/.scratch/records/cli-wayfinding/acceptances/04-retained-checkpoint-review-20260919.md; link "../../../../docs/readers.md")
        snapshot_changed: snapshot source differs from the recorded digest [/Users/zoki/code/context/docs/discovery.md] (from /Users/zoki/code/context/.scratch/records/cli-wayfinding/acceptances/04-retained-checkpoint-review-20260919.md; link "../../../../docs/discovery.md")
        completed_dependency: prerequisite is recorded as completed [/Users/zoki/code/context/.scratch/records/cli-wayfinding/issues/04-retained-checkpoint.md] (from /Users/zoki/code/context/.scratch/records/cli-wayfinding/issues/05-competing-checkpoints.md; link "04-retained-checkpoint.md")
        acceptance_criteria_present: at least one nonempty acceptance criterion is authored [/Users/zoki/code/context/.scratch/records/cli-wayfinding/issues/04-retained-checkpoint.md] (from /Users/zoki/code/context/.scratch/records/cli-wayfinding/issues/05-competing-checkpoints.md; link "04-retained-checkpoint.md")
        no_blocking_decisions: Blocked by decisions explicitly declares none [/Users/zoki/code/context/.scratch/records/cli-wayfinding/issues/04-retained-checkpoint.md] (from /Users/zoki/code/context/.scratch/records/cli-wayfinding/issues/05-competing-checkpoints.md; link "04-retained-checkpoint.md")
        snapshot_changed: snapshot source differs from the recorded digest [/Users/zoki/code/context/docs/readers.md] (from /Users/zoki/code/context/.scratch/records/cli-wayfinding/acceptances/03-resume-without-notes-20260919.md; link "../../../../docs/readers.md")
        snapshot_changed: snapshot source differs from the recorded digest [/Users/zoki/code/context/docs/discovery.md] (from /Users/zoki/code/context/.scratch/records/cli-wayfinding/acceptances/03-resume-without-notes-20260919.md; link "../../../../docs/discovery.md")
        completed_dependency: prerequisite is recorded as completed [/Users/zoki/code/context/.scratch/records/cli-wayfinding/issues/03-resume-without-notes.md] (from /Users/zoki/code/context/.scratch/records/cli-wayfinding/issues/04-retained-checkpoint.md; link "03-resume-without-notes.md")
        acceptance_criteria_present: at least one nonempty acceptance criterion is authored [/Users/zoki/code/context/.scratch/records/cli-wayfinding/issues/03-resume-without-notes.md] (from /Users/zoki/code/context/.scratch/records/cli-wayfinding/issues/04-retained-checkpoint.md; link "03-resume-without-notes.md")
        no_blocking_decisions: Blocked by decisions explicitly declares none [/Users/zoki/code/context/.scratch/records/cli-wayfinding/issues/03-resume-without-notes.md] (from /Users/zoki/code/context/.scratch/records/cli-wayfinding/issues/04-retained-checkpoint.md; link "03-resume-without-notes.md")
        snapshot_changed: snapshot source differs from the recorded digest [/Users/zoki/code/context/docs/readers.md] (from /Users/zoki/code/context/.scratch/records/cli-wayfinding/acceptances/01-share-captured-sources-compatibility-20260919.md; link "../../../../docs/readers.md")
        snapshot_changed: snapshot source differs from the recorded digest [/Users/zoki/code/context/docs/discovery.md] (from /Users/zoki/code/context/.scratch/records/cli-wayfinding/acceptances/01-share-captured-sources-compatibility-20260919.md; link "../../../../docs/discovery.md")
        completed_dependency: prerequisite is recorded as completed [/Users/zoki/code/context/.scratch/records/cli-wayfinding/issues/01-share-captured-sources.md] (from /Users/zoki/code/context/.scratch/records/cli-wayfinding/issues/03-resume-without-notes.md; link "01-share-captured-sources.md")
        acceptance_criteria_present: at least one nonempty acceptance criterion is authored [/Users/zoki/code/context/.scratch/records/cli-wayfinding/issues/01-share-captured-sources.md] (from /Users/zoki/code/context/.scratch/records/cli-wayfinding/issues/03-resume-without-notes.md; link "01-share-captured-sources.md")
        no_blocking_decisions: Blocked by decisions explicitly declares none [/Users/zoki/code/context/.scratch/records/cli-wayfinding/issues/01-share-captured-sources.md] (from /Users/zoki/code/context/.scratch/records/cli-wayfinding/issues/03-resume-without-notes.md; link "01-share-captured-sources.md")
      Edge 3: status: fail; cycle: false
        From:
          Teach skills to maintain and recover working notes [7ce25cb8-22e4-4012-9ba4-dee5095a5c6f] /Users/zoki/code/context/.scratch/records/cli-wayfinding/issues/06-recovery-skills.md
        To:
          Handle competing and interrupted checkpoints [94acbf45-cc6b-4957-b3fe-3218e955ef3f] /Users/zoki/code/context/.scratch/records/cli-wayfinding/issues/05-competing-checkpoints.md (from /Users/zoki/code/context/.scratch/records/cli-wayfinding/issues/06-recovery-skills.md; link "05-competing-checkpoints.md")
        snapshot_changed: snapshot source differs from the recorded digest [/Users/zoki/code/context/docs/readers.md] (from /Users/zoki/code/context/.scratch/records/cli-wayfinding/acceptances/05-competing-checkpoints-20260919.md; link "../../../../docs/readers.md")
        snapshot_changed: snapshot source differs from the recorded digest [/Users/zoki/code/context/docs/discovery.md] (from /Users/zoki/code/context/.scratch/records/cli-wayfinding/acceptances/05-competing-checkpoints-20260919.md; link "../../../../docs/discovery.md")
        completed_dependency: prerequisite is recorded as completed [/Users/zoki/code/context/.scratch/records/cli-wayfinding/issues/05-competing-checkpoints.md] (from /Users/zoki/code/context/.scratch/records/cli-wayfinding/issues/06-recovery-skills.md; link "05-competing-checkpoints.md")
        acceptance_criteria_present: at least one nonempty acceptance criterion is authored [/Users/zoki/code/context/.scratch/records/cli-wayfinding/issues/05-competing-checkpoints.md] (from /Users/zoki/code/context/.scratch/records/cli-wayfinding/issues/06-recovery-skills.md; link "05-competing-checkpoints.md")
        no_blocking_decisions: Blocked by decisions explicitly declares none [/Users/zoki/code/context/.scratch/records/cli-wayfinding/issues/05-competing-checkpoints.md] (from /Users/zoki/code/context/.scratch/records/cli-wayfinding/issues/06-recovery-skills.md; link "05-competing-checkpoints.md")
        snapshot_changed: snapshot source differs from the recorded digest [/Users/zoki/code/context/docs/readers.md] (from /Users/zoki/code/context/.scratch/records/cli-wayfinding/acceptances/04-retained-checkpoint-review-20260919.md; link "../../../../docs/readers.md")
        snapshot_changed: snapshot source differs from the recorded digest [/Users/zoki/code/context/docs/discovery.md] (from /Users/zoki/code/context/.scratch/records/cli-wayfinding/acceptances/04-retained-checkpoint-review-20260919.md; link "../../../../docs/discovery.md")
        completed_dependency: prerequisite is recorded as completed [/Users/zoki/code/context/.scratch/records/cli-wayfinding/issues/04-retained-checkpoint.md] (from /Users/zoki/code/context/.scratch/records/cli-wayfinding/issues/05-competing-checkpoints.md; link "04-retained-checkpoint.md")
        acceptance_criteria_present: at least one nonempty acceptance criterion is authored [/Users/zoki/code/context/.scratch/records/cli-wayfinding/issues/04-retained-checkpoint.md] (from /Users/zoki/code/context/.scratch/records/cli-wayfinding/issues/05-competing-checkpoints.md; link "04-retained-checkpoint.md")
        no_blocking_decisions: Blocked by decisions explicitly declares none [/Users/zoki/code/context/.scratch/records/cli-wayfinding/issues/04-retained-checkpoint.md] (from /Users/zoki/code/context/.scratch/records/cli-wayfinding/issues/05-competing-checkpoints.md; link "04-retained-checkpoint.md")
        snapshot_changed: snapshot source differs from the recorded digest [/Users/zoki/code/context/docs/readers.md] (from /Users/zoki/code/context/.scratch/records/cli-wayfinding/acceptances/03-resume-without-notes-20260919.md; link "../../../../docs/readers.md")
        snapshot_changed: snapshot source differs from the recorded digest [/Users/zoki/code/context/docs/discovery.md] (from /Users/zoki/code/context/.scratch/records/cli-wayfinding/acceptances/03-resume-without-notes-20260919.md; link "../../../../docs/discovery.md")
        completed_dependency: prerequisite is recorded as completed [/Users/zoki/code/context/.scratch/records/cli-wayfinding/issues/03-resume-without-notes.md] (from /Users/zoki/code/context/.scratch/records/cli-wayfinding/issues/04-retained-checkpoint.md; link "03-resume-without-notes.md")
        acceptance_criteria_present: at least one nonempty acceptance criterion is authored [/Users/zoki/code/context/.scratch/records/cli-wayfinding/issues/03-resume-without-notes.md] (from /Users/zoki/code/context/.scratch/records/cli-wayfinding/issues/04-retained-checkpoint.md; link "03-resume-without-notes.md")
        no_blocking_decisions: Blocked by decisions explicitly declares none [/Users/zoki/code/context/.scratch/records/cli-wayfinding/issues/03-resume-without-notes.md] (from /Users/zoki/code/context/.scratch/records/cli-wayfinding/issues/04-retained-checkpoint.md; link "03-resume-without-notes.md")
        snapshot_changed: snapshot source differs from the recorded digest [/Users/zoki/code/context/docs/readers.md] (from /Users/zoki/code/context/.scratch/records/cli-wayfinding/acceptances/01-share-captured-sources-compatibility-20260919.md; link "../../../../docs/readers.md")
        snapshot_changed: snapshot source differs from the recorded digest [/Users/zoki/code/context/docs/discovery.md] (from /Users/zoki/code/context/.scratch/records/cli-wayfinding/acceptances/01-share-captured-sources-compatibility-20260919.md; link "../../../../docs/discovery.md")
        completed_dependency: prerequisite is recorded as completed [/Users/zoki/code/context/.scratch/records/cli-wayfinding/issues/01-share-captured-sources.md] (from /Users/zoki/code/context/.scratch/records/cli-wayfinding/issues/03-resume-without-notes.md; link "01-share-captured-sources.md")
        acceptance_criteria_present: at least one nonempty acceptance criterion is authored [/Users/zoki/code/context/.scratch/records/cli-wayfinding/issues/01-share-captured-sources.md] (from /Users/zoki/code/context/.scratch/records/cli-wayfinding/issues/03-resume-without-notes.md; link "01-share-captured-sources.md")
        no_blocking_decisions: Blocked by decisions explicitly declares none [/Users/zoki/code/context/.scratch/records/cli-wayfinding/issues/01-share-captured-sources.md] (from /Users/zoki/code/context/.scratch/records/cli-wayfinding/issues/03-resume-without-notes.md; link "01-share-captured-sources.md")
      Edge 4: status: fail; cycle: false
        From:
          Handle competing and interrupted checkpoints [94acbf45-cc6b-4957-b3fe-3218e955ef3f] /Users/zoki/code/context/.scratch/records/cli-wayfinding/issues/05-competing-checkpoints.md
        To:
          Resume from a retained checkpoint [0ddb768d-f1eb-470f-abbb-6eea7e791b94] /Users/zoki/code/context/.scratch/records/cli-wayfinding/issues/04-retained-checkpoint.md (from /Users/zoki/code/context/.scratch/records/cli-wayfinding/issues/05-competing-checkpoints.md; link "04-retained-checkpoint.md")
        snapshot_changed: snapshot source differs from the recorded digest [/Users/zoki/code/context/docs/readers.md] (from /Users/zoki/code/context/.scratch/records/cli-wayfinding/acceptances/04-retained-checkpoint-review-20260919.md; link "../../../../docs/readers.md")
        snapshot_changed: snapshot source differs from the recorded digest [/Users/zoki/code/context/docs/discovery.md] (from /Users/zoki/code/context/.scratch/records/cli-wayfinding/acceptances/04-retained-checkpoint-review-20260919.md; link "../../../../docs/discovery.md")
        completed_dependency: prerequisite is recorded as completed [/Users/zoki/code/context/.scratch/records/cli-wayfinding/issues/04-retained-checkpoint.md] (from /Users/zoki/code/context/.scratch/records/cli-wayfinding/issues/05-competing-checkpoints.md; link "04-retained-checkpoint.md")
        acceptance_criteria_present: at least one nonempty acceptance criterion is authored [/Users/zoki/code/context/.scratch/records/cli-wayfinding/issues/04-retained-checkpoint.md] (from /Users/zoki/code/context/.scratch/records/cli-wayfinding/issues/05-competing-checkpoints.md; link "04-retained-checkpoint.md")
        no_blocking_decisions: Blocked by decisions explicitly declares none [/Users/zoki/code/context/.scratch/records/cli-wayfinding/issues/04-retained-checkpoint.md] (from /Users/zoki/code/context/.scratch/records/cli-wayfinding/issues/05-competing-checkpoints.md; link "04-retained-checkpoint.md")
        snapshot_changed: snapshot source differs from the recorded digest [/Users/zoki/code/context/docs/readers.md] (from /Users/zoki/code/context/.scratch/records/cli-wayfinding/acceptances/03-resume-without-notes-20260919.md; link "../../../../docs/readers.md")
        snapshot_changed: snapshot source differs from the recorded digest [/Users/zoki/code/context/docs/discovery.md] (from /Users/zoki/code/context/.scratch/records/cli-wayfinding/acceptances/03-resume-without-notes-20260919.md; link "../../../../docs/discovery.md")
        completed_dependency: prerequisite is recorded as completed [/Users/zoki/code/context/.scratch/records/cli-wayfinding/issues/03-resume-without-notes.md] (from /Users/zoki/code/context/.scratch/records/cli-wayfinding/issues/04-retained-checkpoint.md; link "03-resume-without-notes.md")
        acceptance_criteria_present: at least one nonempty acceptance criterion is authored [/Users/zoki/code/context/.scratch/records/cli-wayfinding/issues/03-resume-without-notes.md] (from /Users/zoki/code/context/.scratch/records/cli-wayfinding/issues/04-retained-checkpoint.md; link "03-resume-without-notes.md")
        no_blocking_decisions: Blocked by decisions explicitly declares none [/Users/zoki/code/context/.scratch/records/cli-wayfinding/issues/03-resume-without-notes.md] (from /Users/zoki/code/context/.scratch/records/cli-wayfinding/issues/04-retained-checkpoint.md; link "03-resume-without-notes.md")
        snapshot_changed: snapshot source differs from the recorded digest [/Users/zoki/code/context/docs/readers.md] (from /Users/zoki/code/context/.scratch/records/cli-wayfinding/acceptances/01-share-captured-sources-compatibility-20260919.md; link "../../../../docs/readers.md")
        snapshot_changed: snapshot source differs from the recorded digest [/Users/zoki/code/context/docs/discovery.md] (from /Users/zoki/code/context/.scratch/records/cli-wayfinding/acceptances/01-share-captured-sources-compatibility-20260919.md; link "../../../../docs/discovery.md")
        completed_dependency: prerequisite is recorded as completed [/Users/zoki/code/context/.scratch/records/cli-wayfinding/issues/01-share-captured-sources.md] (from /Users/zoki/code/context/.scratch/records/cli-wayfinding/issues/03-resume-without-notes.md; link "01-share-captured-sources.md")
        acceptance_criteria_present: at least one nonempty acceptance criterion is authored [/Users/zoki/code/context/.scratch/records/cli-wayfinding/issues/01-share-captured-sources.md] (from /Users/zoki/code/context/.scratch/records/cli-wayfinding/issues/03-resume-without-notes.md; link "01-share-captured-sources.md")
        no_blocking_decisions: Blocked by decisions explicitly declares none [/Users/zoki/code/context/.scratch/records/cli-wayfinding/issues/01-share-captured-sources.md] (from /Users/zoki/code/context/.scratch/records/cli-wayfinding/issues/03-resume-without-notes.md; link "01-share-captured-sources.md")
      Edge 5: status: fail; cycle: false
        From:
          Resume from a retained checkpoint [0ddb768d-f1eb-470f-abbb-6eea7e791b94] /Users/zoki/code/context/.scratch/records/cli-wayfinding/issues/04-retained-checkpoint.md
        To:
          Resume a task without recovery notes [275621c7-0090-4d6b-95ab-04b343e9141e] /Users/zoki/code/context/.scratch/records/cli-wayfinding/issues/03-resume-without-notes.md (from /Users/zoki/code/context/.scratch/records/cli-wayfinding/issues/04-retained-checkpoint.md; link "03-resume-without-notes.md")
        snapshot_changed: snapshot source differs from the recorded digest [/Users/zoki/code/context/docs/readers.md] (from /Users/zoki/code/context/.scratch/records/cli-wayfinding/acceptances/03-resume-without-notes-20260919.md; link "../../../../docs/readers.md")
        snapshot_changed: snapshot source differs from the recorded digest [/Users/zoki/code/context/docs/discovery.md] (from /Users/zoki/code/context/.scratch/records/cli-wayfinding/acceptances/03-resume-without-notes-20260919.md; link "../../../../docs/discovery.md")
        completed_dependency: prerequisite is recorded as completed [/Users/zoki/code/context/.scratch/records/cli-wayfinding/issues/03-resume-without-notes.md] (from /Users/zoki/code/context/.scratch/records/cli-wayfinding/issues/04-retained-checkpoint.md; link "03-resume-without-notes.md")
        acceptance_criteria_present: at least one nonempty acceptance criterion is authored [/Users/zoki/code/context/.scratch/records/cli-wayfinding/issues/03-resume-without-notes.md] (from /Users/zoki/code/context/.scratch/records/cli-wayfinding/issues/04-retained-checkpoint.md; link "03-resume-without-notes.md")
        no_blocking_decisions: Blocked by decisions explicitly declares none [/Users/zoki/code/context/.scratch/records/cli-wayfinding/issues/03-resume-without-notes.md] (from /Users/zoki/code/context/.scratch/records/cli-wayfinding/issues/04-retained-checkpoint.md; link "03-resume-without-notes.md")
        snapshot_changed: snapshot source differs from the recorded digest [/Users/zoki/code/context/docs/readers.md] (from /Users/zoki/code/context/.scratch/records/cli-wayfinding/acceptances/01-share-captured-sources-compatibility-20260919.md; link "../../../../docs/readers.md")
        snapshot_changed: snapshot source differs from the recorded digest [/Users/zoki/code/context/docs/discovery.md] (from /Users/zoki/code/context/.scratch/records/cli-wayfinding/acceptances/01-share-captured-sources-compatibility-20260919.md; link "../../../../docs/discovery.md")
        completed_dependency: prerequisite is recorded as completed [/Users/zoki/code/context/.scratch/records/cli-wayfinding/issues/01-share-captured-sources.md] (from /Users/zoki/code/context/.scratch/records/cli-wayfinding/issues/03-resume-without-notes.md; link "01-share-captured-sources.md")
        acceptance_criteria_present: at least one nonempty acceptance criterion is authored [/Users/zoki/code/context/.scratch/records/cli-wayfinding/issues/01-share-captured-sources.md] (from /Users/zoki/code/context/.scratch/records/cli-wayfinding/issues/03-resume-without-notes.md; link "01-share-captured-sources.md")
        no_blocking_decisions: Blocked by decisions explicitly declares none [/Users/zoki/code/context/.scratch/records/cli-wayfinding/issues/01-share-captured-sources.md] (from /Users/zoki/code/context/.scratch/records/cli-wayfinding/issues/03-resume-without-notes.md; link "01-share-captured-sources.md")
      Edge 6: status: fail; cycle: false
        From:
          Resume a task without recovery notes [275621c7-0090-4d6b-95ab-04b343e9141e] /Users/zoki/code/context/.scratch/records/cli-wayfinding/issues/03-resume-without-notes.md
        To:
          Share captured sources between readers [0ab38e7a-c417-4f5d-a1e6-3d012b785952] /Users/zoki/code/context/.scratch/records/cli-wayfinding/issues/01-share-captured-sources.md (from /Users/zoki/code/context/.scratch/records/cli-wayfinding/issues/03-resume-without-notes.md; link "01-share-captured-sources.md")
        snapshot_changed: snapshot source differs from the recorded digest [/Users/zoki/code/context/docs/readers.md] (from /Users/zoki/code/context/.scratch/records/cli-wayfinding/acceptances/01-share-captured-sources-compatibility-20260919.md; link "../../../../docs/readers.md")
        snapshot_changed: snapshot source differs from the recorded digest [/Users/zoki/code/context/docs/discovery.md] (from /Users/zoki/code/context/.scratch/records/cli-wayfinding/acceptances/01-share-captured-sources-compatibility-20260919.md; link "../../../../docs/discovery.md")
        completed_dependency: prerequisite is recorded as completed [/Users/zoki/code/context/.scratch/records/cli-wayfinding/issues/01-share-captured-sources.md] (from /Users/zoki/code/context/.scratch/records/cli-wayfinding/issues/03-resume-without-notes.md; link "01-share-captured-sources.md")
        acceptance_criteria_present: at least one nonempty acceptance criterion is authored [/Users/zoki/code/context/.scratch/records/cli-wayfinding/issues/01-share-captured-sources.md] (from /Users/zoki/code/context/.scratch/records/cli-wayfinding/issues/03-resume-without-notes.md; link "01-share-captured-sources.md")
        no_blocking_decisions: Blocked by decisions explicitly declares none [/Users/zoki/code/context/.scratch/records/cli-wayfinding/issues/01-share-captured-sources.md] (from /Users/zoki/code/context/.scratch/records/cli-wayfinding/issues/03-resume-without-notes.md; link "01-share-captured-sources.md")
        no_dependencies: Blocked by explicitly declares none [/Users/zoki/code/context/.scratch/records/cli-wayfinding/issues/01-share-captured-sources.md]
    acceptance_criteria: pass
      acceptance_criteria_present: at least one nonempty acceptance criterion is authored [/Users/zoki/code/context/.scratch/records/cli-wayfinding/issues/07-verify-workflow.md]
    required_context: pass
      required_context_available: all explicitly selected requirement and context sources are available [/Users/zoki/code/context/.scratch/records/cli-wayfinding/issues/07-verify-workflow.md]
    dependencies: fail
      snapshot_changed: snapshot source differs from the recorded digest [/Users/zoki/code/context/docs/readers.md] (from /Users/zoki/code/context/.scratch/records/cli-wayfinding/acceptances/02-compact-orientation-resume-20260919.md; link "../../../../docs/readers.md")
      snapshot_changed: snapshot source differs from the recorded digest [/Users/zoki/code/context/docs/discovery.md] (from /Users/zoki/code/context/.scratch/records/cli-wayfinding/acceptances/02-compact-orientation-resume-20260919.md; link "../../../../docs/discovery.md")
      completed_dependency: prerequisite is recorded as completed [/Users/zoki/code/context/.scratch/records/cli-wayfinding/issues/02-compact-orientation.md] (from /Users/zoki/code/context/.scratch/records/cli-wayfinding/issues/07-verify-workflow.md; link "02-compact-orientation.md")
      acceptance_criteria_present: at least one nonempty acceptance criterion is authored [/Users/zoki/code/context/.scratch/records/cli-wayfinding/issues/02-compact-orientation.md] (from /Users/zoki/code/context/.scratch/records/cli-wayfinding/issues/07-verify-workflow.md; link "02-compact-orientation.md")
      no_blocking_decisions: Blocked by decisions explicitly declares none [/Users/zoki/code/context/.scratch/records/cli-wayfinding/issues/02-compact-orientation.md] (from /Users/zoki/code/context/.scratch/records/cli-wayfinding/issues/07-verify-workflow.md; link "02-compact-orientation.md")
      snapshot_changed: snapshot source differs from the recorded digest [/Users/zoki/code/context/docs/readers.md] (from /Users/zoki/code/context/.scratch/records/cli-wayfinding/acceptances/06-recovery-skills-20260919.md; link "../../../../docs/readers.md")
      snapshot_changed: snapshot source differs from the recorded digest [/Users/zoki/code/context/docs/discovery.md] (from /Users/zoki/code/context/.scratch/records/cli-wayfinding/acceptances/06-recovery-skills-20260919.md; link "../../../../docs/discovery.md")
      completed_dependency: prerequisite is recorded as completed [/Users/zoki/code/context/.scratch/records/cli-wayfinding/issues/06-recovery-skills.md] (from /Users/zoki/code/context/.scratch/records/cli-wayfinding/issues/07-verify-workflow.md; link "06-recovery-skills.md")
      acceptance_criteria_present: at least one nonempty acceptance criterion is authored [/Users/zoki/code/context/.scratch/records/cli-wayfinding/issues/06-recovery-skills.md] (from /Users/zoki/code/context/.scratch/records/cli-wayfinding/issues/07-verify-workflow.md; link "06-recovery-skills.md")
      no_blocking_decisions: Blocked by decisions explicitly declares none [/Users/zoki/code/context/.scratch/records/cli-wayfinding/issues/06-recovery-skills.md] (from /Users/zoki/code/context/.scratch/records/cli-wayfinding/issues/07-verify-workflow.md; link "06-recovery-skills.md")
      snapshot_changed: snapshot source differs from the recorded digest [/Users/zoki/code/context/docs/readers.md] (from /Users/zoki/code/context/.scratch/records/cli-wayfinding/acceptances/05-competing-checkpoints-20260919.md; link "../../../../docs/readers.md")
      snapshot_changed: snapshot source differs from the recorded digest [/Users/zoki/code/context/docs/discovery.md] (from /Users/zoki/code/context/.scratch/records/cli-wayfinding/acceptances/05-competing-checkpoints-20260919.md; link "../../../../docs/discovery.md")
      completed_dependency: prerequisite is recorded as completed [/Users/zoki/code/context/.scratch/records/cli-wayfinding/issues/05-competing-checkpoints.md] (from /Users/zoki/code/context/.scratch/records/cli-wayfinding/issues/06-recovery-skills.md; link "05-competing-checkpoints.md")
      acceptance_criteria_present: at least one nonempty acceptance criterion is authored [/Users/zoki/code/context/.scratch/records/cli-wayfinding/issues/05-competing-checkpoints.md] (from /Users/zoki/code/context/.scratch/records/cli-wayfinding/issues/06-recovery-skills.md; link "05-competing-checkpoints.md")
      no_blocking_decisions: Blocked by decisions explicitly declares none [/Users/zoki/code/context/.scratch/records/cli-wayfinding/issues/05-competing-checkpoints.md] (from /Users/zoki/code/context/.scratch/records/cli-wayfinding/issues/06-recovery-skills.md; link "05-competing-checkpoints.md")
      snapshot_changed: snapshot source differs from the recorded digest [/Users/zoki/code/context/docs/readers.md] (from /Users/zoki/code/context/.scratch/records/cli-wayfinding/acceptances/04-retained-checkpoint-review-20260919.md; link "../../../../docs/readers.md")
      snapshot_changed: snapshot source differs from the recorded digest [/Users/zoki/code/context/docs/discovery.md] (from /Users/zoki/code/context/.scratch/records/cli-wayfinding/acceptances/04-retained-checkpoint-review-20260919.md; link "../../../../docs/discovery.md")
      completed_dependency: prerequisite is recorded as completed [/Users/zoki/code/context/.scratch/records/cli-wayfinding/issues/04-retained-checkpoint.md] (from /Users/zoki/code/context/.scratch/records/cli-wayfinding/issues/05-competing-checkpoints.md; link "04-retained-checkpoint.md")
      acceptance_criteria_present: at least one nonempty acceptance criterion is authored [/Users/zoki/code/context/.scratch/records/cli-wayfinding/issues/04-retained-checkpoint.md] (from /Users/zoki/code/context/.scratch/records/cli-wayfinding/issues/05-competing-checkpoints.md; link "04-retained-checkpoint.md")
      no_blocking_decisions: Blocked by decisions explicitly declares none [/Users/zoki/code/context/.scratch/records/cli-wayfinding/issues/04-retained-checkpoint.md] (from /Users/zoki/code/context/.scratch/records/cli-wayfinding/issues/05-competing-checkpoints.md; link "04-retained-checkpoint.md")
      snapshot_changed: snapshot source differs from the recorded digest [/Users/zoki/code/context/docs/readers.md] (from /Users/zoki/code/context/.scratch/records/cli-wayfinding/acceptances/03-resume-without-notes-20260919.md; link "../../../../docs/readers.md")
      snapshot_changed: snapshot source differs from the recorded digest [/Users/zoki/code/context/docs/discovery.md] (from /Users/zoki/code/context/.scratch/records/cli-wayfinding/acceptances/03-resume-without-notes-20260919.md; link "../../../../docs/discovery.md")
      completed_dependency: prerequisite is recorded as completed [/Users/zoki/code/context/.scratch/records/cli-wayfinding/issues/03-resume-without-notes.md] (from /Users/zoki/code/context/.scratch/records/cli-wayfinding/issues/04-retained-checkpoint.md; link "03-resume-without-notes.md")
      acceptance_criteria_present: at least one nonempty acceptance criterion is authored [/Users/zoki/code/context/.scratch/records/cli-wayfinding/issues/03-resume-without-notes.md] (from /Users/zoki/code/context/.scratch/records/cli-wayfinding/issues/04-retained-checkpoint.md; link "03-resume-without-notes.md")
      no_blocking_decisions: Blocked by decisions explicitly declares none [/Users/zoki/code/context/.scratch/records/cli-wayfinding/issues/03-resume-without-notes.md] (from /Users/zoki/code/context/.scratch/records/cli-wayfinding/issues/04-retained-checkpoint.md; link "03-resume-without-notes.md")
      snapshot_changed: snapshot source differs from the recorded digest [/Users/zoki/code/context/docs/readers.md] (from /Users/zoki/code/context/.scratch/records/cli-wayfinding/acceptances/01-share-captured-sources-compatibility-20260919.md; link "../../../../docs/readers.md")
      snapshot_changed: snapshot source differs from the recorded digest [/Users/zoki/code/context/docs/discovery.md] (from /Users/zoki/code/context/.scratch/records/cli-wayfinding/acceptances/01-share-captured-sources-compatibility-20260919.md; link "../../../../docs/discovery.md")
      completed_dependency: prerequisite is recorded as completed [/Users/zoki/code/context/.scratch/records/cli-wayfinding/issues/01-share-captured-sources.md] (from /Users/zoki/code/context/.scratch/records/cli-wayfinding/issues/03-resume-without-notes.md; link "01-share-captured-sources.md")
      acceptance_criteria_present: at least one nonempty acceptance criterion is authored [/Users/zoki/code/context/.scratch/records/cli-wayfinding/issues/01-share-captured-sources.md] (from /Users/zoki/code/context/.scratch/records/cli-wayfinding/issues/03-resume-without-notes.md; link "01-share-captured-sources.md")
      no_blocking_decisions: Blocked by decisions explicitly declares none [/Users/zoki/code/context/.scratch/records/cli-wayfinding/issues/01-share-captured-sources.md] (from /Users/zoki/code/context/.scratch/records/cli-wayfinding/issues/03-resume-without-notes.md; link "01-share-captured-sources.md")
    blocking_decisions: pass
      no_blocking_decisions: Blocked by decisions explicitly declares none [/Users/zoki/code/context/.scratch/records/cli-wayfinding/issues/07-verify-workflow.md]
    excluded: already_in_progress: work is already in progress [/Users/zoki/code/context/.scratch/records/cli-wayfinding/issues/07-verify-workflow.md]
    excluded: readiness_blocked: readiness is blocked; inspect its checks [/Users/zoki/code/context/.scratch/records/cli-wayfinding/issues/07-verify-workflow.md]
    acceptance: none recorded
    fingerprint: version 1
      ticketSHA256: df185fa247cbdd18a8ec19d99d2693bfa7d1c61d85f3867c2634aaa779f79da0
      criteriaSHA256: 19f497105e0ea609f8e1cb1081dd4eb7d82de61acb7f984b3cdbc6fad552701b
  Evaluate prerequisite chains and cycles [baf829dd-5016-47a9-aa76-368e50c8f327]
    source: /Users/zoki/code/context/.scratch/records/session-orientation/issues/06-evaluate-prerequisite-chains.md
    identity ambiguous: false
    triage: ready-for-agent; execution: completed; lifecycle: stable
    committed: false; readiness: blocked; eligible: false
    Specifications:
      unknown [unknown] /Users/zoki/code/context/.scratch/session-orientation/spec.md (from /Users/zoki/code/context/.scratch/records/session-orientation/issues/06-evaluate-prerequisite-chains.md; link "../../../session-orientation/spec.md")
    Dependency edges:
      Edge 1: status: fail; cycle: false
        From:
          Evaluate prerequisite chains and cycles [baf829dd-5016-47a9-aa76-368e50c8f327] /Users/zoki/code/context/.scratch/records/session-orientation/issues/06-evaluate-prerequisite-chains.md
        To:
          Satisfy direct prerequisites using recorded acceptance [f2a2f976-d844-4e27-86fc-a3ec9b0025e3] /Users/zoki/code/context/.scratch/records/session-orientation/issues/05-verify-prerequisite-acceptance.md (from /Users/zoki/code/context/.scratch/records/session-orientation/issues/06-evaluate-prerequisite-chains.md; link "05-verify-prerequisite-acceptance.md")
        snapshot_changed: snapshot source differs from the recorded digest [/Users/zoki/code/context/CONTEXT.md] (from /Users/zoki/code/context/.scratch/records/session-orientation/acceptances/05-evidence-correction-20260916.md; link "../../../../CONTEXT.md")
        completed_dependency: prerequisite is recorded as completed [/Users/zoki/code/context/.scratch/records/session-orientation/issues/05-verify-prerequisite-acceptance.md] (from /Users/zoki/code/context/.scratch/records/session-orientation/issues/06-evaluate-prerequisite-chains.md; link "05-verify-prerequisite-acceptance.md")
        acceptance_criteria_present: at least one nonempty acceptance criterion is authored [/Users/zoki/code/context/.scratch/records/session-orientation/issues/05-verify-prerequisite-acceptance.md] (from /Users/zoki/code/context/.scratch/records/session-orientation/issues/06-evaluate-prerequisite-chains.md; link "05-verify-prerequisite-acceptance.md")
        no_blocking_decisions: Blocked by decisions explicitly declares none [/Users/zoki/code/context/.scratch/records/session-orientation/issues/05-verify-prerequisite-acceptance.md] (from /Users/zoki/code/context/.scratch/records/session-orientation/issues/06-evaluate-prerequisite-chains.md; link "05-verify-prerequisite-acceptance.md")
        snapshot_changed: snapshot source differs from the recorded digest [/Users/zoki/code/context/CONTEXT.md] (from /Users/zoki/code/context/.scratch/records/session-orientation/acceptances/03-authoring-reassessment-20260916.md; link "../../../../CONTEXT.md")
        completed_dependency: prerequisite is recorded as completed [/Users/zoki/code/context/.scratch/records/session-orientation/issues/03-explain-blocking-decisions.md] (from /Users/zoki/code/context/.scratch/records/session-orientation/issues/05-verify-prerequisite-acceptance.md; link "03-explain-blocking-decisions.md")
        acceptance_criteria_present: at least one nonempty acceptance criterion is authored [/Users/zoki/code/context/.scratch/records/session-orientation/issues/03-explain-blocking-decisions.md] (from /Users/zoki/code/context/.scratch/records/session-orientation/issues/05-verify-prerequisite-acceptance.md; link "03-explain-blocking-decisions.md")
        no_blocking_decisions: Blocked by decisions explicitly declares none [/Users/zoki/code/context/.scratch/records/session-orientation/issues/03-explain-blocking-decisions.md] (from /Users/zoki/code/context/.scratch/records/session-orientation/issues/05-verify-prerequisite-acceptance.md; link "03-explain-blocking-decisions.md")
        snapshot_changed: snapshot source differs from the recorded digest [/Users/zoki/code/context/CONTEXT.md] (from /Users/zoki/code/context/.scratch/records/session-orientation/acceptances/02-authoring-reassessment-20260916.md; link "../../../../CONTEXT.md")
        completed_dependency: prerequisite is recorded as completed [/Users/zoki/code/context/.scratch/records/session-orientation/issues/02-list-eligible-work.md] (from /Users/zoki/code/context/.scratch/records/session-orientation/issues/03-explain-blocking-decisions.md; link "02-list-eligible-work.md")
        acceptance_criteria_present: at least one nonempty acceptance criterion is authored [/Users/zoki/code/context/.scratch/records/session-orientation/issues/02-list-eligible-work.md] (from /Users/zoki/code/context/.scratch/records/session-orientation/issues/03-explain-blocking-decisions.md; link "02-list-eligible-work.md")
        no_blocking_decisions: Blocked by decisions explicitly declares none [/Users/zoki/code/context/.scratch/records/session-orientation/issues/02-list-eligible-work.md] (from /Users/zoki/code/context/.scratch/records/session-orientation/issues/03-explain-blocking-decisions.md; link "02-list-eligible-work.md")
        snapshot_changed: snapshot source differs from the recorded digest [/Users/zoki/code/context/CONTEXT.md] (from /Users/zoki/code/context/.scratch/records/session-orientation/acceptances/01-evidence-correction-20260916.md; link "../../../../CONTEXT.md")
        completed_dependency: prerequisite is recorded as completed [/Users/zoki/code/context/.scratch/records/session-orientation/issues/01-show-project-orientation.md] (from /Users/zoki/code/context/.scratch/records/session-orientation/issues/02-list-eligible-work.md; link "01-show-project-orientation.md")
        acceptance_criteria_present: at least one nonempty acceptance criterion is authored [/Users/zoki/code/context/.scratch/records/session-orientation/issues/01-show-project-orientation.md] (from /Users/zoki/code/context/.scratch/records/session-orientation/issues/02-list-eligible-work.md; link "01-show-project-orientation.md")
        no_blocking_decisions: Blocked by decisions explicitly declares none [/Users/zoki/code/context/.scratch/records/session-orientation/issues/01-show-project-orientation.md] (from /Users/zoki/code/context/.scratch/records/session-orientation/issues/02-list-eligible-work.md; link "01-show-project-orientation.md")
        snapshot_changed: snapshot source differs from the recorded digest [/Users/zoki/code/context/CONTEXT.md] (from /Users/zoki/code/context/.scratch/records/session-orientation/acceptances/04-authoring-reassessment-20260916.md; link "../../../../CONTEXT.md")
        completed_dependency: prerequisite is recorded as completed [/Users/zoki/code/context/.scratch/records/session-orientation/issues/04-expose-requirement-fingerprints.md] (from /Users/zoki/code/context/.scratch/records/session-orientation/issues/05-verify-prerequisite-acceptance.md; link "04-expose-requirement-fingerprints.md")
        acceptance_criteria_present: at least one nonempty acceptance criterion is authored [/Users/zoki/code/context/.scratch/records/session-orientation/issues/04-expose-requirement-fingerprints.md] (from /Users/zoki/code/context/.scratch/records/session-orientation/issues/05-verify-prerequisite-acceptance.md; link "04-expose-requirement-fingerprints.md")
        no_blocking_decisions: Blocked by decisions explicitly declares none [/Users/zoki/code/context/.scratch/records/session-orientation/issues/04-expose-requirement-fingerprints.md] (from /Users/zoki/code/context/.scratch/records/session-orientation/issues/05-verify-prerequisite-acceptance.md; link "04-expose-requirement-fingerprints.md")
        completed_dependency: prerequisite is recorded as completed [/Users/zoki/code/context/.scratch/records/session-orientation/issues/01-show-project-orientation.md] (from /Users/zoki/code/context/.scratch/records/session-orientation/issues/04-expose-requirement-fingerprints.md; link "01-show-project-orientation.md")
        acceptance_criteria_present: at least one nonempty acceptance criterion is authored [/Users/zoki/code/context/.scratch/records/session-orientation/issues/01-show-project-orientation.md] (from /Users/zoki/code/context/.scratch/records/session-orientation/issues/04-expose-requirement-fingerprints.md; link "01-show-project-orientation.md")
        no_blocking_decisions: Blocked by decisions explicitly declares none [/Users/zoki/code/context/.scratch/records/session-orientation/issues/01-show-project-orientation.md] (from /Users/zoki/code/context/.scratch/records/session-orientation/issues/04-expose-requirement-fingerprints.md; link "01-show-project-orientation.md")
      Edge 2: status: fail; cycle: false
        From:
          Satisfy direct prerequisites using recorded acceptance [f2a2f976-d844-4e27-86fc-a3ec9b0025e3] /Users/zoki/code/context/.scratch/records/session-orientation/issues/05-verify-prerequisite-acceptance.md
        To:
          Explain blocking decisions [c810606f-6a64-460d-9223-8a8515fdcd65] /Users/zoki/code/context/.scratch/records/session-orientation/issues/03-explain-blocking-decisions.md (from /Users/zoki/code/context/.scratch/records/session-orientation/issues/05-verify-prerequisite-acceptance.md; link "03-explain-blocking-decisions.md")
        snapshot_changed: snapshot source differs from the recorded digest [/Users/zoki/code/context/CONTEXT.md] (from /Users/zoki/code/context/.scratch/records/session-orientation/acceptances/03-authoring-reassessment-20260916.md; link "../../../../CONTEXT.md")
        completed_dependency: prerequisite is recorded as completed [/Users/zoki/code/context/.scratch/records/session-orientation/issues/03-explain-blocking-decisions.md] (from /Users/zoki/code/context/.scratch/records/session-orientation/issues/05-verify-prerequisite-acceptance.md; link "03-explain-blocking-decisions.md")
        acceptance_criteria_present: at least one nonempty acceptance criterion is authored [/Users/zoki/code/context/.scratch/records/session-orientation/issues/03-explain-blocking-decisions.md] (from /Users/zoki/code/context/.scratch/records/session-orientation/issues/05-verify-prerequisite-acceptance.md; link "03-explain-blocking-decisions.md")
        no_blocking_decisions: Blocked by decisions explicitly declares none [/Users/zoki/code/context/.scratch/records/session-orientation/issues/03-explain-blocking-decisions.md] (from /Users/zoki/code/context/.scratch/records/session-orientation/issues/05-verify-prerequisite-acceptance.md; link "03-explain-blocking-decisions.md")
        snapshot_changed: snapshot source differs from the recorded digest [/Users/zoki/code/context/CONTEXT.md] (from /Users/zoki/code/context/.scratch/records/session-orientation/acceptances/02-authoring-reassessment-20260916.md; link "../../../../CONTEXT.md")
        completed_dependency: prerequisite is recorded as completed [/Users/zoki/code/context/.scratch/records/session-orientation/issues/02-list-eligible-work.md] (from /Users/zoki/code/context/.scratch/records/session-orientation/issues/03-explain-blocking-decisions.md; link "02-list-eligible-work.md")
        acceptance_criteria_present: at least one nonempty acceptance criterion is authored [/Users/zoki/code/context/.scratch/records/session-orientation/issues/02-list-eligible-work.md] (from /Users/zoki/code/context/.scratch/records/session-orientation/issues/03-explain-blocking-decisions.md; link "02-list-eligible-work.md")
        no_blocking_decisions: Blocked by decisions explicitly declares none [/Users/zoki/code/context/.scratch/records/session-orientation/issues/02-list-eligible-work.md] (from /Users/zoki/code/context/.scratch/records/session-orientation/issues/03-explain-blocking-decisions.md; link "02-list-eligible-work.md")
        snapshot_changed: snapshot source differs from the recorded digest [/Users/zoki/code/context/CONTEXT.md] (from /Users/zoki/code/context/.scratch/records/session-orientation/acceptances/01-evidence-correction-20260916.md; link "../../../../CONTEXT.md")
        completed_dependency: prerequisite is recorded as completed [/Users/zoki/code/context/.scratch/records/session-orientation/issues/01-show-project-orientation.md] (from /Users/zoki/code/context/.scratch/records/session-orientation/issues/02-list-eligible-work.md; link "01-show-project-orientation.md")
        acceptance_criteria_present: at least one nonempty acceptance criterion is authored [/Users/zoki/code/context/.scratch/records/session-orientation/issues/01-show-project-orientation.md] (from /Users/zoki/code/context/.scratch/records/session-orientation/issues/02-list-eligible-work.md; link "01-show-project-orientation.md")
        no_blocking_decisions: Blocked by decisions explicitly declares none [/Users/zoki/code/context/.scratch/records/session-orientation/issues/01-show-project-orientation.md] (from /Users/zoki/code/context/.scratch/records/session-orientation/issues/02-list-eligible-work.md; link "01-show-project-orientation.md")
      Edge 3: status: fail; cycle: false
        From:
          Explain blocking decisions [c810606f-6a64-460d-9223-8a8515fdcd65] /Users/zoki/code/context/.scratch/records/session-orientation/issues/03-explain-blocking-decisions.md
        To:
          List eligible work with reasons [940635b3-0697-45c6-804b-43f9ec1d3e58] /Users/zoki/code/context/.scratch/records/session-orientation/issues/02-list-eligible-work.md (from /Users/zoki/code/context/.scratch/records/session-orientation/issues/03-explain-blocking-decisions.md; link "02-list-eligible-work.md")
        snapshot_changed: snapshot source differs from the recorded digest [/Users/zoki/code/context/CONTEXT.md] (from /Users/zoki/code/context/.scratch/records/session-orientation/acceptances/02-authoring-reassessment-20260916.md; link "../../../../CONTEXT.md")
        completed_dependency: prerequisite is recorded as completed [/Users/zoki/code/context/.scratch/records/session-orientation/issues/02-list-eligible-work.md] (from /Users/zoki/code/context/.scratch/records/session-orientation/issues/03-explain-blocking-decisions.md; link "02-list-eligible-work.md")
        acceptance_criteria_present: at least one nonempty acceptance criterion is authored [/Users/zoki/code/context/.scratch/records/session-orientation/issues/02-list-eligible-work.md] (from /Users/zoki/code/context/.scratch/records/session-orientation/issues/03-explain-blocking-decisions.md; link "02-list-eligible-work.md")
        no_blocking_decisions: Blocked by decisions explicitly declares none [/Users/zoki/code/context/.scratch/records/session-orientation/issues/02-list-eligible-work.md] (from /Users/zoki/code/context/.scratch/records/session-orientation/issues/03-explain-blocking-decisions.md; link "02-list-eligible-work.md")
        snapshot_changed: snapshot source differs from the recorded digest [/Users/zoki/code/context/CONTEXT.md] (from /Users/zoki/code/context/.scratch/records/session-orientation/acceptances/01-evidence-correction-20260916.md; link "../../../../CONTEXT.md")
        completed_dependency: prerequisite is recorded as completed [/Users/zoki/code/context/.scratch/records/session-orientation/issues/01-show-project-orientation.md] (from /Users/zoki/code/context/.scratch/records/session-orientation/issues/02-list-eligible-work.md; link "01-show-project-orientation.md")
        acceptance_criteria_present: at least one nonempty acceptance criterion is authored [/Users/zoki/code/context/.scratch/records/session-orientation/issues/01-show-project-orientation.md] (from /Users/zoki/code/context/.scratch/records/session-orientation/issues/02-list-eligible-work.md; link "01-show-project-orientation.md")
        no_blocking_decisions: Blocked by decisions explicitly declares none [/Users/zoki/code/context/.scratch/records/session-orientation/issues/01-show-project-orientation.md] (from /Users/zoki/code/context/.scratch/records/session-orientation/issues/02-list-eligible-work.md; link "01-show-project-orientation.md")
      Edge 4: status: fail; cycle: false
        From:
          List eligible work with reasons [940635b3-0697-45c6-804b-43f9ec1d3e58] /Users/zoki/code/context/.scratch/records/session-orientation/issues/02-list-eligible-work.md
        To:
          Show project orientation and work inventory [e1f2dcee-d054-4311-9719-a55e29f576f5] /Users/zoki/code/context/.scratch/records/session-orientation/issues/01-show-project-orientation.md (from /Users/zoki/code/context/.scratch/records/session-orientation/issues/02-list-eligible-work.md; link "01-show-project-orientation.md")
        snapshot_changed: snapshot source differs from the recorded digest [/Users/zoki/code/context/CONTEXT.md] (from /Users/zoki/code/context/.scratch/records/session-orientation/acceptances/01-evidence-correction-20260916.md; link "../../../../CONTEXT.md")
        completed_dependency: prerequisite is recorded as completed [/Users/zoki/code/context/.scratch/records/session-orientation/issues/01-show-project-orientation.md] (from /Users/zoki/code/context/.scratch/records/session-orientation/issues/02-list-eligible-work.md; link "01-show-project-orientation.md")
        acceptance_criteria_present: at least one nonempty acceptance criterion is authored [/Users/zoki/code/context/.scratch/records/session-orientation/issues/01-show-project-orientation.md] (from /Users/zoki/code/context/.scratch/records/session-orientation/issues/02-list-eligible-work.md; link "01-show-project-orientation.md")
        no_blocking_decisions: Blocked by decisions explicitly declares none [/Users/zoki/code/context/.scratch/records/session-orientation/issues/01-show-project-orientation.md] (from /Users/zoki/code/context/.scratch/records/session-orientation/issues/02-list-eligible-work.md; link "01-show-project-orientation.md")
        no_dependencies: Blocked by explicitly declares none [/Users/zoki/code/context/.scratch/records/session-orientation/issues/01-show-project-orientation.md]
      Edge 5: status: fail; cycle: false
        From:
          Satisfy direct prerequisites using recorded acceptance [f2a2f976-d844-4e27-86fc-a3ec9b0025e3] /Users/zoki/code/context/.scratch/records/session-orientation/issues/05-verify-prerequisite-acceptance.md
        To:
          Expose reproducible requirement fingerprints [8888abfc-d72c-42c0-8a28-08c7235d68c6] /Users/zoki/code/context/.scratch/records/session-orientation/issues/04-expose-requirement-fingerprints.md (from /Users/zoki/code/context/.scratch/records/session-orientation/issues/05-verify-prerequisite-acceptance.md; link "04-expose-requirement-fingerprints.md")
        snapshot_changed: snapshot source differs from the recorded digest [/Users/zoki/code/context/CONTEXT.md] (from /Users/zoki/code/context/.scratch/records/session-orientation/acceptances/04-authoring-reassessment-20260916.md; link "../../../../CONTEXT.md")
        completed_dependency: prerequisite is recorded as completed [/Users/zoki/code/context/.scratch/records/session-orientation/issues/04-expose-requirement-fingerprints.md] (from /Users/zoki/code/context/.scratch/records/session-orientation/issues/05-verify-prerequisite-acceptance.md; link "04-expose-requirement-fingerprints.md")
        acceptance_criteria_present: at least one nonempty acceptance criterion is authored [/Users/zoki/code/context/.scratch/records/session-orientation/issues/04-expose-requirement-fingerprints.md] (from /Users/zoki/code/context/.scratch/records/session-orientation/issues/05-verify-prerequisite-acceptance.md; link "04-expose-requirement-fingerprints.md")
        no_blocking_decisions: Blocked by decisions explicitly declares none [/Users/zoki/code/context/.scratch/records/session-orientation/issues/04-expose-requirement-fingerprints.md] (from /Users/zoki/code/context/.scratch/records/session-orientation/issues/05-verify-prerequisite-acceptance.md; link "04-expose-requirement-fingerprints.md")
        snapshot_changed: snapshot source differs from the recorded digest [/Users/zoki/code/context/CONTEXT.md] (from /Users/zoki/code/context/.scratch/records/session-orientation/acceptances/01-evidence-correction-20260916.md; link "../../../../CONTEXT.md")
        completed_dependency: prerequisite is recorded as completed [/Users/zoki/code/context/.scratch/records/session-orientation/issues/01-show-project-orientation.md] (from /Users/zoki/code/context/.scratch/records/session-orientation/issues/04-expose-requirement-fingerprints.md; link "01-show-project-orientation.md")
        acceptance_criteria_present: at least one nonempty acceptance criterion is authored [/Users/zoki/code/context/.scratch/records/session-orientation/issues/01-show-project-orientation.md] (from /Users/zoki/code/context/.scratch/records/session-orientation/issues/04-expose-requirement-fingerprints.md; link "01-show-project-orientation.md")
        no_blocking_decisions: Blocked by decisions explicitly declares none [/Users/zoki/code/context/.scratch/records/session-orientation/issues/01-show-project-orientation.md] (from /Users/zoki/code/context/.scratch/records/session-orientation/issues/04-expose-requirement-fingerprints.md; link "01-show-project-orientation.md")
      Edge 6: status: fail; cycle: false
        From:
          Expose reproducible requirement fingerprints [8888abfc-d72c-42c0-8a28-08c7235d68c6] /Users/zoki/code/context/.scratch/records/session-orientation/issues/04-expose-requirement-fingerprints.md
        To:
          Show project orientation and work inventory [e1f2dcee-d054-4311-9719-a55e29f576f5] /Users/zoki/code/context/.scratch/records/session-orientation/issues/01-show-project-orientation.md (from /Users/zoki/code/context/.scratch/records/session-orientation/issues/04-expose-requirement-fingerprints.md; link "01-show-project-orientation.md")
        snapshot_changed: snapshot source differs from the recorded digest [/Users/zoki/code/context/CONTEXT.md] (from /Users/zoki/code/context/.scratch/records/session-orientation/acceptances/01-evidence-correction-20260916.md; link "../../../../CONTEXT.md")
        completed_dependency: prerequisite is recorded as completed [/Users/zoki/code/context/.scratch/records/session-orientation/issues/01-show-project-orientation.md] (from /Users/zoki/code/context/.scratch/records/session-orientation/issues/04-expose-requirement-fingerprints.md; link "01-show-project-orientation.md")
        acceptance_criteria_present: at least one nonempty acceptance criterion is authored [/Users/zoki/code/context/.scratch/records/session-orientation/issues/01-show-project-orientation.md] (from /Users/zoki/code/context/.scratch/records/session-orientation/issues/04-expose-requirement-fingerprints.md; link "01-show-project-orientation.md")
        no_blocking_decisions: Blocked by decisions explicitly declares none [/Users/zoki/code/context/.scratch/records/session-orientation/issues/01-show-project-orientation.md] (from /Users/zoki/code/context/.scratch/records/session-orientation/issues/04-expose-requirement-fingerprints.md; link "01-show-project-orientation.md")
        no_dependencies: Blocked by explicitly declares none [/Users/zoki/code/context/.scratch/records/session-orientation/issues/01-show-project-orientation.md]
    acceptance_criteria: pass
      acceptance_criteria_present: at least one nonempty acceptance criterion is authored [/Users/zoki/code/context/.scratch/records/session-orientation/issues/06-evaluate-prerequisite-chains.md]
    required_context: pass
      required_context_available: all explicitly selected requirement and context sources are available [/Users/zoki/code/context/.scratch/records/session-orientation/issues/06-evaluate-prerequisite-chains.md]
    dependencies: fail
      snapshot_changed: snapshot source differs from the recorded digest [/Users/zoki/code/context/CONTEXT.md] (from /Users/zoki/code/context/.scratch/records/session-orientation/acceptances/05-evidence-correction-20260916.md; link "../../../../CONTEXT.md")
      completed_dependency: prerequisite is recorded as completed [/Users/zoki/code/context/.scratch/records/session-orientation/issues/05-verify-prerequisite-acceptance.md] (from /Users/zoki/code/context/.scratch/records/session-orientation/issues/06-evaluate-prerequisite-chains.md; link "05-verify-prerequisite-acceptance.md")
      acceptance_criteria_present: at least one nonempty acceptance criterion is authored [/Users/zoki/code/context/.scratch/records/session-orientation/issues/05-verify-prerequisite-acceptance.md] (from /Users/zoki/code/context/.scratch/records/session-orientation/issues/06-evaluate-prerequisite-chains.md; link "05-verify-prerequisite-acceptance.md")
      no_blocking_decisions: Blocked by decisions explicitly declares none [/Users/zoki/code/context/.scratch/records/session-orientation/issues/05-verify-prerequisite-acceptance.md] (from /Users/zoki/code/context/.scratch/records/session-orientation/issues/06-evaluate-prerequisite-chains.md; link "05-verify-prerequisite-acceptance.md")
      snapshot_changed: snapshot source differs from the recorded digest [/Users/zoki/code/context/CONTEXT.md] (from /Users/zoki/code/context/.scratch/records/session-orientation/acceptances/03-authoring-reassessment-20260916.md; link "../../../../CONTEXT.md")
      completed_dependency: prerequisite is recorded as completed [/Users/zoki/code/context/.scratch/records/session-orientation/issues/03-explain-blocking-decisions.md] (from /Users/zoki/code/context/.scratch/records/session-orientation/issues/05-verify-prerequisite-acceptance.md; link "03-explain-blocking-decisions.md")
      acceptance_criteria_present: at least one nonempty acceptance criterion is authored [/Users/zoki/code/context/.scratch/records/session-orientation/issues/03-explain-blocking-decisions.md] (from /Users/zoki/code/context/.scratch/records/session-orientation/issues/05-verify-prerequisite-acceptance.md; link "03-explain-blocking-decisions.md")
      no_blocking_decisions: Blocked by decisions explicitly declares none [/Users/zoki/code/context/.scratch/records/session-orientation/issues/03-explain-blocking-decisions.md] (from /Users/zoki/code/context/.scratch/records/session-orientation/issues/05-verify-prerequisite-acceptance.md; link "03-explain-blocking-decisions.md")
      snapshot_changed: snapshot source differs from the recorded digest [/Users/zoki/code/context/CONTEXT.md] (from /Users/zoki/code/context/.scratch/records/session-orientation/acceptances/02-authoring-reassessment-20260916.md; link "../../../../CONTEXT.md")
      completed_dependency: prerequisite is recorded as completed [/Users/zoki/code/context/.scratch/records/session-orientation/issues/02-list-eligible-work.md] (from /Users/zoki/code/context/.scratch/records/session-orientation/issues/03-explain-blocking-decisions.md; link "02-list-eligible-work.md")
      acceptance_criteria_present: at least one nonempty acceptance criterion is authored [/Users/zoki/code/context/.scratch/records/session-orientation/issues/02-list-eligible-work.md] (from /Users/zoki/code/context/.scratch/records/session-orientation/issues/03-explain-blocking-decisions.md; link "02-list-eligible-work.md")
      no_blocking_decisions: Blocked by decisions explicitly declares none [/Users/zoki/code/context/.scratch/records/session-orientation/issues/02-list-eligible-work.md] (from /Users/zoki/code/context/.scratch/records/session-orientation/issues/03-explain-blocking-decisions.md; link "02-list-eligible-work.md")
      snapshot_changed: snapshot source differs from the recorded digest [/Users/zoki/code/context/CONTEXT.md] (from /Users/zoki/code/context/.scratch/records/session-orientation/acceptances/01-evidence-correction-20260916.md; link "../../../../CONTEXT.md")
      completed_dependency: prerequisite is recorded as completed [/Users/zoki/code/context/.scratch/records/session-orientation/issues/01-show-project-orientation.md] (from /Users/zoki/code/context/.scratch/records/session-orientation/issues/02-list-eligible-work.md; link "01-show-project-orientation.md")
      acceptance_criteria_present: at least one nonempty acceptance criterion is authored [/Users/zoki/code/context/.scratch/records/session-orientation/issues/01-show-project-orientation.md] (from /Users/zoki/code/context/.scratch/records/session-orientation/issues/02-list-eligible-work.md; link "01-show-project-orientation.md")
      no_blocking_decisions: Blocked by decisions explicitly declares none [/Users/zoki/code/context/.scratch/records/session-orientation/issues/01-show-project-orientation.md] (from /Users/zoki/code/context/.scratch/records/session-orientation/issues/02-list-eligible-work.md; link "01-show-project-orientation.md")
      snapshot_changed: snapshot source differs from the recorded digest [/Users/zoki/code/context/CONTEXT.md] (from /Users/zoki/code/context/.scratch/records/session-orientation/acceptances/04-authoring-reassessment-20260916.md; link "../../../../CONTEXT.md")
      completed_dependency: prerequisite is recorded as completed [/Users/zoki/code/context/.scratch/records/session-orientation/issues/04-expose-requirement-fingerprints.md] (from /Users/zoki/code/context/.scratch/records/session-orientation/issues/05-verify-prerequisite-acceptance.md; link "04-expose-requirement-fingerprints.md")
      acceptance_criteria_present: at least one nonempty acceptance criterion is authored [/Users/zoki/code/context/.scratch/records/session-orientation/issues/04-expose-requirement-fingerprints.md] (from /Users/zoki/code/context/.scratch/records/session-orientation/issues/05-verify-prerequisite-acceptance.md; link "04-expose-requirement-fingerprints.md")
      no_blocking_decisions: Blocked by decisions explicitly declares none [/Users/zoki/code/context/.scratch/records/session-orientation/issues/04-expose-requirement-fingerprints.md] (from /Users/zoki/code/context/.scratch/records/session-orientation/issues/05-verify-prerequisite-acceptance.md; link "04-expose-requirement-fingerprints.md")
      completed_dependency: prerequisite is recorded as completed [/Users/zoki/code/context/.scratch/records/session-orientation/issues/01-show-project-orientation.md] (from /Users/zoki/code/context/.scratch/records/session-orientation/issues/04-expose-requirement-fingerprints.md; link "01-show-project-orientation.md")
      acceptance_criteria_present: at least one nonempty acceptance criterion is authored [/Users/zoki/code/context/.scratch/records/session-orientation/issues/01-show-project-orientation.md] (from /Users/zoki/code/context/.scratch/records/session-orientation/issues/04-expose-requirement-fingerprints.md; link "01-show-project-orientation.md")
      no_blocking_decisions: Blocked by decisions explicitly declares none [/Users/zoki/code/context/.scratch/records/session-orientation/issues/01-show-project-orientation.md] (from /Users/zoki/code/context/.scratch/records/session-orientation/issues/04-expose-requirement-fingerprints.md; link "01-show-project-orientation.md")
    blocking_decisions: pass
      no_blocking_decisions: Blocked by decisions explicitly declares none [/Users/zoki/code/context/.scratch/records/session-orientation/issues/06-evaluate-prerequisite-chains.md]
    excluded: completed_work: work is recorded as completed [/Users/zoki/code/context/.scratch/records/session-orientation/issues/06-evaluate-prerequisite-chains.md]
    excluded: not_committed: work is outside current commitments [/Users/zoki/code/context/.scratch/records/session-orientation/issues/06-evaluate-prerequisite-chains.md]
    excluded: readiness_blocked: readiness is blocked; inspect its checks [/Users/zoki/code/context/.scratch/records/session-orientation/issues/06-evaluate-prerequisite-chains.md]
    acceptance: stale
    acceptance check: fail
    Acceptance record:
      Acceptance: Evaluate prerequisite chains and cycles [a6508b82-55d2-4b5e-b69b-5f1c0025cb35] /Users/zoki/code/context/.scratch/records/session-orientation/acceptances/06-evidence-correction-20260916.md (from /Users/zoki/code/context/.scratch/records/session-orientation/issues/06-evaluate-prerequisite-chains.md; link "../acceptances/06-evidence-correction-20260916.md")
      actor: workflow Codex coordinating agent
      decided at: 2026-09-16T13:32:43.946056+00:00
      tested revision (historical): https://github.com/Zokiio/context working-tree:0808609e8de4ad1d80c52cadd8fd0b6fca31ac0d; source-manifest-sha256:f563c18a919db748d6e9183fba027361ce45289351e38d190401847a6bef4ad0
      accepted fingerprint: version 1
      accepted ticketSHA256: eb85f6d676dfc8b9f988f7e996b8d3f7914729b84b33663fa7ac74e063641519
      accepted criteriaSHA256: ab4d6c6bcdffe6c46d292fca68a25776cb960329a440116df2ffbcb5e0c3a898
    Human approvals: none recorded
    Requirements:
      Source:
        unknown [unknown] /Users/zoki/code/context/.scratch/session-orientation/spec.md (from /Users/zoki/code/context/.scratch/records/session-orientation/acceptances/06-evidence-correction-20260916.md; link "../../../session-orientation/spec.md")
        status: valid
        recordedSHA256: bc021e3cd30a4bf978a2d26d530e8b778bd4f8cb250feb6e00c6cce62a024279
        currentSHA256: bc021e3cd30a4bf978a2d26d530e8b778bd4f8cb250feb6e00c6cce62a024279
      Source:
        unknown [unknown] /Users/zoki/code/context/.scratch/context-reader/spec.md (from /Users/zoki/code/context/.scratch/records/session-orientation/acceptances/06-evidence-correction-20260916.md; link "../../../context-reader/spec.md")
        status: valid
        recordedSHA256: 2faf878a2442bfa5fd521ae0511af6bb685dbeb93c0885323a37ae1a18a71f37
        currentSHA256: 2faf878a2442bfa5fd521ae0511af6bb685dbeb93c0885323a37ae1a18a71f37
      Source:
        unknown [unknown] /Users/zoki/code/context/CONTEXT.md (from /Users/zoki/code/context/.scratch/records/session-orientation/acceptances/06-evidence-correction-20260916.md; link "../../../../CONTEXT.md")
        status: stale
        recordedSHA256: a003af0f4845f28fe14191dec210c7ceeabf6a5422fb51e7e0ee7e957d366a55
        currentSHA256: 15cd979f6af442fedec45fd3482741f0cd5362c45900151eab3e0cef452bf9b9
        snapshot_changed: snapshot source differs from the recorded digest [/Users/zoki/code/context/CONTEXT.md] (from /Users/zoki/code/context/.scratch/records/session-orientation/acceptances/06-evidence-correction-20260916.md; link "../../../../CONTEXT.md")
      Source:
        unknown [unknown] /Users/zoki/code/context/docs/agents/issue-tracker.md (from /Users/zoki/code/context/.scratch/records/session-orientation/acceptances/06-evidence-correction-20260916.md; link "../../../../docs/agents/issue-tracker.md")
        status: valid
        recordedSHA256: 5f8f038e1b33f595344b9a1a90d4d194331f83a5e88d6522c2e52844d77a21bb
        currentSHA256: 5f8f038e1b33f595344b9a1a90d4d194331f83a5e88d6522c2e52844d77a21bb
      Source:
        unknown [unknown] /Users/zoki/code/context/docs/adr/0003-recorded-acceptance-for-readiness.md (from /Users/zoki/code/context/.scratch/records/session-orientation/acceptances/06-evidence-correction-20260916.md; link "../../../../docs/adr/0003-recorded-acceptance-for-readiness.md")
        status: valid
        recordedSHA256: 84778cb881c73f7ebbe5cc58a9acbb9c1212e1dd421d863d04f1efe021efdc56
        currentSHA256: 84778cb881c73f7ebbe5cc58a9acbb9c1212e1dd421d863d04f1efe021efdc56
      Source:
        unknown [unknown] /Users/zoki/code/context/docs/agents/acceptance.md (from /Users/zoki/code/context/.scratch/records/session-orientation/acceptances/06-evidence-correction-20260916.md; link "../../../../docs/agents/acceptance.md")
        status: valid
        recordedSHA256: fbde78ab62733d1bbe091fba6a867f30f50076c819ee3b0783ac4dcd2d7bf654
        currentSHA256: fbde78ab62733d1bbe091fba6a867f30f50076c819ee3b0783ac4dcd2d7bf654
    Evidence:
      Source:
        unknown [unknown] /Users/zoki/code/context/.scratch/session-orientation/evidence/06-dependencies.md (from /Users/zoki/code/context/.scratch/records/session-orientation/acceptances/06-evidence-correction-20260916.md; link "../../../session-orientation/evidence/06-dependencies.md")
        status: valid
        recordedSHA256: 0462bf0169fcf7a24fc8710b9d9534f31d25c610f2d76c32bc9e94ca33f4c4dd
        currentSHA256: 0462bf0169fcf7a24fc8710b9d9534f31d25c610f2d76c32bc9e94ca33f4c4dd
      Source:
        unknown [unknown] /Users/zoki/code/context/.scratch/session-orientation/evidence/06-dependencies-verification.json (from /Users/zoki/code/context/.scratch/records/session-orientation/acceptances/06-evidence-correction-20260916.md; link "../../../session-orientation/evidence/06-dependencies-verification.json")
        status: valid
        recordedSHA256: 22ff7f6f1de8ada2766575121ba68d82ef03ce654b1082404c46e39151b69f69
        currentSHA256: 22ff7f6f1de8ada2766575121ba68d82ef03ce654b1082404c46e39151b69f69
      Source:
        unknown [unknown] /Users/zoki/code/context/.scratch/session-orientation/evidence/review.md (from /Users/zoki/code/context/.scratch/records/session-orientation/acceptances/06-evidence-correction-20260916.md; link "../../../session-orientation/evidence/review.md")
        status: valid
        recordedSHA256: 6ee7c23efe495995a723902f946575b1dc3408286a43843705633e7a7608e255
        currentSHA256: 6ee7c23efe495995a723902f946575b1dc3408286a43843705633e7a7608e255
      Source:
        unknown [unknown] /Users/zoki/code/context/.scratch/session-orientation/evidence/review-core-regressions.json (from /Users/zoki/code/context/.scratch/records/session-orientation/acceptances/06-evidence-correction-20260916.md; link "../../../session-orientation/evidence/review-core-regressions.json")
        status: valid
        recordedSHA256: d3045c76767c439f30681aecb3c3f35a17e8f238882f560989ad6589b0e5dd7a
        currentSHA256: d3045c76767c439f30681aecb3c3f35a17e8f238882f560989ad6589b0e5dd7a
      Source:
        unknown [unknown] /Users/zoki/code/context/.scratch/session-orientation/evidence/review-spec-fix-verification.json (from /Users/zoki/code/context/.scratch/records/session-orientation/acceptances/06-evidence-correction-20260916.md; link "../../../session-orientation/evidence/review-spec-fix-verification.json")
        status: valid
        recordedSHA256: cd3db4a9e26d8d8fae527e791d9e960690485e96d93b16aa028e9baf52a0d075
        currentSHA256: cd3db4a9e26d8d8fae527e791d9e960690485e96d93b16aa028e9baf52a0d075
      Source:
        unknown [unknown] /Users/zoki/code/context/.scratch/session-orientation/evidence/review-reassessment-corrected.md (from /Users/zoki/code/context/.scratch/records/session-orientation/acceptances/06-evidence-correction-20260916.md; link "../../../session-orientation/evidence/review-reassessment-corrected.md")
        status: valid
        recordedSHA256: 34c14226bd542968bda2b219d3abaca2355425a2dc3d8427d26b00cf22a95304
        currentSHA256: 34c14226bd542968bda2b219d3abaca2355425a2dc3d8427d26b00cf22a95304
      Source:
        unknown [unknown] /Users/zoki/code/context/.scratch/session-orientation/evidence/review-cli-flags/red.txt (from /Users/zoki/code/context/.scratch/records/session-orientation/acceptances/06-evidence-correction-20260916.md; link "../../../session-orientation/evidence/review-cli-flags/red.txt")
        status: valid
        recordedSHA256: 669b6a1674e8e1efc37e51cb25582563a20ff789ac515e0bc180e86ce26cb3c9
        currentSHA256: 669b6a1674e8e1efc37e51cb25582563a20ff789ac515e0bc180e86ce26cb3c9
      Source:
        unknown [unknown] /Users/zoki/code/context/.scratch/session-orientation/evidence/review-cli-flags/green.txt (from /Users/zoki/code/context/.scratch/records/session-orientation/acceptances/06-evidence-correction-20260916.md; link "../../../session-orientation/evidence/review-cli-flags/green.txt")
        status: valid
        recordedSHA256: eea020b7333174cf4aa69a723a0d91145c8cc3930c874cd4c87fca780a71ff07
        currentSHA256: eea020b7333174cf4aa69a723a0d91145c8cc3930c874cd4c87fca780a71ff07
      Source:
        unknown [unknown] /Users/zoki/code/context/.scratch/session-orientation/evidence/review-cli-flags/cli-suite.txt (from /Users/zoki/code/context/.scratch/records/session-orientation/acceptances/06-evidence-correction-20260916.md; link "../../../session-orientation/evidence/review-cli-flags/cli-suite.txt")
        status: valid
        recordedSHA256: 61000a84b0dbc6ff3874b1a7239db8ab61b95a3c5b0a4da8fe630d0bafb038a1
        currentSHA256: 61000a84b0dbc6ff3874b1a7239db8ab61b95a3c5b0a4da8fe630d0bafb038a1
      Source:
        unknown [unknown] /Users/zoki/code/context/.scratch/session-orientation/evidence/07-preflight-verification.json (from /Users/zoki/code/context/.scratch/records/session-orientation/acceptances/06-evidence-correction-20260916.md; link "../../../session-orientation/evidence/07-preflight-verification.json")
        status: valid
        recordedSHA256: c9e68e16b75a450daf6d13fbb8ed36eb6db2daca0bf94a346bc8df2a2954e7e0
        currentSHA256: c9e68e16b75a450daf6d13fbb8ed36eb6db2daca0bf94a346bc8df2a2954e7e0
      snapshot_changed: snapshot source differs from the recorded digest [/Users/zoki/code/context/CONTEXT.md] (from /Users/zoki/code/context/.scratch/records/session-orientation/acceptances/06-evidence-correction-20260916.md; link "../../../../CONTEXT.md")
    fingerprint: version 1
      ticketSHA256: eb85f6d676dfc8b9f988f7e996b8d3f7914729b84b33663fa7ac74e063641519
      criteriaSHA256: ab4d6c6bcdffe6c46d292fca68a25776cb960329a440116df2ffbcb5e0c3a898
  Read an OKF ticket as JSON context [bcbad059-f0b1-401b-99e1-3fdc468db8fb]
    source: /Users/zoki/code/context/.scratch/records/context-reader/issues/01-read-okf-ticket.md
    identity ambiguous: false
    triage: ready-for-agent; execution: completed; lifecycle: stable
    committed: false; readiness: ready; eligible: false
    Specifications:
      unknown [unknown] /Users/zoki/code/context/.scratch/context-reader/spec.md (from /Users/zoki/code/context/.scratch/records/context-reader/issues/01-read-okf-ticket.md; link "../../../context-reader/spec.md")
    Dependency edges: none observed
    acceptance_criteria: pass
      acceptance_criteria_present: at least one nonempty acceptance criterion is authored [/Users/zoki/code/context/.scratch/records/context-reader/issues/01-read-okf-ticket.md]
    required_context: pass
      required_context_available: all explicitly selected requirement and context sources are available [/Users/zoki/code/context/.scratch/records/context-reader/issues/01-read-okf-ticket.md]
    dependencies: pass
      no_dependencies: Blocked by explicitly declares none [/Users/zoki/code/context/.scratch/records/context-reader/issues/01-read-okf-ticket.md]
    blocking_decisions: pass
      no_blocking_decisions: Blocked by decisions explicitly declares none [/Users/zoki/code/context/.scratch/records/context-reader/issues/01-read-okf-ticket.md]
    excluded: completed_work: work is recorded as completed [/Users/zoki/code/context/.scratch/records/context-reader/issues/01-read-okf-ticket.md]
    excluded: not_committed: work is outside current commitments [/Users/zoki/code/context/.scratch/records/context-reader/issues/01-read-okf-ticket.md]
    acceptance: stale
    acceptance check: fail
    Acceptance record:
      Acceptance: Read an OKF ticket as JSON context [836ed4c4-2c89-4c04-aa89-f9c1447050c1] /Users/zoki/code/context/.scratch/records/context-reader/acceptances/01-read-okf-ticket-migration-20260916.md (from /Users/zoki/code/context/.scratch/records/context-reader/issues/01-read-okf-ticket.md; link "../acceptances/01-read-okf-ticket-migration-20260916.md")
      actor: workflow Codex agent /root/orientation_ticket_audit
      decided at: 2026-09-16T13:10:25.115182+00:00
      tested revision (historical): https://github.com/Zokiio/context post-review working-tree:2fedff0f41bf59366f7f25104b5007983162aa08; reader-manifest-sha256:16f14c92945bd59d95d9b39c4ce642f316004628a74f4c881e00a2780f9e19a4
      accepted fingerprint: version 1
      accepted ticketSHA256: 91f70fffaea5ac0fc583a11503825a8fd6c83eca7cbc20bbc1f9ddf90ed21e81
      accepted criteriaSHA256: 08ae8da77a47276f1c267c1b493ceaa362c1c854b43e5c7a8268e23dbdcdb173
    Human approvals: none recorded
    Requirements:
      Source:
        unknown [unknown] /Users/zoki/code/context/docs/vision.md (from /Users/zoki/code/context/.scratch/records/context-reader/acceptances/01-read-okf-ticket-migration-20260916.md; link "../../../../docs/vision.md")
        status: valid
        recordedSHA256: d8d7fb88699c3310cd5f489d6d44dbf342fe813c372c54485400f6765f5aa2e9
        currentSHA256: d8d7fb88699c3310cd5f489d6d44dbf342fe813c372c54485400f6765f5aa2e9
      Source:
        unknown [unknown] /Users/zoki/code/context/.scratch/context-reader/spec.md (from /Users/zoki/code/context/.scratch/records/context-reader/acceptances/01-read-okf-ticket-migration-20260916.md; link "../../../context-reader/spec.md")
        status: valid
        recordedSHA256: 2faf878a2442bfa5fd521ae0511af6bb685dbeb93c0885323a37ae1a18a71f37
        currentSHA256: 2faf878a2442bfa5fd521ae0511af6bb685dbeb93c0885323a37ae1a18a71f37
      Source:
        unknown [unknown] /Users/zoki/code/context/CONTEXT.md (from /Users/zoki/code/context/.scratch/records/context-reader/acceptances/01-read-okf-ticket-migration-20260916.md; link "../../../../CONTEXT.md")
        status: stale
        recordedSHA256: a003af0f4845f28fe14191dec210c7ceeabf6a5422fb51e7e0ee7e957d366a55
        currentSHA256: 15cd979f6af442fedec45fd3482741f0cd5362c45900151eab3e0cef452bf9b9
        snapshot_changed: snapshot source differs from the recorded digest [/Users/zoki/code/context/CONTEXT.md] (from /Users/zoki/code/context/.scratch/records/context-reader/acceptances/01-read-okf-ticket-migration-20260916.md; link "../../../../CONTEXT.md")
      Source:
        unknown [unknown] /Users/zoki/code/context/docs/adr/0001-one-okf-bundle-per-project.md (from /Users/zoki/code/context/.scratch/records/context-reader/acceptances/01-read-okf-ticket-migration-20260916.md; link "../../../../docs/adr/0001-one-okf-bundle-per-project.md")
        status: valid
        recordedSHA256: 44659df72bb86cf15968be3f8b9a838817b4e18d44e1dcfa5addb3793d9c92c5
        currentSHA256: 44659df72bb86cf15968be3f8b9a838817b4e18d44e1dcfa5addb3793d9c92c5
      Source:
        unknown [unknown] /Users/zoki/code/context/docs/adr/0002-work-relationships-in-markdown-sections.md (from /Users/zoki/code/context/.scratch/records/context-reader/acceptances/01-read-okf-ticket-migration-20260916.md; link "../../../../docs/adr/0002-work-relationships-in-markdown-sections.md")
        status: valid
        recordedSHA256: 4254ead8e1d55c05f27576151fd635f859a37ce2072022174fe09745440b152f
        currentSHA256: 4254ead8e1d55c05f27576151fd635f859a37ce2072022174fe09745440b152f
      Source:
        unknown [unknown] /Users/zoki/code/context/docs/agents/issue-tracker.md (from /Users/zoki/code/context/.scratch/records/context-reader/acceptances/01-read-okf-ticket-migration-20260916.md; link "../../../../docs/agents/issue-tracker.md")
        status: valid
        recordedSHA256: 5f8f038e1b33f595344b9a1a90d4d194331f83a5e88d6522c2e52844d77a21bb
        currentSHA256: 5f8f038e1b33f595344b9a1a90d4d194331f83a5e88d6522c2e52844d77a21bb
    Evidence:
      Source:
        unknown [unknown] /Users/zoki/code/context/.scratch/session-orientation/evidence/legacy-migration.md (from /Users/zoki/code/context/.scratch/records/context-reader/acceptances/01-read-okf-ticket-migration-20260916.md; link "../../../session-orientation/evidence/legacy-migration.md")
        status: valid
        recordedSHA256: 7c7e4762cf14e588ed8dfee473344c7b6d35cd144e9bf35a4c629f65959ca756
        currentSHA256: 7c7e4762cf14e588ed8dfee473344c7b6d35cd144e9bf35a4c629f65959ca756
      Source:
        unknown [unknown] /Users/zoki/code/context/.scratch/session-orientation/evidence/legacy-record-snapshots.json (from /Users/zoki/code/context/.scratch/records/context-reader/acceptances/01-read-okf-ticket-migration-20260916.md; link "../../../session-orientation/evidence/legacy-record-snapshots.json")
        status: valid
        recordedSHA256: c49497167b3b32ccd86d5de702111ff348544d773d128b19ce185da71e9a527a
        currentSHA256: c49497167b3b32ccd86d5de702111ff348544d773d128b19ce185da71e9a527a
      Source:
        unknown [unknown] /Users/zoki/code/context/.scratch/session-orientation/evidence/legacy-merge-correspondence.json (from /Users/zoki/code/context/.scratch/records/context-reader/acceptances/01-read-okf-ticket-migration-20260916.md; link "../../../session-orientation/evidence/legacy-merge-correspondence.json")
        status: valid
        recordedSHA256: db0e67626452182e26fec283c1e1a5bf86d473a3324f0b6925984bc64f88c5d1
        currentSHA256: db0e67626452182e26fec283c1e1a5bf86d473a3324f0b6925984bc64f88c5d1
      Source:
        unknown [unknown] /Users/zoki/code/context/.scratch/context-reader/acceptance-trial.md (from /Users/zoki/code/context/.scratch/records/context-reader/acceptances/01-read-okf-ticket-migration-20260916.md; link "../../../context-reader/acceptance-trial.md")
        status: valid
        recordedSHA256: 6807e25b385beb71a12e0386c9274fcbd04dfe3c0577b99ae792b8d1236f4775
        currentSHA256: 6807e25b385beb71a12e0386c9274fcbd04dfe3c0577b99ae792b8d1236f4775
      Source:
        unknown [unknown] /Users/zoki/code/context/.scratch/context-reader/acceptance-trial-manifest.json (from /Users/zoki/code/context/.scratch/records/context-reader/acceptances/01-read-okf-ticket-migration-20260916.md; link "../../../context-reader/acceptance-trial-manifest.json")
        status: valid
        recordedSHA256: 7808ffca77fdd670e4b15fc29239c8e02d0eed6f75c6133cf759b2928621c86d
        currentSHA256: 7808ffca77fdd670e4b15fc29239c8e02d0eed6f75c6133cf759b2928621c86d
      Source:
        unknown [unknown] /Users/zoki/code/context/.scratch/context-reader/review-verification-manifest.json (from /Users/zoki/code/context/.scratch/records/context-reader/acceptances/01-read-okf-ticket-migration-20260916.md; link "../../../context-reader/review-verification-manifest.json")
        status: valid
        recordedSHA256: 16f14c92945bd59d95d9b39c4ce642f316004628a74f4c881e00a2780f9e19a4
        currentSHA256: 16f14c92945bd59d95d9b39c4ce642f316004628a74f4c881e00a2780f9e19a4
      snapshot_changed: snapshot source differs from the recorded digest [/Users/zoki/code/context/CONTEXT.md] (from /Users/zoki/code/context/.scratch/records/context-reader/acceptances/01-read-okf-ticket-migration-20260916.md; link "../../../../CONTEXT.md")
    fingerprint: version 1
      ticketSHA256: 91f70fffaea5ac0fc583a11503825a8fd6c83eca7cbc20bbc1f9ddf90ed21e81
      criteriaSHA256: 08ae8da77a47276f1c267c1b493ceaa362c1c854b43e5c7a8268e23dbdcdb173
  Explain blocking decisions [c810606f-6a64-460d-9223-8a8515fdcd65]
    source: /Users/zoki/code/context/.scratch/records/session-orientation/issues/03-explain-blocking-decisions.md
    identity ambiguous: false
    triage: ready-for-agent; execution: completed; lifecycle: stable
    committed: false; readiness: blocked; eligible: false
    Specifications:
      unknown [unknown] /Users/zoki/code/context/.scratch/session-orientation/spec.md (from /Users/zoki/code/context/.scratch/records/session-orientation/issues/03-explain-blocking-decisions.md; link "../../../session-orientation/spec.md")
    Dependency edges:
      Edge 1: status: fail; cycle: false
        From:
          Explain blocking decisions [c810606f-6a64-460d-9223-8a8515fdcd65] /Users/zoki/code/context/.scratch/records/session-orientation/issues/03-explain-blocking-decisions.md
        To:
          List eligible work with reasons [940635b3-0697-45c6-804b-43f9ec1d3e58] /Users/zoki/code/context/.scratch/records/session-orientation/issues/02-list-eligible-work.md (from /Users/zoki/code/context/.scratch/records/session-orientation/issues/03-explain-blocking-decisions.md; link "02-list-eligible-work.md")
        snapshot_changed: snapshot source differs from the recorded digest [/Users/zoki/code/context/CONTEXT.md] (from /Users/zoki/code/context/.scratch/records/session-orientation/acceptances/02-authoring-reassessment-20260916.md; link "../../../../CONTEXT.md")
        completed_dependency: prerequisite is recorded as completed [/Users/zoki/code/context/.scratch/records/session-orientation/issues/02-list-eligible-work.md] (from /Users/zoki/code/context/.scratch/records/session-orientation/issues/03-explain-blocking-decisions.md; link "02-list-eligible-work.md")
        acceptance_criteria_present: at least one nonempty acceptance criterion is authored [/Users/zoki/code/context/.scratch/records/session-orientation/issues/02-list-eligible-work.md] (from /Users/zoki/code/context/.scratch/records/session-orientation/issues/03-explain-blocking-decisions.md; link "02-list-eligible-work.md")
        no_blocking_decisions: Blocked by decisions explicitly declares none [/Users/zoki/code/context/.scratch/records/session-orientation/issues/02-list-eligible-work.md] (from /Users/zoki/code/context/.scratch/records/session-orientation/issues/03-explain-blocking-decisions.md; link "02-list-eligible-work.md")
        snapshot_changed: snapshot source differs from the recorded digest [/Users/zoki/code/context/CONTEXT.md] (from /Users/zoki/code/context/.scratch/records/session-orientation/acceptances/01-evidence-correction-20260916.md; link "../../../../CONTEXT.md")
        completed_dependency: prerequisite is recorded as completed [/Users/zoki/code/context/.scratch/records/session-orientation/issues/01-show-project-orientation.md] (from /Users/zoki/code/context/.scratch/records/session-orientation/issues/02-list-eligible-work.md; link "01-show-project-orientation.md")
        acceptance_criteria_present: at least one nonempty acceptance criterion is authored [/Users/zoki/code/context/.scratch/records/session-orientation/issues/01-show-project-orientation.md] (from /Users/zoki/code/context/.scratch/records/session-orientation/issues/02-list-eligible-work.md; link "01-show-project-orientation.md")
        no_blocking_decisions: Blocked by decisions explicitly declares none [/Users/zoki/code/context/.scratch/records/session-orientation/issues/01-show-project-orientation.md] (from /Users/zoki/code/context/.scratch/records/session-orientation/issues/02-list-eligible-work.md; link "01-show-project-orientation.md")
      Edge 2: status: fail; cycle: false
        From:
          List eligible work with reasons [940635b3-0697-45c6-804b-43f9ec1d3e58] /Users/zoki/code/context/.scratch/records/session-orientation/issues/02-list-eligible-work.md
        To:
          Show project orientation and work inventory [e1f2dcee-d054-4311-9719-a55e29f576f5] /Users/zoki/code/context/.scratch/records/session-orientation/issues/01-show-project-orientation.md (from /Users/zoki/code/context/.scratch/records/session-orientation/issues/02-list-eligible-work.md; link "01-show-project-orientation.md")
        snapshot_changed: snapshot source differs from the recorded digest [/Users/zoki/code/context/CONTEXT.md] (from /Users/zoki/code/context/.scratch/records/session-orientation/acceptances/01-evidence-correction-20260916.md; link "../../../../CONTEXT.md")
        completed_dependency: prerequisite is recorded as completed [/Users/zoki/code/context/.scratch/records/session-orientation/issues/01-show-project-orientation.md] (from /Users/zoki/code/context/.scratch/records/session-orientation/issues/02-list-eligible-work.md; link "01-show-project-orientation.md")
        acceptance_criteria_present: at least one nonempty acceptance criterion is authored [/Users/zoki/code/context/.scratch/records/session-orientation/issues/01-show-project-orientation.md] (from /Users/zoki/code/context/.scratch/records/session-orientation/issues/02-list-eligible-work.md; link "01-show-project-orientation.md")
        no_blocking_decisions: Blocked by decisions explicitly declares none [/Users/zoki/code/context/.scratch/records/session-orientation/issues/01-show-project-orientation.md] (from /Users/zoki/code/context/.scratch/records/session-orientation/issues/02-list-eligible-work.md; link "01-show-project-orientation.md")
        no_dependencies: Blocked by explicitly declares none [/Users/zoki/code/context/.scratch/records/session-orientation/issues/01-show-project-orientation.md]
    acceptance_criteria: pass
      acceptance_criteria_present: at least one nonempty acceptance criterion is authored [/Users/zoki/code/context/.scratch/records/session-orientation/issues/03-explain-blocking-decisions.md]
    required_context: pass
      required_context_available: all explicitly selected requirement and context sources are available [/Users/zoki/code/context/.scratch/records/session-orientation/issues/03-explain-blocking-decisions.md]
    dependencies: fail
      snapshot_changed: snapshot source differs from the recorded digest [/Users/zoki/code/context/CONTEXT.md] (from /Users/zoki/code/context/.scratch/records/session-orientation/acceptances/02-authoring-reassessment-20260916.md; link "../../../../CONTEXT.md")
      completed_dependency: prerequisite is recorded as completed [/Users/zoki/code/context/.scratch/records/session-orientation/issues/02-list-eligible-work.md] (from /Users/zoki/code/context/.scratch/records/session-orientation/issues/03-explain-blocking-decisions.md; link "02-list-eligible-work.md")
      acceptance_criteria_present: at least one nonempty acceptance criterion is authored [/Users/zoki/code/context/.scratch/records/session-orientation/issues/02-list-eligible-work.md] (from /Users/zoki/code/context/.scratch/records/session-orientation/issues/03-explain-blocking-decisions.md; link "02-list-eligible-work.md")
      no_blocking_decisions: Blocked by decisions explicitly declares none [/Users/zoki/code/context/.scratch/records/session-orientation/issues/02-list-eligible-work.md] (from /Users/zoki/code/context/.scratch/records/session-orientation/issues/03-explain-blocking-decisions.md; link "02-list-eligible-work.md")
      snapshot_changed: snapshot source differs from the recorded digest [/Users/zoki/code/context/CONTEXT.md] (from /Users/zoki/code/context/.scratch/records/session-orientation/acceptances/01-evidence-correction-20260916.md; link "../../../../CONTEXT.md")
      completed_dependency: prerequisite is recorded as completed [/Users/zoki/code/context/.scratch/records/session-orientation/issues/01-show-project-orientation.md] (from /Users/zoki/code/context/.scratch/records/session-orientation/issues/02-list-eligible-work.md; link "01-show-project-orientation.md")
      acceptance_criteria_present: at least one nonempty acceptance criterion is authored [/Users/zoki/code/context/.scratch/records/session-orientation/issues/01-show-project-orientation.md] (from /Users/zoki/code/context/.scratch/records/session-orientation/issues/02-list-eligible-work.md; link "01-show-project-orientation.md")
      no_blocking_decisions: Blocked by decisions explicitly declares none [/Users/zoki/code/context/.scratch/records/session-orientation/issues/01-show-project-orientation.md] (from /Users/zoki/code/context/.scratch/records/session-orientation/issues/02-list-eligible-work.md; link "01-show-project-orientation.md")
    blocking_decisions: pass
      no_blocking_decisions: Blocked by decisions explicitly declares none [/Users/zoki/code/context/.scratch/records/session-orientation/issues/03-explain-blocking-decisions.md]
    excluded: completed_work: work is recorded as completed [/Users/zoki/code/context/.scratch/records/session-orientation/issues/03-explain-blocking-decisions.md]
    excluded: not_committed: work is outside current commitments [/Users/zoki/code/context/.scratch/records/session-orientation/issues/03-explain-blocking-decisions.md]
    excluded: readiness_blocked: readiness is blocked; inspect its checks [/Users/zoki/code/context/.scratch/records/session-orientation/issues/03-explain-blocking-decisions.md]
    acceptance: stale
    acceptance check: fail
    Acceptance record:
      Acceptance: Explain blocking decisions [8deb81a9-683e-4998-a11b-9c2359aaeb59] /Users/zoki/code/context/.scratch/records/session-orientation/acceptances/03-authoring-reassessment-20260916.md (from /Users/zoki/code/context/.scratch/records/session-orientation/issues/03-explain-blocking-decisions.md; link "../acceptances/03-authoring-reassessment-20260916.md")
      actor: workflow Codex coordinating agent
      decided at: 2026-09-16T12:34:00.192134+00:00
      tested revision (historical): https://github.com/Zokiio/context working-tree:c69d818987541213e50858b979f3e33630ab0aa2; source-manifest-sha256:3e3e91507433fbdb31253dc4b6ca18256900b9c9fd5669584825041bcd25728b
      accepted fingerprint: version 1
      accepted ticketSHA256: ffa4180cc573c6352cc213aaa56de4adfc39d75b1ecec5469b185189b85440ea
      accepted criteriaSHA256: 3c94aba5ad46dc618aa1ae698eb278e42446ead5a0de0c9e21c6cb602439a6b5
    Human approvals: none recorded
    Requirements:
      Source:
        unknown [unknown] /Users/zoki/code/context/CONTEXT.md (from /Users/zoki/code/context/.scratch/records/session-orientation/acceptances/03-authoring-reassessment-20260916.md; link "../../../../CONTEXT.md")
        status: stale
        recordedSHA256: a003af0f4845f28fe14191dec210c7ceeabf6a5422fb51e7e0ee7e957d366a55
        currentSHA256: 15cd979f6af442fedec45fd3482741f0cd5362c45900151eab3e0cef452bf9b9
        snapshot_changed: snapshot source differs from the recorded digest [/Users/zoki/code/context/CONTEXT.md] (from /Users/zoki/code/context/.scratch/records/session-orientation/acceptances/03-authoring-reassessment-20260916.md; link "../../../../CONTEXT.md")
      Source:
        unknown [unknown] /Users/zoki/code/context/docs/adr/0001-one-okf-bundle-per-project.md (from /Users/zoki/code/context/.scratch/records/session-orientation/acceptances/03-authoring-reassessment-20260916.md; link "../../../../docs/adr/0001-one-okf-bundle-per-project.md")
        status: valid
        recordedSHA256: 44659df72bb86cf15968be3f8b9a838817b4e18d44e1dcfa5addb3793d9c92c5
        currentSHA256: 44659df72bb86cf15968be3f8b9a838817b4e18d44e1dcfa5addb3793d9c92c5
      Source:
        unknown [unknown] /Users/zoki/code/context/docs/adr/0002-work-relationships-in-markdown-sections.md (from /Users/zoki/code/context/.scratch/records/session-orientation/acceptances/03-authoring-reassessment-20260916.md; link "../../../../docs/adr/0002-work-relationships-in-markdown-sections.md")
        status: valid
        recordedSHA256: 4254ead8e1d55c05f27576151fd635f859a37ce2072022174fe09745440b152f
        currentSHA256: 4254ead8e1d55c05f27576151fd635f859a37ce2072022174fe09745440b152f
      Source:
        unknown [unknown] /Users/zoki/code/context/docs/agents/issue-tracker.md (from /Users/zoki/code/context/.scratch/records/session-orientation/acceptances/03-authoring-reassessment-20260916.md; link "../../../../docs/agents/issue-tracker.md")
        status: valid
        recordedSHA256: 5f8f038e1b33f595344b9a1a90d4d194331f83a5e88d6522c2e52844d77a21bb
        currentSHA256: 5f8f038e1b33f595344b9a1a90d4d194331f83a5e88d6522c2e52844d77a21bb
      Source:
        unknown [unknown] /Users/zoki/code/context/.scratch/session-orientation/spec.md (from /Users/zoki/code/context/.scratch/records/session-orientation/acceptances/03-authoring-reassessment-20260916.md; link "../../../session-orientation/spec.md")
        status: valid
        recordedSHA256: bc021e3cd30a4bf978a2d26d530e8b778bd4f8cb250feb6e00c6cce62a024279
        currentSHA256: bc021e3cd30a4bf978a2d26d530e8b778bd4f8cb250feb6e00c6cce62a024279
      Source:
        unknown [unknown] /Users/zoki/code/context/docs/agents/acceptance.md (from /Users/zoki/code/context/.scratch/records/session-orientation/acceptances/03-authoring-reassessment-20260916.md; link "../../../../docs/agents/acceptance.md")
        status: valid
        recordedSHA256: fbde78ab62733d1bbe091fba6a867f30f50076c819ee3b0783ac4dcd2d7bf654
        currentSHA256: fbde78ab62733d1bbe091fba6a867f30f50076c819ee3b0783ac4dcd2d7bf654
    Evidence:
      Source:
        unknown [unknown] /Users/zoki/code/context/.scratch/session-orientation/evidence/03-decisions.md (from /Users/zoki/code/context/.scratch/records/session-orientation/acceptances/03-authoring-reassessment-20260916.md; link "../../../session-orientation/evidence/03-decisions.md")
        status: valid
        recordedSHA256: b037cec2e8eb9a861306d5f15a53c89112d676cc8bdddb1a007a768d9f333df5
        currentSHA256: b037cec2e8eb9a861306d5f15a53c89112d676cc8bdddb1a007a768d9f333df5
      Source:
        unknown [unknown] /Users/zoki/code/context/.scratch/session-orientation/evidence/03-decisions-verification.json (from /Users/zoki/code/context/.scratch/records/session-orientation/acceptances/03-authoring-reassessment-20260916.md; link "../../../session-orientation/evidence/03-decisions-verification.json")
        status: valid
        recordedSHA256: 5598cd18458eda0cab666cec9400d9231858e250831d30891d12bfc70a390320
        currentSHA256: 5598cd18458eda0cab666cec9400d9231858e250831d30891d12bfc70a390320
      Source:
        unknown [unknown] /Users/zoki/code/context/.scratch/session-orientation/evidence/05-authoring-reassessment.md (from /Users/zoki/code/context/.scratch/records/session-orientation/acceptances/03-authoring-reassessment-20260916.md; link "../../../session-orientation/evidence/05-authoring-reassessment.md")
        status: valid
        recordedSHA256: dd3115b20544a2e8d548a421e9c342901b59f2861fb0a5d136ed4e85cfde13b5
        currentSHA256: dd3115b20544a2e8d548a421e9c342901b59f2861fb0a5d136ed4e85cfde13b5
      Source:
        unknown [unknown] /Users/zoki/code/context/.scratch/session-orientation/evidence/05-authoring-boundary.json (from /Users/zoki/code/context/.scratch/records/session-orientation/acceptances/03-authoring-reassessment-20260916.md; link "../../../session-orientation/evidence/05-authoring-boundary.json")
        status: valid
        recordedSHA256: a8709198454b3967ea8001dbe7bea3718cf222aca4b891ec18a115d1dcbd3142
        currentSHA256: a8709198454b3967ea8001dbe7bea3718cf222aca4b891ec18a115d1dcbd3142
      Source:
        unknown [unknown] /Users/zoki/code/context/.scratch/session-orientation/evidence/05-before-reassessment.json (from /Users/zoki/code/context/.scratch/records/session-orientation/acceptances/03-authoring-reassessment-20260916.md; link "../../../session-orientation/evidence/05-before-reassessment.json")
        status: valid
        recordedSHA256: 95042563f36a11e10b43302f92498f35db2abccc5c5c5af4056b01ca496d0d9e
        currentSHA256: 95042563f36a11e10b43302f92498f35db2abccc5c5c5af4056b01ca496d0d9e
      snapshot_changed: snapshot source differs from the recorded digest [/Users/zoki/code/context/CONTEXT.md] (from /Users/zoki/code/context/.scratch/records/session-orientation/acceptances/03-authoring-reassessment-20260916.md; link "../../../../CONTEXT.md")
    fingerprint: version 1
      ticketSHA256: ffa4180cc573c6352cc213aaa56de4adfc39d75b1ecec5469b185189b85440ea
      criteriaSHA256: 3c94aba5ad46dc618aa1ae698eb278e42446ead5a0de0c9e21c6cb602439a6b5
  Use discovery in reader commands [cab6f066-8afe-43cb-be4d-8238740e183a]
    source: /Users/zoki/code/context/.scratch/records/project-discovery/issues/03-integrate-cli.md
    identity ambiguous: false
    triage: ready-for-agent; execution: completed; lifecycle: stable
    committed: false; readiness: blocked; eligible: false
    Specifications:
      unknown [unknown] /Users/zoki/code/context/.scratch/project-discovery/spec.md (from /Users/zoki/code/context/.scratch/records/project-discovery/issues/03-integrate-cli.md; link "../../../project-discovery/spec.md")
    Dependency edges:
      Edge 1: status: fail; cycle: false
        From:
          Use discovery in reader commands [cab6f066-8afe-43cb-be4d-8238740e183a] /Users/zoki/code/context/.scratch/records/project-discovery/issues/03-integrate-cli.md
        To:
          Resolve scope from directories and aliases [9cb1ab9e-8d7c-4358-948f-1b928ab2472a] /Users/zoki/code/context/.scratch/records/project-discovery/issues/02-resolve-scope.md (from /Users/zoki/code/context/.scratch/records/project-discovery/issues/03-integrate-cli.md; link "02-resolve-scope.md")
        snapshot_changed: snapshot source differs from the recorded digest [/Users/zoki/code/context/CONTEXT.md] (from /Users/zoki/code/context/.scratch/records/project-discovery/acceptances/02-scope-20260917.md; link "../../../../CONTEXT.md")
        completed_dependency: prerequisite is recorded as completed [/Users/zoki/code/context/.scratch/records/project-discovery/issues/02-resolve-scope.md] (from /Users/zoki/code/context/.scratch/records/project-discovery/issues/03-integrate-cli.md; link "02-resolve-scope.md")
        acceptance_criteria_present: at least one nonempty acceptance criterion is authored [/Users/zoki/code/context/.scratch/records/project-discovery/issues/02-resolve-scope.md] (from /Users/zoki/code/context/.scratch/records/project-discovery/issues/03-integrate-cli.md; link "02-resolve-scope.md")
        no_blocking_decisions: Blocked by decisions explicitly declares none [/Users/zoki/code/context/.scratch/records/project-discovery/issues/02-resolve-scope.md] (from /Users/zoki/code/context/.scratch/records/project-discovery/issues/03-integrate-cli.md; link "02-resolve-scope.md")
        snapshot_changed: snapshot source differs from the recorded digest [/Users/zoki/code/context/CONTEXT.md] (from /Users/zoki/code/context/.scratch/records/project-discovery/acceptances/01-configuration-reassessed-20260917.md; link "../../../../CONTEXT.md")
        completed_dependency: prerequisite is recorded as completed [/Users/zoki/code/context/.scratch/records/project-discovery/issues/01-read-configuration.md] (from /Users/zoki/code/context/.scratch/records/project-discovery/issues/02-resolve-scope.md; link "01-read-configuration.md")
        acceptance_criteria_present: at least one nonempty acceptance criterion is authored [/Users/zoki/code/context/.scratch/records/project-discovery/issues/01-read-configuration.md] (from /Users/zoki/code/context/.scratch/records/project-discovery/issues/02-resolve-scope.md; link "01-read-configuration.md")
        no_blocking_decisions: Blocked by decisions explicitly declares none [/Users/zoki/code/context/.scratch/records/project-discovery/issues/01-read-configuration.md] (from /Users/zoki/code/context/.scratch/records/project-discovery/issues/02-resolve-scope.md; link "01-read-configuration.md")
      Edge 2: status: fail; cycle: false
        From:
          Resolve scope from directories and aliases [9cb1ab9e-8d7c-4358-948f-1b928ab2472a] /Users/zoki/code/context/.scratch/records/project-discovery/issues/02-resolve-scope.md
        To:
          Read discovery configuration [591c566c-1d96-4824-8cf0-aa775a69a35f] /Users/zoki/code/context/.scratch/records/project-discovery/issues/01-read-configuration.md (from /Users/zoki/code/context/.scratch/records/project-discovery/issues/02-resolve-scope.md; link "01-read-configuration.md")
        snapshot_changed: snapshot source differs from the recorded digest [/Users/zoki/code/context/CONTEXT.md] (from /Users/zoki/code/context/.scratch/records/project-discovery/acceptances/01-configuration-reassessed-20260917.md; link "../../../../CONTEXT.md")
        completed_dependency: prerequisite is recorded as completed [/Users/zoki/code/context/.scratch/records/project-discovery/issues/01-read-configuration.md] (from /Users/zoki/code/context/.scratch/records/project-discovery/issues/02-resolve-scope.md; link "01-read-configuration.md")
        acceptance_criteria_present: at least one nonempty acceptance criterion is authored [/Users/zoki/code/context/.scratch/records/project-discovery/issues/01-read-configuration.md] (from /Users/zoki/code/context/.scratch/records/project-discovery/issues/02-resolve-scope.md; link "01-read-configuration.md")
        no_blocking_decisions: Blocked by decisions explicitly declares none [/Users/zoki/code/context/.scratch/records/project-discovery/issues/01-read-configuration.md] (from /Users/zoki/code/context/.scratch/records/project-discovery/issues/02-resolve-scope.md; link "01-read-configuration.md")
        no_dependencies: Blocked by explicitly declares none [/Users/zoki/code/context/.scratch/records/project-discovery/issues/01-read-configuration.md]
    acceptance_criteria: pass
      acceptance_criteria_present: at least one nonempty acceptance criterion is authored [/Users/zoki/code/context/.scratch/records/project-discovery/issues/03-integrate-cli.md]
    required_context: pass
      required_context_available: all explicitly selected requirement and context sources are available [/Users/zoki/code/context/.scratch/records/project-discovery/issues/03-integrate-cli.md]
    dependencies: fail
      snapshot_changed: snapshot source differs from the recorded digest [/Users/zoki/code/context/CONTEXT.md] (from /Users/zoki/code/context/.scratch/records/project-discovery/acceptances/02-scope-20260917.md; link "../../../../CONTEXT.md")
      completed_dependency: prerequisite is recorded as completed [/Users/zoki/code/context/.scratch/records/project-discovery/issues/02-resolve-scope.md] (from /Users/zoki/code/context/.scratch/records/project-discovery/issues/03-integrate-cli.md; link "02-resolve-scope.md")
      acceptance_criteria_present: at least one nonempty acceptance criterion is authored [/Users/zoki/code/context/.scratch/records/project-discovery/issues/02-resolve-scope.md] (from /Users/zoki/code/context/.scratch/records/project-discovery/issues/03-integrate-cli.md; link "02-resolve-scope.md")
      no_blocking_decisions: Blocked by decisions explicitly declares none [/Users/zoki/code/context/.scratch/records/project-discovery/issues/02-resolve-scope.md] (from /Users/zoki/code/context/.scratch/records/project-discovery/issues/03-integrate-cli.md; link "02-resolve-scope.md")
      snapshot_changed: snapshot source differs from the recorded digest [/Users/zoki/code/context/CONTEXT.md] (from /Users/zoki/code/context/.scratch/records/project-discovery/acceptances/01-configuration-reassessed-20260917.md; link "../../../../CONTEXT.md")
      completed_dependency: prerequisite is recorded as completed [/Users/zoki/code/context/.scratch/records/project-discovery/issues/01-read-configuration.md] (from /Users/zoki/code/context/.scratch/records/project-discovery/issues/02-resolve-scope.md; link "01-read-configuration.md")
      acceptance_criteria_present: at least one nonempty acceptance criterion is authored [/Users/zoki/code/context/.scratch/records/project-discovery/issues/01-read-configuration.md] (from /Users/zoki/code/context/.scratch/records/project-discovery/issues/02-resolve-scope.md; link "01-read-configuration.md")
      no_blocking_decisions: Blocked by decisions explicitly declares none [/Users/zoki/code/context/.scratch/records/project-discovery/issues/01-read-configuration.md] (from /Users/zoki/code/context/.scratch/records/project-discovery/issues/02-resolve-scope.md; link "01-read-configuration.md")
    blocking_decisions: pass
      no_blocking_decisions: Blocked by decisions explicitly declares none [/Users/zoki/code/context/.scratch/records/project-discovery/issues/03-integrate-cli.md]
    excluded: completed_work: work is recorded as completed [/Users/zoki/code/context/.scratch/records/project-discovery/issues/03-integrate-cli.md]
    excluded: not_committed: work is outside current commitments [/Users/zoki/code/context/.scratch/records/project-discovery/issues/03-integrate-cli.md]
    excluded: readiness_blocked: readiness is blocked; inspect its checks [/Users/zoki/code/context/.scratch/records/project-discovery/issues/03-integrate-cli.md]
    acceptance: stale
    acceptance check: fail
    Acceptance record:
      Reader CLI acceptance [b756a0ba-0c91-4413-8cbd-355021c835dc] /Users/zoki/code/context/.scratch/records/project-discovery/acceptances/03-reader-cli-20260917.md (from /Users/zoki/code/context/.scratch/records/project-discovery/issues/03-integrate-cli.md; link "../acceptances/03-reader-cli-20260917.md")
      actor: workflow Codex agent /root/discovery_scope_cases
      decided at: 2026-09-17T01:01:02+02:00
      tested revision (historical): local repository 72dd8d7c203dbc14a45dab0f7347771246c5cb29
      accepted fingerprint: version 1
      accepted ticketSHA256: ff8a80b951d64d5b02982aa1033b71f1277dcebc2c369d0fa3d694972dc91012
      accepted criteriaSHA256: 06e218ab5bc16f518af53fdf7e82643971fbd57db0cbeca544e29432103b1e7a
    Human approvals: none recorded
    Requirements:
      Source:
        unknown [unknown] /Users/zoki/code/context/.scratch/project-discovery/spec.md (from /Users/zoki/code/context/.scratch/records/project-discovery/acceptances/03-reader-cli-20260917.md; link "../../../project-discovery/spec.md")
        status: valid
        recordedSHA256: d54c182412a9ee711e1b7a91e2a5ea6c4174dbd8567304ff44fa109a65c41d67
        currentSHA256: d54c182412a9ee711e1b7a91e2a5ea6c4174dbd8567304ff44fa109a65c41d67
      Source:
        unknown [unknown] /Users/zoki/code/context/docs/vision.md (from /Users/zoki/code/context/.scratch/records/project-discovery/acceptances/03-reader-cli-20260917.md; link "../../../../docs/vision.md")
        status: valid
        recordedSHA256: d8d7fb88699c3310cd5f489d6d44dbf342fe813c372c54485400f6765f5aa2e9
        currentSHA256: d8d7fb88699c3310cd5f489d6d44dbf342fe813c372c54485400f6765f5aa2e9
      Source:
        unknown [unknown] /Users/zoki/code/context/CONTEXT.md (from /Users/zoki/code/context/.scratch/records/project-discovery/acceptances/03-reader-cli-20260917.md; link "../../../../CONTEXT.md")
        status: stale
        recordedSHA256: a003af0f4845f28fe14191dec210c7ceeabf6a5422fb51e7e0ee7e957d366a55
        currentSHA256: 15cd979f6af442fedec45fd3482741f0cd5362c45900151eab3e0cef452bf9b9
        snapshot_changed: snapshot source differs from the recorded digest [/Users/zoki/code/context/CONTEXT.md] (from /Users/zoki/code/context/.scratch/records/project-discovery/acceptances/03-reader-cli-20260917.md; link "../../../../CONTEXT.md")
      Source:
        unknown [unknown] /Users/zoki/code/context/docs/adr/0004-directory-specific-project-selection.md (from /Users/zoki/code/context/.scratch/records/project-discovery/acceptances/03-reader-cli-20260917.md; link "../../../../docs/adr/0004-directory-specific-project-selection.md")
        status: valid
        recordedSHA256: efd4654de6c787345c341c26a0076fb605214b3d9aeecc3a1ec01f93752cefbf
        currentSHA256: efd4654de6c787345c341c26a0076fb605214b3d9aeecc3a1ec01f93752cefbf
      Source:
        unknown [unknown] /Users/zoki/code/context/docs/agents/acceptance.md (from /Users/zoki/code/context/.scratch/records/project-discovery/acceptances/03-reader-cli-20260917.md; link "../../../../docs/agents/acceptance.md")
        status: valid
        recordedSHA256: fbde78ab62733d1bbe091fba6a867f30f50076c819ee3b0783ac4dcd2d7bf654
        currentSHA256: fbde78ab62733d1bbe091fba6a867f30f50076c819ee3b0783ac4dcd2d7bf654
    Evidence:
      Source:
        unknown [unknown] /Users/zoki/code/context/.scratch/project-discovery/evidence/03-reader-cli-verification.md (from /Users/zoki/code/context/.scratch/records/project-discovery/acceptances/03-reader-cli-20260917.md; link "../../../project-discovery/evidence/03-reader-cli-verification.md")
        status: valid
        recordedSHA256: b330705c728565800e7701810f76dd04e298c5455f80b6ef1ecd428048797298
        currentSHA256: b330705c728565800e7701810f76dd04e298c5455f80b6ef1ecd428048797298
      snapshot_changed: snapshot source differs from the recorded digest [/Users/zoki/code/context/CONTEXT.md] (from /Users/zoki/code/context/.scratch/records/project-discovery/acceptances/03-reader-cli-20260917.md; link "../../../../CONTEXT.md")
    fingerprint: version 1
      ticketSHA256: ff8a80b951d64d5b02982aa1033b71f1277dcebc2c369d0fa3d694972dc91012
      criteriaSHA256: 06e218ab5bc16f518af53fdf7e82643971fbd57db0cbeca544e29432103b1e7a
  Show project orientation and work inventory [e1f2dcee-d054-4311-9719-a55e29f576f5]
    source: /Users/zoki/code/context/.scratch/records/session-orientation/issues/01-show-project-orientation.md
    identity ambiguous: false
    triage: ready-for-agent; execution: completed; lifecycle: stable
    committed: false; readiness: ready; eligible: false
    Specifications:
      unknown [unknown] /Users/zoki/code/context/.scratch/session-orientation/spec.md (from /Users/zoki/code/context/.scratch/records/session-orientation/issues/01-show-project-orientation.md; link "../../../session-orientation/spec.md")
    Dependency edges: none observed
    acceptance_criteria: pass
      acceptance_criteria_present: at least one nonempty acceptance criterion is authored [/Users/zoki/code/context/.scratch/records/session-orientation/issues/01-show-project-orientation.md]
    required_context: pass
      required_context_available: all explicitly selected requirement and context sources are available [/Users/zoki/code/context/.scratch/records/session-orientation/issues/01-show-project-orientation.md]
    dependencies: pass
      no_dependencies: Blocked by explicitly declares none [/Users/zoki/code/context/.scratch/records/session-orientation/issues/01-show-project-orientation.md]
    blocking_decisions: pass
      no_blocking_decisions: Blocked by decisions explicitly declares none [/Users/zoki/code/context/.scratch/records/session-orientation/issues/01-show-project-orientation.md]
    excluded: completed_work: work is recorded as completed [/Users/zoki/code/context/.scratch/records/session-orientation/issues/01-show-project-orientation.md]
    excluded: not_committed: work is outside current commitments [/Users/zoki/code/context/.scratch/records/session-orientation/issues/01-show-project-orientation.md]
    acceptance: stale
    acceptance check: fail
    Acceptance record:
      Acceptance: Show project orientation and work inventory [6b759b18-b43d-475b-bf3a-4f366558ec04] /Users/zoki/code/context/.scratch/records/session-orientation/acceptances/01-evidence-correction-20260916.md (from /Users/zoki/code/context/.scratch/records/session-orientation/issues/01-show-project-orientation.md; link "../acceptances/01-evidence-correction-20260916.md")
      actor: workflow Codex coordinating agent
      decided at: 2026-09-16T13:32:43.826042+00:00
      tested revision (historical): https://github.com/Zokiio/context working-tree:0808609e8de4ad1d80c52cadd8fd0b6fca31ac0d; source-manifest-sha256:f563c18a919db748d6e9183fba027361ce45289351e38d190401847a6bef4ad0
      accepted fingerprint: version 1
      accepted ticketSHA256: cc1d01783a88aa22eb8a379aef5a3b1c3180a087a0977b5ae90cad3a1635c846
      accepted criteriaSHA256: 2bb3507aa7ed43247ce49e7ac363a2fca2978cfbbdd829ad2ea7c288d95870a5
    Human approvals: none recorded
    Requirements:
      Source:
        unknown [unknown] /Users/zoki/code/context/docs/vision.md (from /Users/zoki/code/context/.scratch/records/session-orientation/acceptances/01-evidence-correction-20260916.md; link "../../../../docs/vision.md")
        status: valid
        recordedSHA256: d8d7fb88699c3310cd5f489d6d44dbf342fe813c372c54485400f6765f5aa2e9
        currentSHA256: d8d7fb88699c3310cd5f489d6d44dbf342fe813c372c54485400f6765f5aa2e9
      Source:
        unknown [unknown] /Users/zoki/code/context/.scratch/session-orientation/spec.md (from /Users/zoki/code/context/.scratch/records/session-orientation/acceptances/01-evidence-correction-20260916.md; link "../../../session-orientation/spec.md")
        status: valid
        recordedSHA256: bc021e3cd30a4bf978a2d26d530e8b778bd4f8cb250feb6e00c6cce62a024279
        currentSHA256: bc021e3cd30a4bf978a2d26d530e8b778bd4f8cb250feb6e00c6cce62a024279
      Source:
        unknown [unknown] /Users/zoki/code/context/.scratch/context-reader/spec.md (from /Users/zoki/code/context/.scratch/records/session-orientation/acceptances/01-evidence-correction-20260916.md; link "../../../context-reader/spec.md")
        status: valid
        recordedSHA256: 2faf878a2442bfa5fd521ae0511af6bb685dbeb93c0885323a37ae1a18a71f37
        currentSHA256: 2faf878a2442bfa5fd521ae0511af6bb685dbeb93c0885323a37ae1a18a71f37
      Source:
        unknown [unknown] /Users/zoki/code/context/CONTEXT.md (from /Users/zoki/code/context/.scratch/records/session-orientation/acceptances/01-evidence-correction-20260916.md; link "../../../../CONTEXT.md")
        status: stale
        recordedSHA256: a003af0f4845f28fe14191dec210c7ceeabf6a5422fb51e7e0ee7e957d366a55
        currentSHA256: 15cd979f6af442fedec45fd3482741f0cd5362c45900151eab3e0cef452bf9b9
        snapshot_changed: snapshot source differs from the recorded digest [/Users/zoki/code/context/CONTEXT.md] (from /Users/zoki/code/context/.scratch/records/session-orientation/acceptances/01-evidence-correction-20260916.md; link "../../../../CONTEXT.md")
      Source:
        unknown [unknown] /Users/zoki/code/context/docs/adr/0001-one-okf-bundle-per-project.md (from /Users/zoki/code/context/.scratch/records/session-orientation/acceptances/01-evidence-correction-20260916.md; link "../../../../docs/adr/0001-one-okf-bundle-per-project.md")
        status: valid
        recordedSHA256: 44659df72bb86cf15968be3f8b9a838817b4e18d44e1dcfa5addb3793d9c92c5
        currentSHA256: 44659df72bb86cf15968be3f8b9a838817b4e18d44e1dcfa5addb3793d9c92c5
      Source:
        unknown [unknown] /Users/zoki/code/context/docs/adr/0002-work-relationships-in-markdown-sections.md (from /Users/zoki/code/context/.scratch/records/session-orientation/acceptances/01-evidence-correction-20260916.md; link "../../../../docs/adr/0002-work-relationships-in-markdown-sections.md")
        status: valid
        recordedSHA256: 4254ead8e1d55c05f27576151fd635f859a37ce2072022174fe09745440b152f
        currentSHA256: 4254ead8e1d55c05f27576151fd635f859a37ce2072022174fe09745440b152f
      Source:
        unknown [unknown] /Users/zoki/code/context/docs/agents/issue-tracker.md (from /Users/zoki/code/context/.scratch/records/session-orientation/acceptances/01-evidence-correction-20260916.md; link "../../../../docs/agents/issue-tracker.md")
        status: valid
        recordedSHA256: 5f8f038e1b33f595344b9a1a90d4d194331f83a5e88d6522c2e52844d77a21bb
        currentSHA256: 5f8f038e1b33f595344b9a1a90d4d194331f83a5e88d6522c2e52844d77a21bb
      Source:
        unknown [unknown] /Users/zoki/code/context/docs/adr/0003-recorded-acceptance-for-readiness.md (from /Users/zoki/code/context/.scratch/records/session-orientation/acceptances/01-evidence-correction-20260916.md; link "../../../../docs/adr/0003-recorded-acceptance-for-readiness.md")
        status: valid
        recordedSHA256: 84778cb881c73f7ebbe5cc58a9acbb9c1212e1dd421d863d04f1efe021efdc56
        currentSHA256: 84778cb881c73f7ebbe5cc58a9acbb9c1212e1dd421d863d04f1efe021efdc56
      Source:
        unknown [unknown] /Users/zoki/code/context/docs/agents/acceptance.md (from /Users/zoki/code/context/.scratch/records/session-orientation/acceptances/01-evidence-correction-20260916.md; link "../../../../docs/agents/acceptance.md")
        status: valid
        recordedSHA256: fbde78ab62733d1bbe091fba6a867f30f50076c819ee3b0783ac4dcd2d7bf654
        currentSHA256: fbde78ab62733d1bbe091fba6a867f30f50076c819ee3b0783ac4dcd2d7bf654
    Evidence:
      Source:
        unknown [unknown] /Users/zoki/code/context/.scratch/session-orientation/evidence/01-overview.md (from /Users/zoki/code/context/.scratch/records/session-orientation/acceptances/01-evidence-correction-20260916.md; link "../../../session-orientation/evidence/01-overview.md")
        status: valid
        recordedSHA256: d9809a41f41b657818f8071a6bf7303ac78ac4eef4dc97c70d0b0a3f66a34179
        currentSHA256: d9809a41f41b657818f8071a6bf7303ac78ac4eef4dc97c70d0b0a3f66a34179
      Source:
        unknown [unknown] /Users/zoki/code/context/.scratch/session-orientation/evidence/01-overview-verification.json (from /Users/zoki/code/context/.scratch/records/session-orientation/acceptances/01-evidence-correction-20260916.md; link "../../../session-orientation/evidence/01-overview-verification.json")
        status: valid
        recordedSHA256: d1c88e2ba828e9b561945ebd38e380887043a6226bbbe43d1cbf7aacaac170fc
        currentSHA256: d1c88e2ba828e9b561945ebd38e380887043a6226bbbe43d1cbf7aacaac170fc
      Source:
        unknown [unknown] /Users/zoki/code/context/.scratch/session-orientation/evidence/01-context-compatibility-review.md (from /Users/zoki/code/context/.scratch/records/session-orientation/acceptances/01-evidence-correction-20260916.md; link "../../../session-orientation/evidence/01-context-compatibility-review.md")
        status: valid
        recordedSHA256: aac821c278fd447fd12e679f76d8fa132e27f43ef22778d588f4fac0ccc2d738
        currentSHA256: aac821c278fd447fd12e679f76d8fa132e27f43ef22778d588f4fac0ccc2d738
      Source:
        unknown [unknown] /Users/zoki/code/context/.scratch/session-orientation/evidence/05-authoring-reassessment.md (from /Users/zoki/code/context/.scratch/records/session-orientation/acceptances/01-evidence-correction-20260916.md; link "../../../session-orientation/evidence/05-authoring-reassessment.md")
        status: valid
        recordedSHA256: dd3115b20544a2e8d548a421e9c342901b59f2861fb0a5d136ed4e85cfde13b5
        currentSHA256: dd3115b20544a2e8d548a421e9c342901b59f2861fb0a5d136ed4e85cfde13b5
      Source:
        unknown [unknown] /Users/zoki/code/context/.scratch/session-orientation/evidence/05-authoring-boundary.json (from /Users/zoki/code/context/.scratch/records/session-orientation/acceptances/01-evidence-correction-20260916.md; link "../../../session-orientation/evidence/05-authoring-boundary.json")
        status: valid
        recordedSHA256: a8709198454b3967ea8001dbe7bea3718cf222aca4b891ec18a115d1dcbd3142
        currentSHA256: a8709198454b3967ea8001dbe7bea3718cf222aca4b891ec18a115d1dcbd3142
      Source:
        unknown [unknown] /Users/zoki/code/context/.scratch/session-orientation/evidence/05-before-reassessment.json (from /Users/zoki/code/context/.scratch/records/session-orientation/acceptances/01-evidence-correction-20260916.md; link "../../../session-orientation/evidence/05-before-reassessment.json")
        status: valid
        recordedSHA256: 95042563f36a11e10b43302f92498f35db2abccc5c5c5af4056b01ca496d0d9e
        currentSHA256: 95042563f36a11e10b43302f92498f35db2abccc5c5c5af4056b01ca496d0d9e
      Source:
        unknown [unknown] /Users/zoki/code/context/.scratch/session-orientation/evidence/review.md (from /Users/zoki/code/context/.scratch/records/session-orientation/acceptances/01-evidence-correction-20260916.md; link "../../../session-orientation/evidence/review.md")
        status: valid
        recordedSHA256: 6ee7c23efe495995a723902f946575b1dc3408286a43843705633e7a7608e255
        currentSHA256: 6ee7c23efe495995a723902f946575b1dc3408286a43843705633e7a7608e255
      Source:
        unknown [unknown] /Users/zoki/code/context/.scratch/session-orientation/evidence/review-core-regressions.json (from /Users/zoki/code/context/.scratch/records/session-orientation/acceptances/01-evidence-correction-20260916.md; link "../../../session-orientation/evidence/review-core-regressions.json")
        status: valid
        recordedSHA256: d3045c76767c439f30681aecb3c3f35a17e8f238882f560989ad6589b0e5dd7a
        currentSHA256: d3045c76767c439f30681aecb3c3f35a17e8f238882f560989ad6589b0e5dd7a
      Source:
        unknown [unknown] /Users/zoki/code/context/.scratch/session-orientation/evidence/review-spec-fix-verification.json (from /Users/zoki/code/context/.scratch/records/session-orientation/acceptances/01-evidence-correction-20260916.md; link "../../../session-orientation/evidence/review-spec-fix-verification.json")
        status: valid
        recordedSHA256: cd3db4a9e26d8d8fae527e791d9e960690485e96d93b16aa028e9baf52a0d075
        currentSHA256: cd3db4a9e26d8d8fae527e791d9e960690485e96d93b16aa028e9baf52a0d075
      Source:
        unknown [unknown] /Users/zoki/code/context/.scratch/session-orientation/evidence/review-reassessment-corrected.md (from /Users/zoki/code/context/.scratch/records/session-orientation/acceptances/01-evidence-correction-20260916.md; link "../../../session-orientation/evidence/review-reassessment-corrected.md")
        status: valid
        recordedSHA256: 34c14226bd542968bda2b219d3abaca2355425a2dc3d8427d26b00cf22a95304
        currentSHA256: 34c14226bd542968bda2b219d3abaca2355425a2dc3d8427d26b00cf22a95304
      Source:
        unknown [unknown] /Users/zoki/code/context/.scratch/session-orientation/evidence/review-cli-flags/red.txt (from /Users/zoki/code/context/.scratch/records/session-orientation/acceptances/01-evidence-correction-20260916.md; link "../../../session-orientation/evidence/review-cli-flags/red.txt")
        status: valid
        recordedSHA256: 669b6a1674e8e1efc37e51cb25582563a20ff789ac515e0bc180e86ce26cb3c9
        currentSHA256: 669b6a1674e8e1efc37e51cb25582563a20ff789ac515e0bc180e86ce26cb3c9
      Source:
        unknown [unknown] /Users/zoki/code/context/.scratch/session-orientation/evidence/review-cli-flags/green.txt (from /Users/zoki/code/context/.scratch/records/session-orientation/acceptances/01-evidence-correction-20260916.md; link "../../../session-orientation/evidence/review-cli-flags/green.txt")
        status: valid
        recordedSHA256: eea020b7333174cf4aa69a723a0d91145c8cc3930c874cd4c87fca780a71ff07
        currentSHA256: eea020b7333174cf4aa69a723a0d91145c8cc3930c874cd4c87fca780a71ff07
      Source:
        unknown [unknown] /Users/zoki/code/context/.scratch/session-orientation/evidence/review-cli-flags/cli-suite.txt (from /Users/zoki/code/context/.scratch/records/session-orientation/acceptances/01-evidence-correction-20260916.md; link "../../../session-orientation/evidence/review-cli-flags/cli-suite.txt")
        status: valid
        recordedSHA256: 61000a84b0dbc6ff3874b1a7239db8ab61b95a3c5b0a4da8fe630d0bafb038a1
        currentSHA256: 61000a84b0dbc6ff3874b1a7239db8ab61b95a3c5b0a4da8fe630d0bafb038a1
      Source:
        unknown [unknown] /Users/zoki/code/context/.scratch/session-orientation/evidence/07-preflight-verification.json (from /Users/zoki/code/context/.scratch/records/session-orientation/acceptances/01-evidence-correction-20260916.md; link "../../../session-orientation/evidence/07-preflight-verification.json")
        status: valid
        recordedSHA256: c9e68e16b75a450daf6d13fbb8ed36eb6db2daca0bf94a346bc8df2a2954e7e0
        currentSHA256: c9e68e16b75a450daf6d13fbb8ed36eb6db2daca0bf94a346bc8df2a2954e7e0
      snapshot_changed: snapshot source differs from the recorded digest [/Users/zoki/code/context/CONTEXT.md] (from /Users/zoki/code/context/.scratch/records/session-orientation/acceptances/01-evidence-correction-20260916.md; link "../../../../CONTEXT.md")
    fingerprint: version 1
      ticketSHA256: cc1d01783a88aa22eb8a379aef5a3b1c3180a087a0977b5ae90cad3a1635c846
      criteriaSHA256: 2bb3507aa7ed43247ce49e7ac363a2fca2978cfbbdd829ad2ea7c288d95870a5
  Bound collection and verify a real-task workflow [e8f40c26-843e-4983-a7c4-279aed609f6f]
    source: /Users/zoki/code/context/.scratch/records/context-reader/issues/05-bound-context-collection.md
    identity ambiguous: false
    triage: ready-for-agent; execution: completed; lifecycle: stable
    committed: false; readiness: blocked; eligible: false
    Specifications:
      unknown [unknown] /Users/zoki/code/context/.scratch/context-reader/spec.md (from /Users/zoki/code/context/.scratch/records/context-reader/issues/05-bound-context-collection.md; link "../../../context-reader/spec.md")
    Dependency edges:
      Edge 1: status: fail; cycle: false
        From:
          Bound collection and verify a real-task workflow [e8f40c26-843e-4983-a7c4-279aed609f6f] /Users/zoki/code/context/.scratch/records/context-reader/issues/05-bound-context-collection.md
        To:
          Follow blocker tickets recursively [162ad558-91e5-4c0b-b0b9-b8af2bfcc903] /Users/zoki/code/context/.scratch/records/context-reader/issues/03-follow-blocker-tickets.md (from /Users/zoki/code/context/.scratch/records/context-reader/issues/05-bound-context-collection.md; link "03-follow-blocker-tickets.md")
        snapshot_changed: snapshot source differs from the recorded digest [/Users/zoki/code/context/CONTEXT.md] (from /Users/zoki/code/context/.scratch/records/context-reader/acceptances/03-follow-blocker-tickets-migration-20260916.md; link "../../../../CONTEXT.md")
        completed_dependency: prerequisite is recorded as completed [/Users/zoki/code/context/.scratch/records/context-reader/issues/03-follow-blocker-tickets.md] (from /Users/zoki/code/context/.scratch/records/context-reader/issues/05-bound-context-collection.md; link "03-follow-blocker-tickets.md")
        acceptance_criteria_present: at least one nonempty acceptance criterion is authored [/Users/zoki/code/context/.scratch/records/context-reader/issues/03-follow-blocker-tickets.md] (from /Users/zoki/code/context/.scratch/records/context-reader/issues/05-bound-context-collection.md; link "03-follow-blocker-tickets.md")
        no_blocking_decisions: Blocked by decisions explicitly declares none [/Users/zoki/code/context/.scratch/records/context-reader/issues/03-follow-blocker-tickets.md] (from /Users/zoki/code/context/.scratch/records/context-reader/issues/05-bound-context-collection.md; link "03-follow-blocker-tickets.md")
        snapshot_changed: snapshot source differs from the recorded digest [/Users/zoki/code/context/CONTEXT.md] (from /Users/zoki/code/context/.scratch/records/context-reader/acceptances/02-include-project-documents-migration-20260916.md; link "../../../../CONTEXT.md")
        completed_dependency: prerequisite is recorded as completed [/Users/zoki/code/context/.scratch/records/context-reader/issues/02-include-project-documents.md] (from /Users/zoki/code/context/.scratch/records/context-reader/issues/03-follow-blocker-tickets.md; link "02-include-project-documents.md")
        acceptance_criteria_present: at least one nonempty acceptance criterion is authored [/Users/zoki/code/context/.scratch/records/context-reader/issues/02-include-project-documents.md] (from /Users/zoki/code/context/.scratch/records/context-reader/issues/03-follow-blocker-tickets.md; link "02-include-project-documents.md")
        no_blocking_decisions: Blocked by decisions explicitly declares none [/Users/zoki/code/context/.scratch/records/context-reader/issues/02-include-project-documents.md] (from /Users/zoki/code/context/.scratch/records/context-reader/issues/03-follow-blocker-tickets.md; link "02-include-project-documents.md")
        snapshot_changed: snapshot source differs from the recorded digest [/Users/zoki/code/context/CONTEXT.md] (from /Users/zoki/code/context/.scratch/records/context-reader/acceptances/01-read-okf-ticket-migration-20260916.md; link "../../../../CONTEXT.md")
        completed_dependency: prerequisite is recorded as completed [/Users/zoki/code/context/.scratch/records/context-reader/issues/01-read-okf-ticket.md] (from /Users/zoki/code/context/.scratch/records/context-reader/issues/02-include-project-documents.md; link "01-read-okf-ticket.md")
        acceptance_criteria_present: at least one nonempty acceptance criterion is authored [/Users/zoki/code/context/.scratch/records/context-reader/issues/01-read-okf-ticket.md] (from /Users/zoki/code/context/.scratch/records/context-reader/issues/02-include-project-documents.md; link "01-read-okf-ticket.md")
        no_blocking_decisions: Blocked by decisions explicitly declares none [/Users/zoki/code/context/.scratch/records/context-reader/issues/01-read-okf-ticket.md] (from /Users/zoki/code/context/.scratch/records/context-reader/issues/02-include-project-documents.md; link "01-read-okf-ticket.md")
      Edge 2: status: fail; cycle: false
        From:
          Follow blocker tickets recursively [162ad558-91e5-4c0b-b0b9-b8af2bfcc903] /Users/zoki/code/context/.scratch/records/context-reader/issues/03-follow-blocker-tickets.md
        To:
          Include linked project documents [f49ee233-f7d0-4266-92d1-f354df72a604] /Users/zoki/code/context/.scratch/records/context-reader/issues/02-include-project-documents.md (from /Users/zoki/code/context/.scratch/records/context-reader/issues/03-follow-blocker-tickets.md; link "02-include-project-documents.md")
        snapshot_changed: snapshot source differs from the recorded digest [/Users/zoki/code/context/CONTEXT.md] (from /Users/zoki/code/context/.scratch/records/context-reader/acceptances/02-include-project-documents-migration-20260916.md; link "../../../../CONTEXT.md")
        completed_dependency: prerequisite is recorded as completed [/Users/zoki/code/context/.scratch/records/context-reader/issues/02-include-project-documents.md] (from /Users/zoki/code/context/.scratch/records/context-reader/issues/03-follow-blocker-tickets.md; link "02-include-project-documents.md")
        acceptance_criteria_present: at least one nonempty acceptance criterion is authored [/Users/zoki/code/context/.scratch/records/context-reader/issues/02-include-project-documents.md] (from /Users/zoki/code/context/.scratch/records/context-reader/issues/03-follow-blocker-tickets.md; link "02-include-project-documents.md")
        no_blocking_decisions: Blocked by decisions explicitly declares none [/Users/zoki/code/context/.scratch/records/context-reader/issues/02-include-project-documents.md] (from /Users/zoki/code/context/.scratch/records/context-reader/issues/03-follow-blocker-tickets.md; link "02-include-project-documents.md")
        snapshot_changed: snapshot source differs from the recorded digest [/Users/zoki/code/context/CONTEXT.md] (from /Users/zoki/code/context/.scratch/records/context-reader/acceptances/01-read-okf-ticket-migration-20260916.md; link "../../../../CONTEXT.md")
        completed_dependency: prerequisite is recorded as completed [/Users/zoki/code/context/.scratch/records/context-reader/issues/01-read-okf-ticket.md] (from /Users/zoki/code/context/.scratch/records/context-reader/issues/02-include-project-documents.md; link "01-read-okf-ticket.md")
        acceptance_criteria_present: at least one nonempty acceptance criterion is authored [/Users/zoki/code/context/.scratch/records/context-reader/issues/01-read-okf-ticket.md] (from /Users/zoki/code/context/.scratch/records/context-reader/issues/02-include-project-documents.md; link "01-read-okf-ticket.md")
        no_blocking_decisions: Blocked by decisions explicitly declares none [/Users/zoki/code/context/.scratch/records/context-reader/issues/01-read-okf-ticket.md] (from /Users/zoki/code/context/.scratch/records/context-reader/issues/02-include-project-documents.md; link "01-read-okf-ticket.md")
      Edge 3: status: fail; cycle: false
        From:
          Include linked project documents [f49ee233-f7d0-4266-92d1-f354df72a604] /Users/zoki/code/context/.scratch/records/context-reader/issues/02-include-project-documents.md
        To:
          Read an OKF ticket as JSON context [bcbad059-f0b1-401b-99e1-3fdc468db8fb] /Users/zoki/code/context/.scratch/records/context-reader/issues/01-read-okf-ticket.md (from /Users/zoki/code/context/.scratch/records/context-reader/issues/02-include-project-documents.md; link "01-read-okf-ticket.md")
        snapshot_changed: snapshot source differs from the recorded digest [/Users/zoki/code/context/CONTEXT.md] (from /Users/zoki/code/context/.scratch/records/context-reader/acceptances/01-read-okf-ticket-migration-20260916.md; link "../../../../CONTEXT.md")
        completed_dependency: prerequisite is recorded as completed [/Users/zoki/code/context/.scratch/records/context-reader/issues/01-read-okf-ticket.md] (from /Users/zoki/code/context/.scratch/records/context-reader/issues/02-include-project-documents.md; link "01-read-okf-ticket.md")
        acceptance_criteria_present: at least one nonempty acceptance criterion is authored [/Users/zoki/code/context/.scratch/records/context-reader/issues/01-read-okf-ticket.md] (from /Users/zoki/code/context/.scratch/records/context-reader/issues/02-include-project-documents.md; link "01-read-okf-ticket.md")
        no_blocking_decisions: Blocked by decisions explicitly declares none [/Users/zoki/code/context/.scratch/records/context-reader/issues/01-read-okf-ticket.md] (from /Users/zoki/code/context/.scratch/records/context-reader/issues/02-include-project-documents.md; link "01-read-okf-ticket.md")
        no_dependencies: Blocked by explicitly declares none [/Users/zoki/code/context/.scratch/records/context-reader/issues/01-read-okf-ticket.md]
      Edge 4: status: fail; cycle: false
        From:
          Bound collection and verify a real-task workflow [e8f40c26-843e-4983-a7c4-279aed609f6f] /Users/zoki/code/context/.scratch/records/context-reader/issues/05-bound-context-collection.md
        To:
          Allow authorized external context [0981e1d0-7916-45cb-9639-e23ac004f6d7] /Users/zoki/code/context/.scratch/records/context-reader/issues/04-allow-external-context.md (from /Users/zoki/code/context/.scratch/records/context-reader/issues/05-bound-context-collection.md; link "04-allow-external-context.md")
        snapshot_changed: snapshot source differs from the recorded digest [/Users/zoki/code/context/CONTEXT.md] (from /Users/zoki/code/context/.scratch/records/context-reader/acceptances/04-allow-external-context-migration-20260916.md; link "../../../../CONTEXT.md")
        completed_dependency: prerequisite is recorded as completed [/Users/zoki/code/context/.scratch/records/context-reader/issues/04-allow-external-context.md] (from /Users/zoki/code/context/.scratch/records/context-reader/issues/05-bound-context-collection.md; link "04-allow-external-context.md")
        acceptance_criteria_present: at least one nonempty acceptance criterion is authored [/Users/zoki/code/context/.scratch/records/context-reader/issues/04-allow-external-context.md] (from /Users/zoki/code/context/.scratch/records/context-reader/issues/05-bound-context-collection.md; link "04-allow-external-context.md")
        no_blocking_decisions: Blocked by decisions explicitly declares none [/Users/zoki/code/context/.scratch/records/context-reader/issues/04-allow-external-context.md] (from /Users/zoki/code/context/.scratch/records/context-reader/issues/05-bound-context-collection.md; link "04-allow-external-context.md")
        snapshot_changed: snapshot source differs from the recorded digest [/Users/zoki/code/context/CONTEXT.md] (from /Users/zoki/code/context/.scratch/records/context-reader/acceptances/02-include-project-documents-migration-20260916.md; link "../../../../CONTEXT.md")
        completed_dependency: prerequisite is recorded as completed [/Users/zoki/code/context/.scratch/records/context-reader/issues/02-include-project-documents.md] (from /Users/zoki/code/context/.scratch/records/context-reader/issues/04-allow-external-context.md; link "02-include-project-documents.md")
        acceptance_criteria_present: at least one nonempty acceptance criterion is authored [/Users/zoki/code/context/.scratch/records/context-reader/issues/02-include-project-documents.md] (from /Users/zoki/code/context/.scratch/records/context-reader/issues/04-allow-external-context.md; link "02-include-project-documents.md")
        no_blocking_decisions: Blocked by decisions explicitly declares none [/Users/zoki/code/context/.scratch/records/context-reader/issues/02-include-project-documents.md] (from /Users/zoki/code/context/.scratch/records/context-reader/issues/04-allow-external-context.md; link "02-include-project-documents.md")
        snapshot_changed: snapshot source differs from the recorded digest [/Users/zoki/code/context/CONTEXT.md] (from /Users/zoki/code/context/.scratch/records/context-reader/acceptances/01-read-okf-ticket-migration-20260916.md; link "../../../../CONTEXT.md")
        completed_dependency: prerequisite is recorded as completed [/Users/zoki/code/context/.scratch/records/context-reader/issues/01-read-okf-ticket.md] (from /Users/zoki/code/context/.scratch/records/context-reader/issues/02-include-project-documents.md; link "01-read-okf-ticket.md")
        acceptance_criteria_present: at least one nonempty acceptance criterion is authored [/Users/zoki/code/context/.scratch/records/context-reader/issues/01-read-okf-ticket.md] (from /Users/zoki/code/context/.scratch/records/context-reader/issues/02-include-project-documents.md; link "01-read-okf-ticket.md")
        no_blocking_decisions: Blocked by decisions explicitly declares none [/Users/zoki/code/context/.scratch/records/context-reader/issues/01-read-okf-ticket.md] (from /Users/zoki/code/context/.scratch/records/context-reader/issues/02-include-project-documents.md; link "01-read-okf-ticket.md")
      Edge 5: status: fail; cycle: false
        From:
          Allow authorized external context [0981e1d0-7916-45cb-9639-e23ac004f6d7] /Users/zoki/code/context/.scratch/records/context-reader/issues/04-allow-external-context.md
        To:
          Include linked project documents [f49ee233-f7d0-4266-92d1-f354df72a604] /Users/zoki/code/context/.scratch/records/context-reader/issues/02-include-project-documents.md (from /Users/zoki/code/context/.scratch/records/context-reader/issues/04-allow-external-context.md; link "02-include-project-documents.md")
        snapshot_changed: snapshot source differs from the recorded digest [/Users/zoki/code/context/CONTEXT.md] (from /Users/zoki/code/context/.scratch/records/context-reader/acceptances/02-include-project-documents-migration-20260916.md; link "../../../../CONTEXT.md")
        completed_dependency: prerequisite is recorded as completed [/Users/zoki/code/context/.scratch/records/context-reader/issues/02-include-project-documents.md] (from /Users/zoki/code/context/.scratch/records/context-reader/issues/04-allow-external-context.md; link "02-include-project-documents.md")
        acceptance_criteria_present: at least one nonempty acceptance criterion is authored [/Users/zoki/code/context/.scratch/records/context-reader/issues/02-include-project-documents.md] (from /Users/zoki/code/context/.scratch/records/context-reader/issues/04-allow-external-context.md; link "02-include-project-documents.md")
        no_blocking_decisions: Blocked by decisions explicitly declares none [/Users/zoki/code/context/.scratch/records/context-reader/issues/02-include-project-documents.md] (from /Users/zoki/code/context/.scratch/records/context-reader/issues/04-allow-external-context.md; link "02-include-project-documents.md")
        snapshot_changed: snapshot source differs from the recorded digest [/Users/zoki/code/context/CONTEXT.md] (from /Users/zoki/code/context/.scratch/records/context-reader/acceptances/01-read-okf-ticket-migration-20260916.md; link "../../../../CONTEXT.md")
        completed_dependency: prerequisite is recorded as completed [/Users/zoki/code/context/.scratch/records/context-reader/issues/01-read-okf-ticket.md] (from /Users/zoki/code/context/.scratch/records/context-reader/issues/02-include-project-documents.md; link "01-read-okf-ticket.md")
        acceptance_criteria_present: at least one nonempty acceptance criterion is authored [/Users/zoki/code/context/.scratch/records/context-reader/issues/01-read-okf-ticket.md] (from /Users/zoki/code/context/.scratch/records/context-reader/issues/02-include-project-documents.md; link "01-read-okf-ticket.md")
        no_blocking_decisions: Blocked by decisions explicitly declares none [/Users/zoki/code/context/.scratch/records/context-reader/issues/01-read-okf-ticket.md] (from /Users/zoki/code/context/.scratch/records/context-reader/issues/02-include-project-documents.md; link "01-read-okf-ticket.md")
    acceptance_criteria: pass
      acceptance_criteria_present: at least one nonempty acceptance criterion is authored [/Users/zoki/code/context/.scratch/records/context-reader/issues/05-bound-context-collection.md]
    required_context: pass
      required_context_available: all explicitly selected requirement and context sources are available [/Users/zoki/code/context/.scratch/records/context-reader/issues/05-bound-context-collection.md]
    dependencies: fail
      snapshot_changed: snapshot source differs from the recorded digest [/Users/zoki/code/context/CONTEXT.md] (from /Users/zoki/code/context/.scratch/records/context-reader/acceptances/03-follow-blocker-tickets-migration-20260916.md; link "../../../../CONTEXT.md")
      completed_dependency: prerequisite is recorded as completed [/Users/zoki/code/context/.scratch/records/context-reader/issues/03-follow-blocker-tickets.md] (from /Users/zoki/code/context/.scratch/records/context-reader/issues/05-bound-context-collection.md; link "03-follow-blocker-tickets.md")
      acceptance_criteria_present: at least one nonempty acceptance criterion is authored [/Users/zoki/code/context/.scratch/records/context-reader/issues/03-follow-blocker-tickets.md] (from /Users/zoki/code/context/.scratch/records/context-reader/issues/05-bound-context-collection.md; link "03-follow-blocker-tickets.md")
      no_blocking_decisions: Blocked by decisions explicitly declares none [/Users/zoki/code/context/.scratch/records/context-reader/issues/03-follow-blocker-tickets.md] (from /Users/zoki/code/context/.scratch/records/context-reader/issues/05-bound-context-collection.md; link "03-follow-blocker-tickets.md")
      snapshot_changed: snapshot source differs from the recorded digest [/Users/zoki/code/context/CONTEXT.md] (from /Users/zoki/code/context/.scratch/records/context-reader/acceptances/02-include-project-documents-migration-20260916.md; link "../../../../CONTEXT.md")
      completed_dependency: prerequisite is recorded as completed [/Users/zoki/code/context/.scratch/records/context-reader/issues/02-include-project-documents.md] (from /Users/zoki/code/context/.scratch/records/context-reader/issues/03-follow-blocker-tickets.md; link "02-include-project-documents.md")
      acceptance_criteria_present: at least one nonempty acceptance criterion is authored [/Users/zoki/code/context/.scratch/records/context-reader/issues/02-include-project-documents.md] (from /Users/zoki/code/context/.scratch/records/context-reader/issues/03-follow-blocker-tickets.md; link "02-include-project-documents.md")
      no_blocking_decisions: Blocked by decisions explicitly declares none [/Users/zoki/code/context/.scratch/records/context-reader/issues/02-include-project-documents.md] (from /Users/zoki/code/context/.scratch/records/context-reader/issues/03-follow-blocker-tickets.md; link "02-include-project-documents.md")
      snapshot_changed: snapshot source differs from the recorded digest [/Users/zoki/code/context/CONTEXT.md] (from /Users/zoki/code/context/.scratch/records/context-reader/acceptances/01-read-okf-ticket-migration-20260916.md; link "../../../../CONTEXT.md")
      completed_dependency: prerequisite is recorded as completed [/Users/zoki/code/context/.scratch/records/context-reader/issues/01-read-okf-ticket.md] (from /Users/zoki/code/context/.scratch/records/context-reader/issues/02-include-project-documents.md; link "01-read-okf-ticket.md")
      acceptance_criteria_present: at least one nonempty acceptance criterion is authored [/Users/zoki/code/context/.scratch/records/context-reader/issues/01-read-okf-ticket.md] (from /Users/zoki/code/context/.scratch/records/context-reader/issues/02-include-project-documents.md; link "01-read-okf-ticket.md")
      no_blocking_decisions: Blocked by decisions explicitly declares none [/Users/zoki/code/context/.scratch/records/context-reader/issues/01-read-okf-ticket.md] (from /Users/zoki/code/context/.scratch/records/context-reader/issues/02-include-project-documents.md; link "01-read-okf-ticket.md")
      snapshot_changed: snapshot source differs from the recorded digest [/Users/zoki/code/context/CONTEXT.md] (from /Users/zoki/code/context/.scratch/records/context-reader/acceptances/04-allow-external-context-migration-20260916.md; link "../../../../CONTEXT.md")
      completed_dependency: prerequisite is recorded as completed [/Users/zoki/code/context/.scratch/records/context-reader/issues/04-allow-external-context.md] (from /Users/zoki/code/context/.scratch/records/context-reader/issues/05-bound-context-collection.md; link "04-allow-external-context.md")
      acceptance_criteria_present: at least one nonempty acceptance criterion is authored [/Users/zoki/code/context/.scratch/records/context-reader/issues/04-allow-external-context.md] (from /Users/zoki/code/context/.scratch/records/context-reader/issues/05-bound-context-collection.md; link "04-allow-external-context.md")
      no_blocking_decisions: Blocked by decisions explicitly declares none [/Users/zoki/code/context/.scratch/records/context-reader/issues/04-allow-external-context.md] (from /Users/zoki/code/context/.scratch/records/context-reader/issues/05-bound-context-collection.md; link "04-allow-external-context.md")
      completed_dependency: prerequisite is recorded as completed [/Users/zoki/code/context/.scratch/records/context-reader/issues/02-include-project-documents.md] (from /Users/zoki/code/context/.scratch/records/context-reader/issues/04-allow-external-context.md; link "02-include-project-documents.md")
      acceptance_criteria_present: at least one nonempty acceptance criterion is authored [/Users/zoki/code/context/.scratch/records/context-reader/issues/02-include-project-documents.md] (from /Users/zoki/code/context/.scratch/records/context-reader/issues/04-allow-external-context.md; link "02-include-project-documents.md")
      no_blocking_decisions: Blocked by decisions explicitly declares none [/Users/zoki/code/context/.scratch/records/context-reader/issues/02-include-project-documents.md] (from /Users/zoki/code/context/.scratch/records/context-reader/issues/04-allow-external-context.md; link "02-include-project-documents.md")
    blocking_decisions: pass
      no_blocking_decisions: Blocked by decisions explicitly declares none [/Users/zoki/code/context/.scratch/records/context-reader/issues/05-bound-context-collection.md]
    excluded: completed_work: work is recorded as completed [/Users/zoki/code/context/.scratch/records/context-reader/issues/05-bound-context-collection.md]
    excluded: not_committed: work is outside current commitments [/Users/zoki/code/context/.scratch/records/context-reader/issues/05-bound-context-collection.md]
    excluded: readiness_blocked: readiness is blocked; inspect its checks [/Users/zoki/code/context/.scratch/records/context-reader/issues/05-bound-context-collection.md]
    acceptance: stale
    acceptance check: fail
    Acceptance record:
      Acceptance: Bound collection and verify a real-task workflow [c19505b5-0bb0-4d22-b5e3-8c493c16b592] /Users/zoki/code/context/.scratch/records/context-reader/acceptances/05-bound-context-collection-migration-20260916.md (from /Users/zoki/code/context/.scratch/records/context-reader/issues/05-bound-context-collection.md; link "../acceptances/05-bound-context-collection-migration-20260916.md")
      actor: workflow Codex agent /root/orientation_ticket_audit
      decided at: 2026-09-16T13:10:25.329010+00:00
      tested revision (historical): https://github.com/Zokiio/context post-review working-tree:2fedff0f41bf59366f7f25104b5007983162aa08; reader-manifest-sha256:16f14c92945bd59d95d9b39c4ce642f316004628a74f4c881e00a2780f9e19a4
      accepted fingerprint: version 1
      accepted ticketSHA256: b630846f5e83fab004d48f4d3eb1f9f4dd90fd7b6f1ffe9665c5674944b6ba3f
      accepted criteriaSHA256: 847b8321ad7889226d305e07babfe97c7891a02118e2238e5f493836de234fb7
    Human approvals: none recorded
    Requirements:
      Source:
        unknown [unknown] /Users/zoki/code/context/docs/vision.md (from /Users/zoki/code/context/.scratch/records/context-reader/acceptances/05-bound-context-collection-migration-20260916.md; link "../../../../docs/vision.md")
        status: valid
        recordedSHA256: d8d7fb88699c3310cd5f489d6d44dbf342fe813c372c54485400f6765f5aa2e9
        currentSHA256: d8d7fb88699c3310cd5f489d6d44dbf342fe813c372c54485400f6765f5aa2e9
      Source:
        unknown [unknown] /Users/zoki/code/context/.scratch/context-reader/spec.md (from /Users/zoki/code/context/.scratch/records/context-reader/acceptances/05-bound-context-collection-migration-20260916.md; link "../../../context-reader/spec.md")
        status: valid
        recordedSHA256: 2faf878a2442bfa5fd521ae0511af6bb685dbeb93c0885323a37ae1a18a71f37
        currentSHA256: 2faf878a2442bfa5fd521ae0511af6bb685dbeb93c0885323a37ae1a18a71f37
      Source:
        unknown [unknown] /Users/zoki/code/context/CONTEXT.md (from /Users/zoki/code/context/.scratch/records/context-reader/acceptances/05-bound-context-collection-migration-20260916.md; link "../../../../CONTEXT.md")
        status: stale
        recordedSHA256: a003af0f4845f28fe14191dec210c7ceeabf6a5422fb51e7e0ee7e957d366a55
        currentSHA256: 15cd979f6af442fedec45fd3482741f0cd5362c45900151eab3e0cef452bf9b9
        snapshot_changed: snapshot source differs from the recorded digest [/Users/zoki/code/context/CONTEXT.md] (from /Users/zoki/code/context/.scratch/records/context-reader/acceptances/05-bound-context-collection-migration-20260916.md; link "../../../../CONTEXT.md")
      Source:
        unknown [unknown] /Users/zoki/code/context/docs/adr/0001-one-okf-bundle-per-project.md (from /Users/zoki/code/context/.scratch/records/context-reader/acceptances/05-bound-context-collection-migration-20260916.md; link "../../../../docs/adr/0001-one-okf-bundle-per-project.md")
        status: valid
        recordedSHA256: 44659df72bb86cf15968be3f8b9a838817b4e18d44e1dcfa5addb3793d9c92c5
        currentSHA256: 44659df72bb86cf15968be3f8b9a838817b4e18d44e1dcfa5addb3793d9c92c5
      Source:
        unknown [unknown] /Users/zoki/code/context/docs/adr/0002-work-relationships-in-markdown-sections.md (from /Users/zoki/code/context/.scratch/records/context-reader/acceptances/05-bound-context-collection-migration-20260916.md; link "../../../../docs/adr/0002-work-relationships-in-markdown-sections.md")
        status: valid
        recordedSHA256: 4254ead8e1d55c05f27576151fd635f859a37ce2072022174fe09745440b152f
        currentSHA256: 4254ead8e1d55c05f27576151fd635f859a37ce2072022174fe09745440b152f
      Source:
        unknown [unknown] /Users/zoki/code/context/docs/agents/issue-tracker.md (from /Users/zoki/code/context/.scratch/records/context-reader/acceptances/05-bound-context-collection-migration-20260916.md; link "../../../../docs/agents/issue-tracker.md")
        status: valid
        recordedSHA256: 5f8f038e1b33f595344b9a1a90d4d194331f83a5e88d6522c2e52844d77a21bb
        currentSHA256: 5f8f038e1b33f595344b9a1a90d4d194331f83a5e88d6522c2e52844d77a21bb
    Evidence:
      Source:
        unknown [unknown] /Users/zoki/code/context/.scratch/session-orientation/evidence/legacy-migration.md (from /Users/zoki/code/context/.scratch/records/context-reader/acceptances/05-bound-context-collection-migration-20260916.md; link "../../../session-orientation/evidence/legacy-migration.md")
        status: valid
        recordedSHA256: 7c7e4762cf14e588ed8dfee473344c7b6d35cd144e9bf35a4c629f65959ca756
        currentSHA256: 7c7e4762cf14e588ed8dfee473344c7b6d35cd144e9bf35a4c629f65959ca756
      Source:
        unknown [unknown] /Users/zoki/code/context/.scratch/session-orientation/evidence/legacy-record-snapshots.json (from /Users/zoki/code/context/.scratch/records/context-reader/acceptances/05-bound-context-collection-migration-20260916.md; link "../../../session-orientation/evidence/legacy-record-snapshots.json")
        status: valid
        recordedSHA256: c49497167b3b32ccd86d5de702111ff348544d773d128b19ce185da71e9a527a
        currentSHA256: c49497167b3b32ccd86d5de702111ff348544d773d128b19ce185da71e9a527a
      Source:
        unknown [unknown] /Users/zoki/code/context/.scratch/session-orientation/evidence/legacy-merge-correspondence.json (from /Users/zoki/code/context/.scratch/records/context-reader/acceptances/05-bound-context-collection-migration-20260916.md; link "../../../session-orientation/evidence/legacy-merge-correspondence.json")
        status: valid
        recordedSHA256: db0e67626452182e26fec283c1e1a5bf86d473a3324f0b6925984bc64f88c5d1
        currentSHA256: db0e67626452182e26fec283c1e1a5bf86d473a3324f0b6925984bc64f88c5d1
      Source:
        unknown [unknown] /Users/zoki/code/context/.scratch/context-reader/acceptance-trial.md (from /Users/zoki/code/context/.scratch/records/context-reader/acceptances/05-bound-context-collection-migration-20260916.md; link "../../../context-reader/acceptance-trial.md")
        status: valid
        recordedSHA256: 6807e25b385beb71a12e0386c9274fcbd04dfe3c0577b99ae792b8d1236f4775
        currentSHA256: 6807e25b385beb71a12e0386c9274fcbd04dfe3c0577b99ae792b8d1236f4775
      Source:
        unknown [unknown] /Users/zoki/code/context/.scratch/context-reader/acceptance-trial-manifest.json (from /Users/zoki/code/context/.scratch/records/context-reader/acceptances/05-bound-context-collection-migration-20260916.md; link "../../../context-reader/acceptance-trial-manifest.json")
        status: valid
        recordedSHA256: 7808ffca77fdd670e4b15fc29239c8e02d0eed6f75c6133cf759b2928621c86d
        currentSHA256: 7808ffca77fdd670e4b15fc29239c8e02d0eed6f75c6133cf759b2928621c86d
      Source:
        unknown [unknown] /Users/zoki/code/context/.scratch/context-reader/review-verification-manifest.json (from /Users/zoki/code/context/.scratch/records/context-reader/acceptances/05-bound-context-collection-migration-20260916.md; link "../../../context-reader/review-verification-manifest.json")
        status: valid
        recordedSHA256: 16f14c92945bd59d95d9b39c4ce642f316004628a74f4c881e00a2780f9e19a4
        currentSHA256: 16f14c92945bd59d95d9b39c4ce642f316004628a74f4c881e00a2780f9e19a4
      snapshot_changed: snapshot source differs from the recorded digest [/Users/zoki/code/context/CONTEXT.md] (from /Users/zoki/code/context/.scratch/records/context-reader/acceptances/05-bound-context-collection-migration-20260916.md; link "../../../../CONTEXT.md")
    fingerprint: version 1
      ticketSHA256: b630846f5e83fab004d48f4d3eb1f9f4dd90fd7b6f1ffe9665c5674944b6ba3f
      criteriaSHA256: 847b8321ad7889226d305e07babfe97c7891a02118e2238e5f493836de234fb7
  Satisfy direct prerequisites using recorded acceptance [f2a2f976-d844-4e27-86fc-a3ec9b0025e3]
    source: /Users/zoki/code/context/.scratch/records/session-orientation/issues/05-verify-prerequisite-acceptance.md
    identity ambiguous: false
    triage: ready-for-agent; execution: completed; lifecycle: stable
    committed: false; readiness: blocked; eligible: false
    Specifications:
      unknown [unknown] /Users/zoki/code/context/.scratch/session-orientation/spec.md (from /Users/zoki/code/context/.scratch/records/session-orientation/issues/05-verify-prerequisite-acceptance.md; link "../../../session-orientation/spec.md")
    Dependency edges:
      Edge 1: status: fail; cycle: false
        From:
          Satisfy direct prerequisites using recorded acceptance [f2a2f976-d844-4e27-86fc-a3ec9b0025e3] /Users/zoki/code/context/.scratch/records/session-orientation/issues/05-verify-prerequisite-acceptance.md
        To:
          Explain blocking decisions [c810606f-6a64-460d-9223-8a8515fdcd65] /Users/zoki/code/context/.scratch/records/session-orientation/issues/03-explain-blocking-decisions.md (from /Users/zoki/code/context/.scratch/records/session-orientation/issues/05-verify-prerequisite-acceptance.md; link "03-explain-blocking-decisions.md")
        snapshot_changed: snapshot source differs from the recorded digest [/Users/zoki/code/context/CONTEXT.md] (from /Users/zoki/code/context/.scratch/records/session-orientation/acceptances/03-authoring-reassessment-20260916.md; link "../../../../CONTEXT.md")
        completed_dependency: prerequisite is recorded as completed [/Users/zoki/code/context/.scratch/records/session-orientation/issues/03-explain-blocking-decisions.md] (from /Users/zoki/code/context/.scratch/records/session-orientation/issues/05-verify-prerequisite-acceptance.md; link "03-explain-blocking-decisions.md")
        acceptance_criteria_present: at least one nonempty acceptance criterion is authored [/Users/zoki/code/context/.scratch/records/session-orientation/issues/03-explain-blocking-decisions.md] (from /Users/zoki/code/context/.scratch/records/session-orientation/issues/05-verify-prerequisite-acceptance.md; link "03-explain-blocking-decisions.md")
        no_blocking_decisions: Blocked by decisions explicitly declares none [/Users/zoki/code/context/.scratch/records/session-orientation/issues/03-explain-blocking-decisions.md] (from /Users/zoki/code/context/.scratch/records/session-orientation/issues/05-verify-prerequisite-acceptance.md; link "03-explain-blocking-decisions.md")
        snapshot_changed: snapshot source differs from the recorded digest [/Users/zoki/code/context/CONTEXT.md] (from /Users/zoki/code/context/.scratch/records/session-orientation/acceptances/02-authoring-reassessment-20260916.md; link "../../../../CONTEXT.md")
        completed_dependency: prerequisite is recorded as completed [/Users/zoki/code/context/.scratch/records/session-orientation/issues/02-list-eligible-work.md] (from /Users/zoki/code/context/.scratch/records/session-orientation/issues/03-explain-blocking-decisions.md; link "02-list-eligible-work.md")
        acceptance_criteria_present: at least one nonempty acceptance criterion is authored [/Users/zoki/code/context/.scratch/records/session-orientation/issues/02-list-eligible-work.md] (from /Users/zoki/code/context/.scratch/records/session-orientation/issues/03-explain-blocking-decisions.md; link "02-list-eligible-work.md")
        no_blocking_decisions: Blocked by decisions explicitly declares none [/Users/zoki/code/context/.scratch/records/session-orientation/issues/02-list-eligible-work.md] (from /Users/zoki/code/context/.scratch/records/session-orientation/issues/03-explain-blocking-decisions.md; link "02-list-eligible-work.md")
        snapshot_changed: snapshot source differs from the recorded digest [/Users/zoki/code/context/CONTEXT.md] (from /Users/zoki/code/context/.scratch/records/session-orientation/acceptances/01-evidence-correction-20260916.md; link "../../../../CONTEXT.md")
        completed_dependency: prerequisite is recorded as completed [/Users/zoki/code/context/.scratch/records/session-orientation/issues/01-show-project-orientation.md] (from /Users/zoki/code/context/.scratch/records/session-orientation/issues/02-list-eligible-work.md; link "01-show-project-orientation.md")
        acceptance_criteria_present: at least one nonempty acceptance criterion is authored [/Users/zoki/code/context/.scratch/records/session-orientation/issues/01-show-project-orientation.md] (from /Users/zoki/code/context/.scratch/records/session-orientation/issues/02-list-eligible-work.md; link "01-show-project-orientation.md")
        no_blocking_decisions: Blocked by decisions explicitly declares none [/Users/zoki/code/context/.scratch/records/session-orientation/issues/01-show-project-orientation.md] (from /Users/zoki/code/context/.scratch/records/session-orientation/issues/02-list-eligible-work.md; link "01-show-project-orientation.md")
      Edge 2: status: fail; cycle: false
        From:
          Explain blocking decisions [c810606f-6a64-460d-9223-8a8515fdcd65] /Users/zoki/code/context/.scratch/records/session-orientation/issues/03-explain-blocking-decisions.md
        To:
          List eligible work with reasons [940635b3-0697-45c6-804b-43f9ec1d3e58] /Users/zoki/code/context/.scratch/records/session-orientation/issues/02-list-eligible-work.md (from /Users/zoki/code/context/.scratch/records/session-orientation/issues/03-explain-blocking-decisions.md; link "02-list-eligible-work.md")
        snapshot_changed: snapshot source differs from the recorded digest [/Users/zoki/code/context/CONTEXT.md] (from /Users/zoki/code/context/.scratch/records/session-orientation/acceptances/02-authoring-reassessment-20260916.md; link "../../../../CONTEXT.md")
        completed_dependency: prerequisite is recorded as completed [/Users/zoki/code/context/.scratch/records/session-orientation/issues/02-list-eligible-work.md] (from /Users/zoki/code/context/.scratch/records/session-orientation/issues/03-explain-blocking-decisions.md; link "02-list-eligible-work.md")
        acceptance_criteria_present: at least one nonempty acceptance criterion is authored [/Users/zoki/code/context/.scratch/records/session-orientation/issues/02-list-eligible-work.md] (from /Users/zoki/code/context/.scratch/records/session-orientation/issues/03-explain-blocking-decisions.md; link "02-list-eligible-work.md")
        no_blocking_decisions: Blocked by decisions explicitly declares none [/Users/zoki/code/context/.scratch/records/session-orientation/issues/02-list-eligible-work.md] (from /Users/zoki/code/context/.scratch/records/session-orientation/issues/03-explain-blocking-decisions.md; link "02-list-eligible-work.md")
        snapshot_changed: snapshot source differs from the recorded digest [/Users/zoki/code/context/CONTEXT.md] (from /Users/zoki/code/context/.scratch/records/session-orientation/acceptances/01-evidence-correction-20260916.md; link "../../../../CONTEXT.md")
        completed_dependency: prerequisite is recorded as completed [/Users/zoki/code/context/.scratch/records/session-orientation/issues/01-show-project-orientation.md] (from /Users/zoki/code/context/.scratch/records/session-orientation/issues/02-list-eligible-work.md; link "01-show-project-orientation.md")
        acceptance_criteria_present: at least one nonempty acceptance criterion is authored [/Users/zoki/code/context/.scratch/records/session-orientation/issues/01-show-project-orientation.md] (from /Users/zoki/code/context/.scratch/records/session-orientation/issues/02-list-eligible-work.md; link "01-show-project-orientation.md")
        no_blocking_decisions: Blocked by decisions explicitly declares none [/Users/zoki/code/context/.scratch/records/session-orientation/issues/01-show-project-orientation.md] (from /Users/zoki/code/context/.scratch/records/session-orientation/issues/02-list-eligible-work.md; link "01-show-project-orientation.md")
      Edge 3: status: fail; cycle: false
        From:
          List eligible work with reasons [940635b3-0697-45c6-804b-43f9ec1d3e58] /Users/zoki/code/context/.scratch/records/session-orientation/issues/02-list-eligible-work.md
        To:
          Show project orientation and work inventory [e1f2dcee-d054-4311-9719-a55e29f576f5] /Users/zoki/code/context/.scratch/records/session-orientation/issues/01-show-project-orientation.md (from /Users/zoki/code/context/.scratch/records/session-orientation/issues/02-list-eligible-work.md; link "01-show-project-orientation.md")
        snapshot_changed: snapshot source differs from the recorded digest [/Users/zoki/code/context/CONTEXT.md] (from /Users/zoki/code/context/.scratch/records/session-orientation/acceptances/01-evidence-correction-20260916.md; link "../../../../CONTEXT.md")
        completed_dependency: prerequisite is recorded as completed [/Users/zoki/code/context/.scratch/records/session-orientation/issues/01-show-project-orientation.md] (from /Users/zoki/code/context/.scratch/records/session-orientation/issues/02-list-eligible-work.md; link "01-show-project-orientation.md")
        acceptance_criteria_present: at least one nonempty acceptance criterion is authored [/Users/zoki/code/context/.scratch/records/session-orientation/issues/01-show-project-orientation.md] (from /Users/zoki/code/context/.scratch/records/session-orientation/issues/02-list-eligible-work.md; link "01-show-project-orientation.md")
        no_blocking_decisions: Blocked by decisions explicitly declares none [/Users/zoki/code/context/.scratch/records/session-orientation/issues/01-show-project-orientation.md] (from /Users/zoki/code/context/.scratch/records/session-orientation/issues/02-list-eligible-work.md; link "01-show-project-orientation.md")
        no_dependencies: Blocked by explicitly declares none [/Users/zoki/code/context/.scratch/records/session-orientation/issues/01-show-project-orientation.md]
      Edge 4: status: fail; cycle: false
        From:
          Satisfy direct prerequisites using recorded acceptance [f2a2f976-d844-4e27-86fc-a3ec9b0025e3] /Users/zoki/code/context/.scratch/records/session-orientation/issues/05-verify-prerequisite-acceptance.md
        To:
          Expose reproducible requirement fingerprints [8888abfc-d72c-42c0-8a28-08c7235d68c6] /Users/zoki/code/context/.scratch/records/session-orientation/issues/04-expose-requirement-fingerprints.md (from /Users/zoki/code/context/.scratch/records/session-orientation/issues/05-verify-prerequisite-acceptance.md; link "04-expose-requirement-fingerprints.md")
        snapshot_changed: snapshot source differs from the recorded digest [/Users/zoki/code/context/CONTEXT.md] (from /Users/zoki/code/context/.scratch/records/session-orientation/acceptances/04-authoring-reassessment-20260916.md; link "../../../../CONTEXT.md")
        completed_dependency: prerequisite is recorded as completed [/Users/zoki/code/context/.scratch/records/session-orientation/issues/04-expose-requirement-fingerprints.md] (from /Users/zoki/code/context/.scratch/records/session-orientation/issues/05-verify-prerequisite-acceptance.md; link "04-expose-requirement-fingerprints.md")
        acceptance_criteria_present: at least one nonempty acceptance criterion is authored [/Users/zoki/code/context/.scratch/records/session-orientation/issues/04-expose-requirement-fingerprints.md] (from /Users/zoki/code/context/.scratch/records/session-orientation/issues/05-verify-prerequisite-acceptance.md; link "04-expose-requirement-fingerprints.md")
        no_blocking_decisions: Blocked by decisions explicitly declares none [/Users/zoki/code/context/.scratch/records/session-orientation/issues/04-expose-requirement-fingerprints.md] (from /Users/zoki/code/context/.scratch/records/session-orientation/issues/05-verify-prerequisite-acceptance.md; link "04-expose-requirement-fingerprints.md")
        snapshot_changed: snapshot source differs from the recorded digest [/Users/zoki/code/context/CONTEXT.md] (from /Users/zoki/code/context/.scratch/records/session-orientation/acceptances/01-evidence-correction-20260916.md; link "../../../../CONTEXT.md")
        completed_dependency: prerequisite is recorded as completed [/Users/zoki/code/context/.scratch/records/session-orientation/issues/01-show-project-orientation.md] (from /Users/zoki/code/context/.scratch/records/session-orientation/issues/04-expose-requirement-fingerprints.md; link "01-show-project-orientation.md")
        acceptance_criteria_present: at least one nonempty acceptance criterion is authored [/Users/zoki/code/context/.scratch/records/session-orientation/issues/01-show-project-orientation.md] (from /Users/zoki/code/context/.scratch/records/session-orientation/issues/04-expose-requirement-fingerprints.md; link "01-show-project-orientation.md")
        no_blocking_decisions: Blocked by decisions explicitly declares none [/Users/zoki/code/context/.scratch/records/session-orientation/issues/01-show-project-orientation.md] (from /Users/zoki/code/context/.scratch/records/session-orientation/issues/04-expose-requirement-fingerprints.md; link "01-show-project-orientation.md")
      Edge 5: status: fail; cycle: false
        From:
          Expose reproducible requirement fingerprints [8888abfc-d72c-42c0-8a28-08c7235d68c6] /Users/zoki/code/context/.scratch/records/session-orientation/issues/04-expose-requirement-fingerprints.md
        To:
          Show project orientation and work inventory [e1f2dcee-d054-4311-9719-a55e29f576f5] /Users/zoki/code/context/.scratch/records/session-orientation/issues/01-show-project-orientation.md (from /Users/zoki/code/context/.scratch/records/session-orientation/issues/04-expose-requirement-fingerprints.md; link "01-show-project-orientation.md")
        snapshot_changed: snapshot source differs from the recorded digest [/Users/zoki/code/context/CONTEXT.md] (from /Users/zoki/code/context/.scratch/records/session-orientation/acceptances/01-evidence-correction-20260916.md; link "../../../../CONTEXT.md")
        completed_dependency: prerequisite is recorded as completed [/Users/zoki/code/context/.scratch/records/session-orientation/issues/01-show-project-orientation.md] (from /Users/zoki/code/context/.scratch/records/session-orientation/issues/04-expose-requirement-fingerprints.md; link "01-show-project-orientation.md")
        acceptance_criteria_present: at least one nonempty acceptance criterion is authored [/Users/zoki/code/context/.scratch/records/session-orientation/issues/01-show-project-orientation.md] (from /Users/zoki/code/context/.scratch/records/session-orientation/issues/04-expose-requirement-fingerprints.md; link "01-show-project-orientation.md")
        no_blocking_decisions: Blocked by decisions explicitly declares none [/Users/zoki/code/context/.scratch/records/session-orientation/issues/01-show-project-orientation.md] (from /Users/zoki/code/context/.scratch/records/session-orientation/issues/04-expose-requirement-fingerprints.md; link "01-show-project-orientation.md")
        no_dependencies: Blocked by explicitly declares none [/Users/zoki/code/context/.scratch/records/session-orientation/issues/01-show-project-orientation.md]
    acceptance_criteria: pass
      acceptance_criteria_present: at least one nonempty acceptance criterion is authored [/Users/zoki/code/context/.scratch/records/session-orientation/issues/05-verify-prerequisite-acceptance.md]
    required_context: pass
      required_context_available: all explicitly selected requirement and context sources are available [/Users/zoki/code/context/.scratch/records/session-orientation/issues/05-verify-prerequisite-acceptance.md]
    dependencies: fail
      snapshot_changed: snapshot source differs from the recorded digest [/Users/zoki/code/context/CONTEXT.md] (from /Users/zoki/code/context/.scratch/records/session-orientation/acceptances/03-authoring-reassessment-20260916.md; link "../../../../CONTEXT.md")
      completed_dependency: prerequisite is recorded as completed [/Users/zoki/code/context/.scratch/records/session-orientation/issues/03-explain-blocking-decisions.md] (from /Users/zoki/code/context/.scratch/records/session-orientation/issues/05-verify-prerequisite-acceptance.md; link "03-explain-blocking-decisions.md")
      acceptance_criteria_present: at least one nonempty acceptance criterion is authored [/Users/zoki/code/context/.scratch/records/session-orientation/issues/03-explain-blocking-decisions.md] (from /Users/zoki/code/context/.scratch/records/session-orientation/issues/05-verify-prerequisite-acceptance.md; link "03-explain-blocking-decisions.md")
      no_blocking_decisions: Blocked by decisions explicitly declares none [/Users/zoki/code/context/.scratch/records/session-orientation/issues/03-explain-blocking-decisions.md] (from /Users/zoki/code/context/.scratch/records/session-orientation/issues/05-verify-prerequisite-acceptance.md; link "03-explain-blocking-decisions.md")
      snapshot_changed: snapshot source differs from the recorded digest [/Users/zoki/code/context/CONTEXT.md] (from /Users/zoki/code/context/.scratch/records/session-orientation/acceptances/02-authoring-reassessment-20260916.md; link "../../../../CONTEXT.md")
      completed_dependency: prerequisite is recorded as completed [/Users/zoki/code/context/.scratch/records/session-orientation/issues/02-list-eligible-work.md] (from /Users/zoki/code/context/.scratch/records/session-orientation/issues/03-explain-blocking-decisions.md; link "02-list-eligible-work.md")
      acceptance_criteria_present: at least one nonempty acceptance criterion is authored [/Users/zoki/code/context/.scratch/records/session-orientation/issues/02-list-eligible-work.md] (from /Users/zoki/code/context/.scratch/records/session-orientation/issues/03-explain-blocking-decisions.md; link "02-list-eligible-work.md")
      no_blocking_decisions: Blocked by decisions explicitly declares none [/Users/zoki/code/context/.scratch/records/session-orientation/issues/02-list-eligible-work.md] (from /Users/zoki/code/context/.scratch/records/session-orientation/issues/03-explain-blocking-decisions.md; link "02-list-eligible-work.md")
      snapshot_changed: snapshot source differs from the recorded digest [/Users/zoki/code/context/CONTEXT.md] (from /Users/zoki/code/context/.scratch/records/session-orientation/acceptances/01-evidence-correction-20260916.md; link "../../../../CONTEXT.md")
      completed_dependency: prerequisite is recorded as completed [/Users/zoki/code/context/.scratch/records/session-orientation/issues/01-show-project-orientation.md] (from /Users/zoki/code/context/.scratch/records/session-orientation/issues/02-list-eligible-work.md; link "01-show-project-orientation.md")
      acceptance_criteria_present: at least one nonempty acceptance criterion is authored [/Users/zoki/code/context/.scratch/records/session-orientation/issues/01-show-project-orientation.md] (from /Users/zoki/code/context/.scratch/records/session-orientation/issues/02-list-eligible-work.md; link "01-show-project-orientation.md")
      no_blocking_decisions: Blocked by decisions explicitly declares none [/Users/zoki/code/context/.scratch/records/session-orientation/issues/01-show-project-orientation.md] (from /Users/zoki/code/context/.scratch/records/session-orientation/issues/02-list-eligible-work.md; link "01-show-project-orientation.md")
      snapshot_changed: snapshot source differs from the recorded digest [/Users/zoki/code/context/CONTEXT.md] (from /Users/zoki/code/context/.scratch/records/session-orientation/acceptances/04-authoring-reassessment-20260916.md; link "../../../../CONTEXT.md")
      completed_dependency: prerequisite is recorded as completed [/Users/zoki/code/context/.scratch/records/session-orientation/issues/04-expose-requirement-fingerprints.md] (from /Users/zoki/code/context/.scratch/records/session-orientation/issues/05-verify-prerequisite-acceptance.md; link "04-expose-requirement-fingerprints.md")
      acceptance_criteria_present: at least one nonempty acceptance criterion is authored [/Users/zoki/code/context/.scratch/records/session-orientation/issues/04-expose-requirement-fingerprints.md] (from /Users/zoki/code/context/.scratch/records/session-orientation/issues/05-verify-prerequisite-acceptance.md; link "04-expose-requirement-fingerprints.md")
      no_blocking_decisions: Blocked by decisions explicitly declares none [/Users/zoki/code/context/.scratch/records/session-orientation/issues/04-expose-requirement-fingerprints.md] (from /Users/zoki/code/context/.scratch/records/session-orientation/issues/05-verify-prerequisite-acceptance.md; link "04-expose-requirement-fingerprints.md")
      completed_dependency: prerequisite is recorded as completed [/Users/zoki/code/context/.scratch/records/session-orientation/issues/01-show-project-orientation.md] (from /Users/zoki/code/context/.scratch/records/session-orientation/issues/04-expose-requirement-fingerprints.md; link "01-show-project-orientation.md")
      acceptance_criteria_present: at least one nonempty acceptance criterion is authored [/Users/zoki/code/context/.scratch/records/session-orientation/issues/01-show-project-orientation.md] (from /Users/zoki/code/context/.scratch/records/session-orientation/issues/04-expose-requirement-fingerprints.md; link "01-show-project-orientation.md")
      no_blocking_decisions: Blocked by decisions explicitly declares none [/Users/zoki/code/context/.scratch/records/session-orientation/issues/01-show-project-orientation.md] (from /Users/zoki/code/context/.scratch/records/session-orientation/issues/04-expose-requirement-fingerprints.md; link "01-show-project-orientation.md")
    blocking_decisions: pass
      no_blocking_decisions: Blocked by decisions explicitly declares none [/Users/zoki/code/context/.scratch/records/session-orientation/issues/05-verify-prerequisite-acceptance.md]
    excluded: completed_work: work is recorded as completed [/Users/zoki/code/context/.scratch/records/session-orientation/issues/05-verify-prerequisite-acceptance.md]
    excluded: not_committed: work is outside current commitments [/Users/zoki/code/context/.scratch/records/session-orientation/issues/05-verify-prerequisite-acceptance.md]
    excluded: readiness_blocked: readiness is blocked; inspect its checks [/Users/zoki/code/context/.scratch/records/session-orientation/issues/05-verify-prerequisite-acceptance.md]
    acceptance: stale
    acceptance check: fail
    Acceptance record:
      Acceptance: Satisfy direct prerequisites using recorded acceptance [ccc9d5af-07fd-40f6-89f2-12f092d542ad] /Users/zoki/code/context/.scratch/records/session-orientation/acceptances/05-evidence-correction-20260916.md (from /Users/zoki/code/context/.scratch/records/session-orientation/issues/05-verify-prerequisite-acceptance.md; link "../acceptances/05-evidence-correction-20260916.md")
      actor: workflow Codex coordinating agent
      decided at: 2026-09-16T13:32:43.886564+00:00
      tested revision (historical): https://github.com/Zokiio/context working-tree:0808609e8de4ad1d80c52cadd8fd0b6fca31ac0d; source-manifest-sha256:f563c18a919db748d6e9183fba027361ce45289351e38d190401847a6bef4ad0
      accepted fingerprint: version 1
      accepted ticketSHA256: fc73ac8f36660724f17c486819114ba4cd34f90282217d8e4c797f0f7be4e60f
      accepted criteriaSHA256: 9b12140ef41157f7ca71260c3ad458c6d0bfaa49d2f54b103340ff67ef8b22b9
    Human approvals: none recorded
    Requirements:
      Source:
        unknown [unknown] /Users/zoki/code/context/.scratch/session-orientation/spec.md (from /Users/zoki/code/context/.scratch/records/session-orientation/acceptances/05-evidence-correction-20260916.md; link "../../../session-orientation/spec.md")
        status: valid
        recordedSHA256: bc021e3cd30a4bf978a2d26d530e8b778bd4f8cb250feb6e00c6cce62a024279
        currentSHA256: bc021e3cd30a4bf978a2d26d530e8b778bd4f8cb250feb6e00c6cce62a024279
      Source:
        unknown [unknown] /Users/zoki/code/context/CONTEXT.md (from /Users/zoki/code/context/.scratch/records/session-orientation/acceptances/05-evidence-correction-20260916.md; link "../../../../CONTEXT.md")
        status: stale
        recordedSHA256: a003af0f4845f28fe14191dec210c7ceeabf6a5422fb51e7e0ee7e957d366a55
        currentSHA256: 15cd979f6af442fedec45fd3482741f0cd5362c45900151eab3e0cef452bf9b9
        snapshot_changed: snapshot source differs from the recorded digest [/Users/zoki/code/context/CONTEXT.md] (from /Users/zoki/code/context/.scratch/records/session-orientation/acceptances/05-evidence-correction-20260916.md; link "../../../../CONTEXT.md")
      Source:
        unknown [unknown] /Users/zoki/code/context/docs/adr/0001-one-okf-bundle-per-project.md (from /Users/zoki/code/context/.scratch/records/session-orientation/acceptances/05-evidence-correction-20260916.md; link "../../../../docs/adr/0001-one-okf-bundle-per-project.md")
        status: valid
        recordedSHA256: 44659df72bb86cf15968be3f8b9a838817b4e18d44e1dcfa5addb3793d9c92c5
        currentSHA256: 44659df72bb86cf15968be3f8b9a838817b4e18d44e1dcfa5addb3793d9c92c5
      Source:
        unknown [unknown] /Users/zoki/code/context/docs/adr/0002-work-relationships-in-markdown-sections.md (from /Users/zoki/code/context/.scratch/records/session-orientation/acceptances/05-evidence-correction-20260916.md; link "../../../../docs/adr/0002-work-relationships-in-markdown-sections.md")
        status: valid
        recordedSHA256: 4254ead8e1d55c05f27576151fd635f859a37ce2072022174fe09745440b152f
        currentSHA256: 4254ead8e1d55c05f27576151fd635f859a37ce2072022174fe09745440b152f
      Source:
        unknown [unknown] /Users/zoki/code/context/docs/agents/issue-tracker.md (from /Users/zoki/code/context/.scratch/records/session-orientation/acceptances/05-evidence-correction-20260916.md; link "../../../../docs/agents/issue-tracker.md")
        status: valid
        recordedSHA256: 5f8f038e1b33f595344b9a1a90d4d194331f83a5e88d6522c2e52844d77a21bb
        currentSHA256: 5f8f038e1b33f595344b9a1a90d4d194331f83a5e88d6522c2e52844d77a21bb
      Source:
        unknown [unknown] /Users/zoki/code/context/docs/adr/0003-recorded-acceptance-for-readiness.md (from /Users/zoki/code/context/.scratch/records/session-orientation/acceptances/05-evidence-correction-20260916.md; link "../../../../docs/adr/0003-recorded-acceptance-for-readiness.md")
        status: valid
        recordedSHA256: 84778cb881c73f7ebbe5cc58a9acbb9c1212e1dd421d863d04f1efe021efdc56
        currentSHA256: 84778cb881c73f7ebbe5cc58a9acbb9c1212e1dd421d863d04f1efe021efdc56
      Source:
        unknown [unknown] /Users/zoki/code/context/docs/agents/acceptance.md (from /Users/zoki/code/context/.scratch/records/session-orientation/acceptances/05-evidence-correction-20260916.md; link "../../../../docs/agents/acceptance.md")
        status: valid
        recordedSHA256: fbde78ab62733d1bbe091fba6a867f30f50076c819ee3b0783ac4dcd2d7bf654
        currentSHA256: fbde78ab62733d1bbe091fba6a867f30f50076c819ee3b0783ac4dcd2d7bf654
    Evidence:
      Source:
        unknown [unknown] /Users/zoki/code/context/.scratch/session-orientation/evidence/05-acceptance.md (from /Users/zoki/code/context/.scratch/records/session-orientation/acceptances/05-evidence-correction-20260916.md; link "../../../session-orientation/evidence/05-acceptance.md")
        status: valid
        recordedSHA256: 1abad661bdd509de6f91ff479c295fae9e7ace933ceda589314dc76d5303d78f
        currentSHA256: 1abad661bdd509de6f91ff479c295fae9e7ace933ceda589314dc76d5303d78f
      Source:
        unknown [unknown] /Users/zoki/code/context/.scratch/session-orientation/evidence/05-acceptance-verification.json (from /Users/zoki/code/context/.scratch/records/session-orientation/acceptances/05-evidence-correction-20260916.md; link "../../../session-orientation/evidence/05-acceptance-verification.json")
        status: valid
        recordedSHA256: f9fa710a89426b5e2cf6bb65a357689be42e010445151fc1f79080d17c14fff9
        currentSHA256: f9fa710a89426b5e2cf6bb65a357689be42e010445151fc1f79080d17c14fff9
      Source:
        unknown [unknown] /Users/zoki/code/context/.scratch/session-orientation/evidence/05-authoring-boundary.json (from /Users/zoki/code/context/.scratch/records/session-orientation/acceptances/05-evidence-correction-20260916.md; link "../../../session-orientation/evidence/05-authoring-boundary.json")
        status: valid
        recordedSHA256: a8709198454b3967ea8001dbe7bea3718cf222aca4b891ec18a115d1dcbd3142
        currentSHA256: a8709198454b3967ea8001dbe7bea3718cf222aca4b891ec18a115d1dcbd3142
      Source:
        unknown [unknown] /Users/zoki/code/context/.scratch/session-orientation/evidence/05-authoring-reassessment.md (from /Users/zoki/code/context/.scratch/records/session-orientation/acceptances/05-evidence-correction-20260916.md; link "../../../session-orientation/evidence/05-authoring-reassessment.md")
        status: valid
        recordedSHA256: dd3115b20544a2e8d548a421e9c342901b59f2861fb0a5d136ed4e85cfde13b5
        currentSHA256: dd3115b20544a2e8d548a421e9c342901b59f2861fb0a5d136ed4e85cfde13b5
      Source:
        unknown [unknown] /Users/zoki/code/context/.scratch/session-orientation/evidence/05-before-reassessment.json (from /Users/zoki/code/context/.scratch/records/session-orientation/acceptances/05-evidence-correction-20260916.md; link "../../../session-orientation/evidence/05-before-reassessment.json")
        status: valid
        recordedSHA256: 95042563f36a11e10b43302f92498f35db2abccc5c5c5af4056b01ca496d0d9e
        currentSHA256: 95042563f36a11e10b43302f92498f35db2abccc5c5c5af4056b01ca496d0d9e
      Source:
        unknown [unknown] /Users/zoki/code/context/.scratch/session-orientation/evidence/05-after-reassessment.json (from /Users/zoki/code/context/.scratch/records/session-orientation/acceptances/05-evidence-correction-20260916.md; link "../../../session-orientation/evidence/05-after-reassessment.json")
        status: valid
        recordedSHA256: 169f72fff51f8519fca132c10e40c2ed0c6fccb68af10d841aa01c5b7e93b881
        currentSHA256: 169f72fff51f8519fca132c10e40c2ed0c6fccb68af10d841aa01c5b7e93b881
      Source:
        unknown [unknown] /Users/zoki/code/context/.scratch/session-orientation/evidence/review.md (from /Users/zoki/code/context/.scratch/records/session-orientation/acceptances/05-evidence-correction-20260916.md; link "../../../session-orientation/evidence/review.md")
        status: valid
        recordedSHA256: 6ee7c23efe495995a723902f946575b1dc3408286a43843705633e7a7608e255
        currentSHA256: 6ee7c23efe495995a723902f946575b1dc3408286a43843705633e7a7608e255
      Source:
        unknown [unknown] /Users/zoki/code/context/.scratch/session-orientation/evidence/review-core-regressions.json (from /Users/zoki/code/context/.scratch/records/session-orientation/acceptances/05-evidence-correction-20260916.md; link "../../../session-orientation/evidence/review-core-regressions.json")
        status: valid
        recordedSHA256: d3045c76767c439f30681aecb3c3f35a17e8f238882f560989ad6589b0e5dd7a
        currentSHA256: d3045c76767c439f30681aecb3c3f35a17e8f238882f560989ad6589b0e5dd7a
      Source:
        unknown [unknown] /Users/zoki/code/context/.scratch/session-orientation/evidence/review-spec-fix-verification.json (from /Users/zoki/code/context/.scratch/records/session-orientation/acceptances/05-evidence-correction-20260916.md; link "../../../session-orientation/evidence/review-spec-fix-verification.json")
        status: valid
        recordedSHA256: cd3db4a9e26d8d8fae527e791d9e960690485e96d93b16aa028e9baf52a0d075
        currentSHA256: cd3db4a9e26d8d8fae527e791d9e960690485e96d93b16aa028e9baf52a0d075
      Source:
        unknown [unknown] /Users/zoki/code/context/.scratch/session-orientation/evidence/review-reassessment-corrected.md (from /Users/zoki/code/context/.scratch/records/session-orientation/acceptances/05-evidence-correction-20260916.md; link "../../../session-orientation/evidence/review-reassessment-corrected.md")
        status: valid
        recordedSHA256: 34c14226bd542968bda2b219d3abaca2355425a2dc3d8427d26b00cf22a95304
        currentSHA256: 34c14226bd542968bda2b219d3abaca2355425a2dc3d8427d26b00cf22a95304
      Source:
        unknown [unknown] /Users/zoki/code/context/.scratch/session-orientation/evidence/review-cli-flags/red.txt (from /Users/zoki/code/context/.scratch/records/session-orientation/acceptances/05-evidence-correction-20260916.md; link "../../../session-orientation/evidence/review-cli-flags/red.txt")
        status: valid
        recordedSHA256: 669b6a1674e8e1efc37e51cb25582563a20ff789ac515e0bc180e86ce26cb3c9
        currentSHA256: 669b6a1674e8e1efc37e51cb25582563a20ff789ac515e0bc180e86ce26cb3c9
      Source:
        unknown [unknown] /Users/zoki/code/context/.scratch/session-orientation/evidence/review-cli-flags/green.txt (from /Users/zoki/code/context/.scratch/records/session-orientation/acceptances/05-evidence-correction-20260916.md; link "../../../session-orientation/evidence/review-cli-flags/green.txt")
        status: valid
        recordedSHA256: eea020b7333174cf4aa69a723a0d91145c8cc3930c874cd4c87fca780a71ff07
        currentSHA256: eea020b7333174cf4aa69a723a0d91145c8cc3930c874cd4c87fca780a71ff07
      Source:
        unknown [unknown] /Users/zoki/code/context/.scratch/session-orientation/evidence/review-cli-flags/cli-suite.txt (from /Users/zoki/code/context/.scratch/records/session-orientation/acceptances/05-evidence-correction-20260916.md; link "../../../session-orientation/evidence/review-cli-flags/cli-suite.txt")
        status: valid
        recordedSHA256: 61000a84b0dbc6ff3874b1a7239db8ab61b95a3c5b0a4da8fe630d0bafb038a1
        currentSHA256: 61000a84b0dbc6ff3874b1a7239db8ab61b95a3c5b0a4da8fe630d0bafb038a1
      Source:
        unknown [unknown] /Users/zoki/code/context/.scratch/session-orientation/evidence/07-preflight-verification.json (from /Users/zoki/code/context/.scratch/records/session-orientation/acceptances/05-evidence-correction-20260916.md; link "../../../session-orientation/evidence/07-preflight-verification.json")
        status: valid
        recordedSHA256: c9e68e16b75a450daf6d13fbb8ed36eb6db2daca0bf94a346bc8df2a2954e7e0
        currentSHA256: c9e68e16b75a450daf6d13fbb8ed36eb6db2daca0bf94a346bc8df2a2954e7e0
      snapshot_changed: snapshot source differs from the recorded digest [/Users/zoki/code/context/CONTEXT.md] (from /Users/zoki/code/context/.scratch/records/session-orientation/acceptances/05-evidence-correction-20260916.md; link "../../../../CONTEXT.md")
    fingerprint: version 1
      ticketSHA256: fc73ac8f36660724f17c486819114ba4cd34f90282217d8e4c797f0f7be4e60f
      criteriaSHA256: 9b12140ef41157f7ca71260c3ad458c6d0bfaa49d2f54b103340ff67ef8b22b9
  Include linked project documents [f49ee233-f7d0-4266-92d1-f354df72a604]
    source: /Users/zoki/code/context/.scratch/records/context-reader/issues/02-include-project-documents.md
    identity ambiguous: false
    triage: ready-for-agent; execution: completed; lifecycle: stable
    committed: false; readiness: blocked; eligible: false
    Specifications:
      unknown [unknown] /Users/zoki/code/context/.scratch/context-reader/spec.md (from /Users/zoki/code/context/.scratch/records/context-reader/issues/02-include-project-documents.md; link "../../../context-reader/spec.md")
    Dependency edges:
      Edge 1: status: fail; cycle: false
        From:
          Include linked project documents [f49ee233-f7d0-4266-92d1-f354df72a604] /Users/zoki/code/context/.scratch/records/context-reader/issues/02-include-project-documents.md
        To:
          Read an OKF ticket as JSON context [bcbad059-f0b1-401b-99e1-3fdc468db8fb] /Users/zoki/code/context/.scratch/records/context-reader/issues/01-read-okf-ticket.md (from /Users/zoki/code/context/.scratch/records/context-reader/issues/02-include-project-documents.md; link "01-read-okf-ticket.md")
        snapshot_changed: snapshot source differs from the recorded digest [/Users/zoki/code/context/CONTEXT.md] (from /Users/zoki/code/context/.scratch/records/context-reader/acceptances/01-read-okf-ticket-migration-20260916.md; link "../../../../CONTEXT.md")
        completed_dependency: prerequisite is recorded as completed [/Users/zoki/code/context/.scratch/records/context-reader/issues/01-read-okf-ticket.md] (from /Users/zoki/code/context/.scratch/records/context-reader/issues/02-include-project-documents.md; link "01-read-okf-ticket.md")
        acceptance_criteria_present: at least one nonempty acceptance criterion is authored [/Users/zoki/code/context/.scratch/records/context-reader/issues/01-read-okf-ticket.md] (from /Users/zoki/code/context/.scratch/records/context-reader/issues/02-include-project-documents.md; link "01-read-okf-ticket.md")
        no_blocking_decisions: Blocked by decisions explicitly declares none [/Users/zoki/code/context/.scratch/records/context-reader/issues/01-read-okf-ticket.md] (from /Users/zoki/code/context/.scratch/records/context-reader/issues/02-include-project-documents.md; link "01-read-okf-ticket.md")
        no_dependencies: Blocked by explicitly declares none [/Users/zoki/code/context/.scratch/records/context-reader/issues/01-read-okf-ticket.md]
    acceptance_criteria: pass
      acceptance_criteria_present: at least one nonempty acceptance criterion is authored [/Users/zoki/code/context/.scratch/records/context-reader/issues/02-include-project-documents.md]
    required_context: pass
      required_context_available: all explicitly selected requirement and context sources are available [/Users/zoki/code/context/.scratch/records/context-reader/issues/02-include-project-documents.md]
    dependencies: fail
      snapshot_changed: snapshot source differs from the recorded digest [/Users/zoki/code/context/CONTEXT.md] (from /Users/zoki/code/context/.scratch/records/context-reader/acceptances/01-read-okf-ticket-migration-20260916.md; link "../../../../CONTEXT.md")
      completed_dependency: prerequisite is recorded as completed [/Users/zoki/code/context/.scratch/records/context-reader/issues/01-read-okf-ticket.md] (from /Users/zoki/code/context/.scratch/records/context-reader/issues/02-include-project-documents.md; link "01-read-okf-ticket.md")
      acceptance_criteria_present: at least one nonempty acceptance criterion is authored [/Users/zoki/code/context/.scratch/records/context-reader/issues/01-read-okf-ticket.md] (from /Users/zoki/code/context/.scratch/records/context-reader/issues/02-include-project-documents.md; link "01-read-okf-ticket.md")
      no_blocking_decisions: Blocked by decisions explicitly declares none [/Users/zoki/code/context/.scratch/records/context-reader/issues/01-read-okf-ticket.md] (from /Users/zoki/code/context/.scratch/records/context-reader/issues/02-include-project-documents.md; link "01-read-okf-ticket.md")
    blocking_decisions: pass
      no_blocking_decisions: Blocked by decisions explicitly declares none [/Users/zoki/code/context/.scratch/records/context-reader/issues/02-include-project-documents.md]
    excluded: completed_work: work is recorded as completed [/Users/zoki/code/context/.scratch/records/context-reader/issues/02-include-project-documents.md]
    excluded: not_committed: work is outside current commitments [/Users/zoki/code/context/.scratch/records/context-reader/issues/02-include-project-documents.md]
    excluded: readiness_blocked: readiness is blocked; inspect its checks [/Users/zoki/code/context/.scratch/records/context-reader/issues/02-include-project-documents.md]
    acceptance: stale
    acceptance check: fail
    Acceptance record:
      Acceptance: Include linked project documents [e4996667-bf14-4675-946d-e6d69fbf6a03] /Users/zoki/code/context/.scratch/records/context-reader/acceptances/02-include-project-documents-migration-20260916.md (from /Users/zoki/code/context/.scratch/records/context-reader/issues/02-include-project-documents.md; link "../acceptances/02-include-project-documents-migration-20260916.md")
      actor: workflow Codex agent /root/orientation_ticket_audit
      decided at: 2026-09-16T13:10:25.169055+00:00
      tested revision (historical): https://github.com/Zokiio/context post-review working-tree:2fedff0f41bf59366f7f25104b5007983162aa08; reader-manifest-sha256:16f14c92945bd59d95d9b39c4ce642f316004628a74f4c881e00a2780f9e19a4
      accepted fingerprint: version 1
      accepted ticketSHA256: 2c23f9228da000b950e6de6b853215da9a7a08b5da3a8a41b4ad1aa2743a985b
      accepted criteriaSHA256: 149618c98e350c54370de6c593cffe607eb4d132c0fbf45b0875ffb9eafd830a
    Human approvals: none recorded
    Requirements:
      Source:
        unknown [unknown] /Users/zoki/code/context/docs/vision.md (from /Users/zoki/code/context/.scratch/records/context-reader/acceptances/02-include-project-documents-migration-20260916.md; link "../../../../docs/vision.md")
        status: valid
        recordedSHA256: d8d7fb88699c3310cd5f489d6d44dbf342fe813c372c54485400f6765f5aa2e9
        currentSHA256: d8d7fb88699c3310cd5f489d6d44dbf342fe813c372c54485400f6765f5aa2e9
      Source:
        unknown [unknown] /Users/zoki/code/context/.scratch/context-reader/spec.md (from /Users/zoki/code/context/.scratch/records/context-reader/acceptances/02-include-project-documents-migration-20260916.md; link "../../../context-reader/spec.md")
        status: valid
        recordedSHA256: 2faf878a2442bfa5fd521ae0511af6bb685dbeb93c0885323a37ae1a18a71f37
        currentSHA256: 2faf878a2442bfa5fd521ae0511af6bb685dbeb93c0885323a37ae1a18a71f37
      Source:
        unknown [unknown] /Users/zoki/code/context/CONTEXT.md (from /Users/zoki/code/context/.scratch/records/context-reader/acceptances/02-include-project-documents-migration-20260916.md; link "../../../../CONTEXT.md")
        status: stale
        recordedSHA256: a003af0f4845f28fe14191dec210c7ceeabf6a5422fb51e7e0ee7e957d366a55
        currentSHA256: 15cd979f6af442fedec45fd3482741f0cd5362c45900151eab3e0cef452bf9b9
        snapshot_changed: snapshot source differs from the recorded digest [/Users/zoki/code/context/CONTEXT.md] (from /Users/zoki/code/context/.scratch/records/context-reader/acceptances/02-include-project-documents-migration-20260916.md; link "../../../../CONTEXT.md")
      Source:
        unknown [unknown] /Users/zoki/code/context/docs/adr/0001-one-okf-bundle-per-project.md (from /Users/zoki/code/context/.scratch/records/context-reader/acceptances/02-include-project-documents-migration-20260916.md; link "../../../../docs/adr/0001-one-okf-bundle-per-project.md")
        status: valid
        recordedSHA256: 44659df72bb86cf15968be3f8b9a838817b4e18d44e1dcfa5addb3793d9c92c5
        currentSHA256: 44659df72bb86cf15968be3f8b9a838817b4e18d44e1dcfa5addb3793d9c92c5
      Source:
        unknown [unknown] /Users/zoki/code/context/docs/adr/0002-work-relationships-in-markdown-sections.md (from /Users/zoki/code/context/.scratch/records/context-reader/acceptances/02-include-project-documents-migration-20260916.md; link "../../../../docs/adr/0002-work-relationships-in-markdown-sections.md")
        status: valid
        recordedSHA256: 4254ead8e1d55c05f27576151fd635f859a37ce2072022174fe09745440b152f
        currentSHA256: 4254ead8e1d55c05f27576151fd635f859a37ce2072022174fe09745440b152f
      Source:
        unknown [unknown] /Users/zoki/code/context/docs/agents/issue-tracker.md (from /Users/zoki/code/context/.scratch/records/context-reader/acceptances/02-include-project-documents-migration-20260916.md; link "../../../../docs/agents/issue-tracker.md")
        status: valid
        recordedSHA256: 5f8f038e1b33f595344b9a1a90d4d194331f83a5e88d6522c2e52844d77a21bb
        currentSHA256: 5f8f038e1b33f595344b9a1a90d4d194331f83a5e88d6522c2e52844d77a21bb
    Evidence:
      Source:
        unknown [unknown] /Users/zoki/code/context/.scratch/session-orientation/evidence/legacy-migration.md (from /Users/zoki/code/context/.scratch/records/context-reader/acceptances/02-include-project-documents-migration-20260916.md; link "../../../session-orientation/evidence/legacy-migration.md")
        status: valid
        recordedSHA256: 7c7e4762cf14e588ed8dfee473344c7b6d35cd144e9bf35a4c629f65959ca756
        currentSHA256: 7c7e4762cf14e588ed8dfee473344c7b6d35cd144e9bf35a4c629f65959ca756
      Source:
        unknown [unknown] /Users/zoki/code/context/.scratch/session-orientation/evidence/legacy-record-snapshots.json (from /Users/zoki/code/context/.scratch/records/context-reader/acceptances/02-include-project-documents-migration-20260916.md; link "../../../session-orientation/evidence/legacy-record-snapshots.json")
        status: valid
        recordedSHA256: c49497167b3b32ccd86d5de702111ff348544d773d128b19ce185da71e9a527a
        currentSHA256: c49497167b3b32ccd86d5de702111ff348544d773d128b19ce185da71e9a527a
      Source:
        unknown [unknown] /Users/zoki/code/context/.scratch/session-orientation/evidence/legacy-merge-correspondence.json (from /Users/zoki/code/context/.scratch/records/context-reader/acceptances/02-include-project-documents-migration-20260916.md; link "../../../session-orientation/evidence/legacy-merge-correspondence.json")
        status: valid
        recordedSHA256: db0e67626452182e26fec283c1e1a5bf86d473a3324f0b6925984bc64f88c5d1
        currentSHA256: db0e67626452182e26fec283c1e1a5bf86d473a3324f0b6925984bc64f88c5d1
      Source:
        unknown [unknown] /Users/zoki/code/context/.scratch/context-reader/acceptance-trial.md (from /Users/zoki/code/context/.scratch/records/context-reader/acceptances/02-include-project-documents-migration-20260916.md; link "../../../context-reader/acceptance-trial.md")
        status: valid
        recordedSHA256: 6807e25b385beb71a12e0386c9274fcbd04dfe3c0577b99ae792b8d1236f4775
        currentSHA256: 6807e25b385beb71a12e0386c9274fcbd04dfe3c0577b99ae792b8d1236f4775
      Source:
        unknown [unknown] /Users/zoki/code/context/.scratch/context-reader/acceptance-trial-manifest.json (from /Users/zoki/code/context/.scratch/records/context-reader/acceptances/02-include-project-documents-migration-20260916.md; link "../../../context-reader/acceptance-trial-manifest.json")
        status: valid
        recordedSHA256: 7808ffca77fdd670e4b15fc29239c8e02d0eed6f75c6133cf759b2928621c86d
        currentSHA256: 7808ffca77fdd670e4b15fc29239c8e02d0eed6f75c6133cf759b2928621c86d
      Source:
        unknown [unknown] /Users/zoki/code/context/.scratch/context-reader/review-verification-manifest.json (from /Users/zoki/code/context/.scratch/records/context-reader/acceptances/02-include-project-documents-migration-20260916.md; link "../../../context-reader/review-verification-manifest.json")
        status: valid
        recordedSHA256: 16f14c92945bd59d95d9b39c4ce642f316004628a74f4c881e00a2780f9e19a4
        currentSHA256: 16f14c92945bd59d95d9b39c4ce642f316004628a74f4c881e00a2780f9e19a4
      snapshot_changed: snapshot source differs from the recorded digest [/Users/zoki/code/context/CONTEXT.md] (from /Users/zoki/code/context/.scratch/records/context-reader/acceptances/02-include-project-documents-migration-20260916.md; link "../../../../CONTEXT.md")
    fingerprint: version 1
      ticketSHA256: 2c23f9228da000b950e6de6b853215da9a7a08b5da3a8a41b4ad1aa2743a985b
      criteriaSHA256: 149618c98e350c54370de6c593cffe607eb4d132c0fbf45b0875ffb9eafd830a
Task context: run ctx context with a work item's source as --ticket, from the same directory with the same scope selector and --allow-source arguments.

Open decisions: none
Decision inventory:
  none observed

Sources:
  /Users/zoki/code/context/.scratch/records/project.md
    sha256: 75f98f59c47bcc7fdfe7a3302a68895ba694976ae03f70a7a732d127e192c1e6
    project
  /Users/zoki/code/context/.scratch/records/cli-wayfinding/acceptances/01-share-captured-sources-20260919.md
    sha256: 216daa737bb26f813e2e9349aa93206eb8eebad62a6a8a1658545c8363207395
    inventory (link "cli-wayfinding/acceptances/01-share-captured-sources-20260919.md")
  /Users/zoki/code/context/.scratch/records/cli-wayfinding/acceptances/01-share-captured-sources-compatibility-20260919.md
    sha256: 23b7f21964b7951bf95cc298b565c7ed3c3ca2ee1a27c8810f89b89d707a53b7
    inventory (link "cli-wayfinding/acceptances/01-share-captured-sources-compatibility-20260919.md")
    acceptance (from /Users/zoki/code/context/.scratch/records/cli-wayfinding/issues/01-share-captured-sources.md; link "../acceptances/01-share-captured-sources-compatibility-20260919.md")
  /Users/zoki/code/context/.scratch/records/cli-wayfinding/acceptances/01-share-captured-sources-resume-20260919.md
    sha256: 368374c439840d64513afb080c4fd3f17f54db43abf2bb7204cae4b1dcb86492
    inventory (link "cli-wayfinding/acceptances/01-share-captured-sources-resume-20260919.md")
  /Users/zoki/code/context/.scratch/records/cli-wayfinding/acceptances/02-compact-orientation-20260919.md
    sha256: dc19aa64de2cf842ac3725f87f1d71be63c5c3a1316e28b40160250e030d75dc
    inventory (link "cli-wayfinding/acceptances/02-compact-orientation-20260919.md")
  /Users/zoki/code/context/.scratch/records/cli-wayfinding/acceptances/02-compact-orientation-order-20260919.md
    sha256: 30d1c9c05fe539df1a01d5429aae1c5343c687bda7bacd5b051881c0c8204504
    inventory (link "cli-wayfinding/acceptances/02-compact-orientation-order-20260919.md")
  /Users/zoki/code/context/.scratch/records/cli-wayfinding/acceptances/02-compact-orientation-resume-20260919.md
    sha256: de204f92e7ad2a46895a40fb9ac1d415026c92aa22921d405921475cdb41ce03
    inventory (link "cli-wayfinding/acceptances/02-compact-orientation-resume-20260919.md")
    acceptance (from /Users/zoki/code/context/.scratch/records/cli-wayfinding/issues/02-compact-orientation.md; link "../acceptances/02-compact-orientation-resume-20260919.md")
  /Users/zoki/code/context/.scratch/records/cli-wayfinding/acceptances/03-resume-without-notes-20260919.md
    sha256: 6ce11c086ff3d471be32e0a2023a777d1c769a706e778a71c5cc348e49f77da3
    inventory (link "cli-wayfinding/acceptances/03-resume-without-notes-20260919.md")
    acceptance (from /Users/zoki/code/context/.scratch/records/cli-wayfinding/issues/03-resume-without-notes.md; link "../acceptances/03-resume-without-notes-20260919.md")
  /Users/zoki/code/context/.scratch/records/cli-wayfinding/acceptances/04-retained-checkpoint-20260919.md
    sha256: 9b03bb5de9e7a0a3d1ec3d72accf7140a55ff64493be35cc19f4feb8a90a84ea
    inventory (link "cli-wayfinding/acceptances/04-retained-checkpoint-20260919.md")
  /Users/zoki/code/context/.scratch/records/cli-wayfinding/acceptances/04-retained-checkpoint-review-20260919.md
    sha256: 23c81a19364f77b2ef700bea545b6907323df3fa751cd5b26462250b856c0438
    inventory (link "cli-wayfinding/acceptances/04-retained-checkpoint-review-20260919.md")
    acceptance (from /Users/zoki/code/context/.scratch/records/cli-wayfinding/issues/04-retained-checkpoint.md; link "../acceptances/04-retained-checkpoint-review-20260919.md")
  /Users/zoki/code/context/.scratch/records/cli-wayfinding/acceptances/05-competing-checkpoints-20260919.md
    sha256: 1590dd1583e2ee43972d603117c7034bc0d9af720b32a0b860d73e7756dcf5b7
    inventory (link "cli-wayfinding/acceptances/05-competing-checkpoints-20260919.md")
    acceptance (from /Users/zoki/code/context/.scratch/records/cli-wayfinding/issues/05-competing-checkpoints.md; link "../acceptances/05-competing-checkpoints-20260919.md")
  /Users/zoki/code/context/.scratch/records/cli-wayfinding/acceptances/06-recovery-skills-20260919.md
    sha256: 189a0e6c1625e7a210797dcdd9302ba66dbf90a7629900cd872bfdfa277db6ee
    inventory (link "cli-wayfinding/acceptances/06-recovery-skills-20260919.md")
    acceptance (from /Users/zoki/code/context/.scratch/records/cli-wayfinding/issues/06-recovery-skills.md; link "../acceptances/06-recovery-skills-20260919.md")
  /Users/zoki/code/context/.scratch/records/cli-wayfinding/issues/01-share-captured-sources.md
    sha256: 9deb3b4a019e1bffbc73c1e8a142e42f879d44c8cdb1efd900720b23c8f8def1
    inventory (link "cli-wayfinding/issues/01-share-captured-sources.md")
    commitment (from /Users/zoki/code/context/.scratch/records/project.md; link "cli-wayfinding/issues/01-share-captured-sources.md")
    blocked_by (from /Users/zoki/code/context/.scratch/records/cli-wayfinding/issues/03-resume-without-notes.md; link "01-share-captured-sources.md")
  /Users/zoki/code/context/.scratch/records/cli-wayfinding/issues/02-compact-orientation.md
    sha256: d090058ea7eb9c5258ef82ed182ec86820a4a5b8415d156a64c79ba9281740ac
    inventory (link "cli-wayfinding/issues/02-compact-orientation.md")
    commitment (from /Users/zoki/code/context/.scratch/records/project.md; link "cli-wayfinding/issues/02-compact-orientation.md")
    blocked_by (from /Users/zoki/code/context/.scratch/records/cli-wayfinding/issues/07-verify-workflow.md; link "02-compact-orientation.md")
  /Users/zoki/code/context/.scratch/records/cli-wayfinding/issues/03-resume-without-notes.md
    sha256: 8774c57807aee585609a09c5fa0e1cf475b4febea34a942b97d10a6d176c1d6c
    inventory (link "cli-wayfinding/issues/03-resume-without-notes.md")
    commitment (from /Users/zoki/code/context/.scratch/records/project.md; link "cli-wayfinding/issues/03-resume-without-notes.md")
    blocked_by (from /Users/zoki/code/context/.scratch/records/cli-wayfinding/issues/04-retained-checkpoint.md; link "03-resume-without-notes.md")
  /Users/zoki/code/context/.scratch/records/cli-wayfinding/issues/04-retained-checkpoint.md
    sha256: 779914179f7aeffa439c00b003a770b834390836edb0242c87541bf92476e423
    inventory (link "cli-wayfinding/issues/04-retained-checkpoint.md")
    commitment (from /Users/zoki/code/context/.scratch/records/project.md; link "cli-wayfinding/issues/04-retained-checkpoint.md")
    blocked_by (from /Users/zoki/code/context/.scratch/records/cli-wayfinding/issues/05-competing-checkpoints.md; link "04-retained-checkpoint.md")
  /Users/zoki/code/context/.scratch/records/cli-wayfinding/issues/05-competing-checkpoints.md
    sha256: c3a43ec0fa9ffbf314c4c64bdb14c560a47bb624334b505cbeafe0be1df5fb90
    inventory (link "cli-wayfinding/issues/05-competing-checkpoints.md")
    commitment (from /Users/zoki/code/context/.scratch/records/project.md; link "cli-wayfinding/issues/05-competing-checkpoints.md")
    blocked_by (from /Users/zoki/code/context/.scratch/records/cli-wayfinding/issues/06-recovery-skills.md; link "05-competing-checkpoints.md")
  /Users/zoki/code/context/.scratch/records/cli-wayfinding/issues/06-recovery-skills.md
    sha256: 3a03bbd4d3f7cd7f8810c82b52093bd80e5de73aa4d568b7119c9f8d7457b367
    inventory (link "cli-wayfinding/issues/06-recovery-skills.md")
    commitment (from /Users/zoki/code/context/.scratch/records/project.md; link "cli-wayfinding/issues/06-recovery-skills.md")
    blocked_by (from /Users/zoki/code/context/.scratch/records/cli-wayfinding/issues/07-verify-workflow.md; link "06-recovery-skills.md")
  /Users/zoki/code/context/.scratch/records/cli-wayfinding/issues/07-verify-workflow.md
    sha256: e946325c76ab826290363fe17dcc6b2e859ec244dae8cfa7717b2162792a1c4e
    inventory (link "cli-wayfinding/issues/07-verify-workflow.md")
    commitment (from /Users/zoki/code/context/.scratch/records/project.md; link "cli-wayfinding/issues/07-verify-workflow.md")
  /Users/zoki/code/context/.scratch/records/context-reader/acceptances/01-read-okf-ticket-migration-20260916.md
    sha256: 266fcbe5cbb77ac3fa863c96bc27f541cc9efda081d54d7d4f964701da8ca61a
    inventory (link "context-reader/acceptances/01-read-okf-ticket-migration-20260916.md")
    acceptance (from /Users/zoki/code/context/.scratch/records/context-reader/issues/01-read-okf-ticket.md; link "../acceptances/01-read-okf-ticket-migration-20260916.md")
  /Users/zoki/code/context/.scratch/records/context-reader/acceptances/02-include-project-documents-migration-20260916.md
    sha256: 5340d714a64ade2c8aa9c52c83b760a56df00558af49916739ffc7c75f730b38
    inventory (link "context-reader/acceptances/02-include-project-documents-migration-20260916.md")
    acceptance (from /Users/zoki/code/context/.scratch/records/context-reader/issues/02-include-project-documents.md; link "../acceptances/02-include-project-documents-migration-20260916.md")
  /Users/zoki/code/context/.scratch/records/context-reader/acceptances/03-follow-blocker-tickets-migration-20260916.md
    sha256: 450705915be24e0bf4a305a00d3c025d9bf79ce1abf13c81755217ab086cc2e3
    inventory (link "context-reader/acceptances/03-follow-blocker-tickets-migration-20260916.md")
    acceptance (from /Users/zoki/code/context/.scratch/records/context-reader/issues/03-follow-blocker-tickets.md; link "../acceptances/03-follow-blocker-tickets-migration-20260916.md")
  /Users/zoki/code/context/.scratch/records/context-reader/acceptances/04-allow-external-context-migration-20260916.md
    sha256: 0ff635ab2326c1d876e871bc83b68f12744134d807cbc3c08c3ea64ec0eba8ad
    inventory (link "context-reader/acceptances/04-allow-external-context-migration-20260916.md")
    acceptance (from /Users/zoki/code/context/.scratch/records/context-reader/issues/04-allow-external-context.md; link "../acceptances/04-allow-external-context-migration-20260916.md")
  /Users/zoki/code/context/.scratch/records/context-reader/acceptances/05-bound-context-collection-migration-20260916.md
    sha256: 01c8bf5f3db33b354d2a0c3f99a676f933b4e33189647acdb1bfe3b8f35336e7
    inventory (link "context-reader/acceptances/05-bound-context-collection-migration-20260916.md")
    acceptance (from /Users/zoki/code/context/.scratch/records/context-reader/issues/05-bound-context-collection.md; link "../acceptances/05-bound-context-collection-migration-20260916.md")
  /Users/zoki/code/context/.scratch/records/context-reader/issues/01-read-okf-ticket.md
    sha256: 3fc777cb4ce55536a0b28f855d636135dd8845f013d411ba3d06c27486ebd27b
    inventory (link "context-reader/issues/01-read-okf-ticket.md")
    blocked_by (from /Users/zoki/code/context/.scratch/records/context-reader/issues/02-include-project-documents.md; link "01-read-okf-ticket.md")
    context (from /Users/zoki/code/context/.scratch/records/session-orientation/issues/07-migrate-records-and-prepare-trial.md; link "../../context-reader/issues/01-read-okf-ticket.md")
    requirement (from /Users/zoki/code/context/.scratch/records/session-orientation/acceptances/07-evidence-correction-20260916.md; link "../../context-reader/issues/01-read-okf-ticket.md")
  /Users/zoki/code/context/.scratch/records/context-reader/issues/02-include-project-documents.md
    sha256: c2a0331fe30487f1d67b192dcd3aa9c66d4fb9e916c096046664a14fc76f8565
    inventory (link "context-reader/issues/02-include-project-documents.md")
    blocked_by (from /Users/zoki/code/context/.scratch/records/context-reader/issues/03-follow-blocker-tickets.md; link "02-include-project-documents.md")
    blocked_by (from /Users/zoki/code/context/.scratch/records/context-reader/issues/04-allow-external-context.md; link "02-include-project-documents.md")
    context (from /Users/zoki/code/context/.scratch/records/session-orientation/issues/07-migrate-records-and-prepare-trial.md; link "../../context-reader/issues/02-include-project-documents.md")
    requirement (from /Users/zoki/code/context/.scratch/records/session-orientation/acceptances/07-evidence-correction-20260916.md; link "../../context-reader/issues/02-include-project-documents.md")
  /Users/zoki/code/context/.scratch/records/context-reader/issues/03-follow-blocker-tickets.md
    sha256: f06f57ff228070850d154435a9f9ddeeeb80af238b522f6d9369796027348941
    inventory (link "context-reader/issues/03-follow-blocker-tickets.md")
    blocked_by (from /Users/zoki/code/context/.scratch/records/context-reader/issues/05-bound-context-collection.md; link "03-follow-blocker-tickets.md")
    context (from /Users/zoki/code/context/.scratch/records/session-orientation/issues/07-migrate-records-and-prepare-trial.md; link "../../context-reader/issues/03-follow-blocker-tickets.md")
    requirement (from /Users/zoki/code/context/.scratch/records/session-orientation/acceptances/07-evidence-correction-20260916.md; link "../../context-reader/issues/03-follow-blocker-tickets.md")
  /Users/zoki/code/context/.scratch/records/context-reader/issues/04-allow-external-context.md
    sha256: d9910d044da99ea41020889a6243f43b0f193a4594fdfb986dd078160e1572a9
    inventory (link "context-reader/issues/04-allow-external-context.md")
    blocked_by (from /Users/zoki/code/context/.scratch/records/context-reader/issues/05-bound-context-collection.md; link "04-allow-external-context.md")
    context (from /Users/zoki/code/context/.scratch/records/session-orientation/issues/07-migrate-records-and-prepare-trial.md; link "../../context-reader/issues/04-allow-external-context.md")
    requirement (from /Users/zoki/code/context/.scratch/records/session-orientation/acceptances/07-evidence-correction-20260916.md; link "../../context-reader/issues/04-allow-external-context.md")
  /Users/zoki/code/context/.scratch/records/context-reader/issues/05-bound-context-collection.md
    sha256: fd6ffcac601b5669d00151851f769fa73e99b67ac7b37f363fa3aaee378dffd5
    inventory (link "context-reader/issues/05-bound-context-collection.md")
    context (from /Users/zoki/code/context/.scratch/records/session-orientation/issues/07-migrate-records-and-prepare-trial.md; link "../../context-reader/issues/05-bound-context-collection.md")
    requirement (from /Users/zoki/code/context/.scratch/records/session-orientation/acceptances/07-evidence-correction-20260916.md; link "../../context-reader/issues/05-bound-context-collection.md")
  /Users/zoki/code/context/.scratch/records/project-discovery/acceptances/01-configuration-20260917.md
    sha256: e1fccc2050c0777e802cd7b8769ea0a0f64f97fc9902aff5cbef78e371e6e792
    inventory (link "project-discovery/acceptances/01-configuration-20260917.md")
  /Users/zoki/code/context/.scratch/records/project-discovery/acceptances/01-configuration-reassessed-20260917.md
    sha256: 20fe4a15483dfa96d51de8df6028c2060591d6550beefd2501bb2a40f76bcaaf
    inventory (link "project-discovery/acceptances/01-configuration-reassessed-20260917.md")
    acceptance (from /Users/zoki/code/context/.scratch/records/project-discovery/issues/01-read-configuration.md; link "../acceptances/01-configuration-reassessed-20260917.md")
  /Users/zoki/code/context/.scratch/records/project-discovery/acceptances/02-scope-20260917.md
    sha256: 0bf15ce30840b4032a7eed7403a30429f4393a84bc85b2fc21c98d76ea71cd1b
    inventory (link "project-discovery/acceptances/02-scope-20260917.md")
    acceptance (from /Users/zoki/code/context/.scratch/records/project-discovery/issues/02-resolve-scope.md; link "../acceptances/02-scope-20260917.md")
  /Users/zoki/code/context/.scratch/records/project-discovery/acceptances/03-reader-cli-20260917.md
    sha256: c7f1cfa86469dddd1f8f5b13701f8129b9f66fbed53ace2248a008e04c3b0d44
    inventory (link "project-discovery/acceptances/03-reader-cli-20260917.md")
    acceptance (from /Users/zoki/code/context/.scratch/records/project-discovery/issues/03-integrate-cli.md; link "../acceptances/03-reader-cli-20260917.md")
  /Users/zoki/code/context/.scratch/records/project-discovery/acceptances/04-workspace-20260917.md
    sha256: 1737615f72f0b7b4d48e6b49d8050c4aba0ac49ea7101ed2751352a3a2a1fd27
    inventory (link "project-discovery/acceptances/04-workspace-20260917.md")
    acceptance (from /Users/zoki/code/context/.scratch/records/project-discovery/issues/04-workspace-navigation.md; link "../acceptances/04-workspace-20260917.md")
  /Users/zoki/code/context/.scratch/records/project-discovery/acceptances/05-setup-20260917.md
    sha256: 71d55d18b06445578d483eebbf8e599bc67601a6ed1a76b54d196c4821f0bd4e
    inventory (link "project-discovery/acceptances/05-setup-20260917.md")
  /Users/zoki/code/context/.scratch/records/project-discovery/acceptances/05-setup-write-reassessed-20260917.md
    sha256: fc48fb8496da2c29764999018b33127489b4682a3d529b1b2803e73f706600ca
    inventory (link "project-discovery/acceptances/05-setup-write-reassessed-20260917.md")
    acceptance (from /Users/zoki/code/context/.scratch/records/project-discovery/issues/05-connect-records.md; link "../acceptances/05-setup-write-reassessed-20260917.md")
  /Users/zoki/code/context/.scratch/records/project-discovery/acceptances/06-documentation-reassessed-20260917.md
    sha256: 6c3d79c4c31135e9852f21a9aa878d1d46bc0e3a1975598b52b24cd15e861352
    inventory (link "project-discovery/acceptances/06-documentation-reassessed-20260917.md")
    acceptance (from /Users/zoki/code/context/.scratch/records/project-discovery/issues/06-document-and-trial.md; link "../acceptances/06-documentation-reassessed-20260917.md")
  /Users/zoki/code/context/.scratch/records/project-discovery/acceptances/06-documentation-trial-20260917.md
    sha256: ca455d73ef12c3de2f5ab9af2f5fc503c3a22f5d90076839033ed35c5c4ef158
    inventory (link "project-discovery/acceptances/06-documentation-trial-20260917.md")
  /Users/zoki/code/context/.scratch/records/project-discovery/issues/01-read-configuration.md
    sha256: abf93aecb0627c77cb82664c7b5c4e2cf53c077f5632b917406feed5fdb02578
    inventory (link "project-discovery/issues/01-read-configuration.md")
    blocked_by (from /Users/zoki/code/context/.scratch/records/project-discovery/issues/02-resolve-scope.md; link "01-read-configuration.md")
  /Users/zoki/code/context/.scratch/records/project-discovery/issues/02-resolve-scope.md
    sha256: 384ade6bcb331613f540a4207b5369fe51e0c3bae202827fc74a5a459cb97ed3
    inventory (link "project-discovery/issues/02-resolve-scope.md")
    blocked_by (from /Users/zoki/code/context/.scratch/records/project-discovery/issues/03-integrate-cli.md; link "02-resolve-scope.md")
    blocked_by (from /Users/zoki/code/context/.scratch/records/project-discovery/issues/05-connect-records.md; link "02-resolve-scope.md")
  /Users/zoki/code/context/.scratch/records/project-discovery/issues/03-integrate-cli.md
    sha256: 6edb6fb0022ec99ea4b737881dfd23727b475b689609e089cbda9e76fc928075
    inventory (link "project-discovery/issues/03-integrate-cli.md")
    blocked_by (from /Users/zoki/code/context/.scratch/records/project-discovery/issues/04-workspace-navigation.md; link "03-integrate-cli.md")
    blocked_by (from /Users/zoki/code/context/.scratch/records/project-discovery/issues/06-document-and-trial.md; link "03-integrate-cli.md")
  /Users/zoki/code/context/.scratch/records/project-discovery/issues/04-workspace-navigation.md
    sha256: 53e4c106efbbc79f30a62414bc8c8d4d85439224b2a217f03989b728be0c0776
    inventory (link "project-discovery/issues/04-workspace-navigation.md")
    blocked_by (from /Users/zoki/code/context/.scratch/records/project-discovery/issues/06-document-and-trial.md; link "04-workspace-navigation.md")
  /Users/zoki/code/context/.scratch/records/project-discovery/issues/05-connect-records.md
    sha256: 2dd48480bbba50e7a96e317a0c19ccbb362deb10fe089e12dc08bd0e89d5680a
    inventory (link "project-discovery/issues/05-connect-records.md")
    blocked_by (from /Users/zoki/code/context/.scratch/records/project-discovery/issues/06-document-and-trial.md; link "05-connect-records.md")
  /Users/zoki/code/context/.scratch/records/project-discovery/issues/06-document-and-trial.md
    sha256: 5fb995e01f96056bbde07acb39e3510e80fdb4a8550d0de10daf33c46aba89ad
    inventory (link "project-discovery/issues/06-document-and-trial.md")
  /Users/zoki/code/context/.scratch/records/session-orientation/acceptances/01-authoring-reassessment-20260916.md
    sha256: d3ad2cfabd615e3ab8125406041ee4938c6fdef5d58599de4cc0314917ba6681
    inventory (link "session-orientation/acceptances/01-authoring-reassessment-20260916.md")
  /Users/zoki/code/context/.scratch/records/session-orientation/acceptances/01-evidence-correction-20260916.md
    sha256: 3450a94650c85f02f1ed6908d2096d05f131ed191fad86ed6a2d66d2f08b5c0d
    inventory (link "session-orientation/acceptances/01-evidence-correction-20260916.md")
    acceptance (from /Users/zoki/code/context/.scratch/records/session-orientation/issues/01-show-project-orientation.md; link "../acceptances/01-evidence-correction-20260916.md")
  /Users/zoki/code/context/.scratch/records/session-orientation/acceptances/01-overview-20260916.md
    sha256: 7f88f34a00e457c52549fb3ad35732d6b61521d923f409ef0118732156cd2820
    inventory (link "session-orientation/acceptances/01-overview-20260916.md")
  /Users/zoki/code/context/.scratch/records/session-orientation/acceptances/01-review-reassessment-20260916.md
    sha256: 608f88a0f0e946690d7a804403b4ac375e028c7394529d044b4cdcaec632c5d0
    inventory (link "session-orientation/acceptances/01-review-reassessment-20260916.md")
  /Users/zoki/code/context/.scratch/records/session-orientation/acceptances/02-authoring-reassessment-20260916.md
    sha256: 5cada481e5940c8ed6a1cea820690199875b1165b3f144edd534b6e8bcb620db
    inventory (link "session-orientation/acceptances/02-authoring-reassessment-20260916.md")
    acceptance (from /Users/zoki/code/context/.scratch/records/session-orientation/issues/02-list-eligible-work.md; link "../acceptances/02-authoring-reassessment-20260916.md")
  /Users/zoki/code/context/.scratch/records/session-orientation/acceptances/02-eligibility-20260916.md
    sha256: 78f5cb26225a0750775bb9f98226be4ae78b322648b177c42e31a7b6e3e61d88
    inventory (link "session-orientation/acceptances/02-eligibility-20260916.md")
  /Users/zoki/code/context/.scratch/records/session-orientation/acceptances/03-authoring-reassessment-20260916.md
    sha256: b6c96b074ba49e553a4cb7a1cb42b2fa05a20e67d1aa8d75d688dad6ae845b51
    inventory (link "session-orientation/acceptances/03-authoring-reassessment-20260916.md")
    acceptance (from /Users/zoki/code/context/.scratch/records/session-orientation/issues/03-explain-blocking-decisions.md; link "../acceptances/03-authoring-reassessment-20260916.md")
  /Users/zoki/code/context/.scratch/records/session-orientation/acceptances/03-decisions-20260916.md
    sha256: 171f751f995709f49809ac98fd57eae257a03f45ae962825db8ce8e58410113e
    inventory (link "session-orientation/acceptances/03-decisions-20260916.md")
  /Users/zoki/code/context/.scratch/records/session-orientation/acceptances/04-authoring-reassessment-20260916.md
    sha256: 6e4cc7b322cc0b0934d9ce8180506812108e58b7a1a21d917282ea43d43781bb
    inventory (link "session-orientation/acceptances/04-authoring-reassessment-20260916.md")
    acceptance (from /Users/zoki/code/context/.scratch/records/session-orientation/issues/04-expose-requirement-fingerprints.md; link "../acceptances/04-authoring-reassessment-20260916.md")
  /Users/zoki/code/context/.scratch/records/session-orientation/acceptances/04-fingerprints-20260916.md
    sha256: fc7afe29c7f2296362adb7e70e5bcd151dece09c00f7fd82569bcdabcc20b6b9
    inventory (link "session-orientation/acceptances/04-fingerprints-20260916.md")
  /Users/zoki/code/context/.scratch/records/session-orientation/acceptances/05-acceptance-20260916.md
    sha256: d0916c8c853dc4502587ed8d7d72b5c89b90b9ed0043fbb0a09489e84ad0880d
    inventory (link "session-orientation/acceptances/05-acceptance-20260916.md")
  /Users/zoki/code/context/.scratch/records/session-orientation/acceptances/05-evidence-correction-20260916.md
    sha256: 3b1d7fc70a8324f28c631ba8cc2cd78348dde4a5992f0256afe6b34dfc6aab5c
    inventory (link "session-orientation/acceptances/05-evidence-correction-20260916.md")
    acceptance (from /Users/zoki/code/context/.scratch/records/session-orientation/issues/05-verify-prerequisite-acceptance.md; link "../acceptances/05-evidence-correction-20260916.md")
  /Users/zoki/code/context/.scratch/records/session-orientation/acceptances/05-review-reassessment-20260916.md
    sha256: 69600382f6479f8a5c0ffe35e49a176da082bf3dfadf062fcc82ba38397b0aa2
    inventory (link "session-orientation/acceptances/05-review-reassessment-20260916.md")
  /Users/zoki/code/context/.scratch/records/session-orientation/acceptances/06-dependencies-20260916.md
    sha256: 1517ed740e60648bba454bf1d6155f2c3634dbe5ed6f66ab1634384b51062022
    inventory (link "session-orientation/acceptances/06-dependencies-20260916.md")
  /Users/zoki/code/context/.scratch/records/session-orientation/acceptances/06-evidence-correction-20260916.md
    sha256: 3baed4ff299286ae4bb9e561207ddc43a0d0194260a7321e3af59e4a2a33f696
    inventory (link "session-orientation/acceptances/06-evidence-correction-20260916.md")
    acceptance (from /Users/zoki/code/context/.scratch/records/session-orientation/issues/06-evaluate-prerequisite-chains.md; link "../acceptances/06-evidence-correction-20260916.md")
  /Users/zoki/code/context/.scratch/records/session-orientation/acceptances/06-review-reassessment-20260916.md
    sha256: 613eae4f4609618fb7638738bef68972bd5ae29ab4bb696d6206d1d6e12c3b6b
    inventory (link "session-orientation/acceptances/06-review-reassessment-20260916.md")
  /Users/zoki/code/context/.scratch/records/session-orientation/acceptances/07-evidence-correction-20260916.md
    sha256: 2c5071a7f7ebbb1284549517f5fd58228c0b2885dd9b8c37796b8dcf37b443b4
    inventory (link "session-orientation/acceptances/07-evidence-correction-20260916.md")
    acceptance (from /Users/zoki/code/context/.scratch/records/session-orientation/issues/07-migrate-records-and-prepare-trial.md; link "../acceptances/07-evidence-correction-20260916.md")
  /Users/zoki/code/context/.scratch/records/session-orientation/acceptances/07-migration-20260916.md
    sha256: e484aaa5d72ddd97307526bd486d6809fb937b43a39af963c7b4f8134a93f523
    inventory (link "session-orientation/acceptances/07-migration-20260916.md")
  /Users/zoki/code/context/.scratch/records/session-orientation/acceptances/08-pickup-trial-20260916.md
    sha256: 8260ed44ceaecae7a9048046c4a4612b77b6cc1769485a36ec79b4fc42fa6f60
    inventory (link "session-orientation/acceptances/08-pickup-trial-20260916.md")
    acceptance (from /Users/zoki/code/context/.scratch/records/session-orientation/issues/08-verify-fresh-session-pickup.md; link "../acceptances/08-pickup-trial-20260916.md")
  /Users/zoki/code/context/.scratch/records/session-orientation/issues/01-show-project-orientation.md
    sha256: 192dc06910488246ac580388727e3d776a37d6f3c5ee4ec2c0dd02c28ffa4f9e
    inventory (link "session-orientation/issues/01-show-project-orientation.md")
    blocked_by (from /Users/zoki/code/context/.scratch/records/session-orientation/issues/02-list-eligible-work.md; link "01-show-project-orientation.md")
    blocked_by (from /Users/zoki/code/context/.scratch/records/session-orientation/issues/04-expose-requirement-fingerprints.md; link "01-show-project-orientation.md")
  /Users/zoki/code/context/.scratch/records/session-orientation/issues/02-list-eligible-work.md
    sha256: e7a708a3cf0682f1bf79d89c0465b2ef55febcaa651e7cfe1daa3e01dd3e9041
    inventory (link "session-orientation/issues/02-list-eligible-work.md")
    blocked_by (from /Users/zoki/code/context/.scratch/records/session-orientation/issues/03-explain-blocking-decisions.md; link "02-list-eligible-work.md")
  /Users/zoki/code/context/.scratch/records/session-orientation/issues/03-explain-blocking-decisions.md
    sha256: 98ca1d00f03f8056aad94f21d5f094ead3182b19b87fbb0e2d913dc7bc4aa2d4
    inventory (link "session-orientation/issues/03-explain-blocking-decisions.md")
    blocked_by (from /Users/zoki/code/context/.scratch/records/session-orientation/issues/05-verify-prerequisite-acceptance.md; link "03-explain-blocking-decisions.md")
  /Users/zoki/code/context/.scratch/records/session-orientation/issues/04-expose-requirement-fingerprints.md
    sha256: 7894736f2b06c0e2d65eb7d6d76792c642a92502a8c52e334d38e7a3747598c9
    inventory (link "session-orientation/issues/04-expose-requirement-fingerprints.md")
    blocked_by (from /Users/zoki/code/context/.scratch/records/session-orientation/issues/05-verify-prerequisite-acceptance.md; link "04-expose-requirement-fingerprints.md")
  /Users/zoki/code/context/.scratch/records/session-orientation/issues/05-verify-prerequisite-acceptance.md
    sha256: f2da6ff7db54afb83e6e517ab0d87164c51b3e5d9f2a91bc7159e38c0e14a5a3
    inventory (link "session-orientation/issues/05-verify-prerequisite-acceptance.md")
    blocked_by (from /Users/zoki/code/context/.scratch/records/session-orientation/issues/06-evaluate-prerequisite-chains.md; link "05-verify-prerequisite-acceptance.md")
  /Users/zoki/code/context/.scratch/records/session-orientation/issues/06-evaluate-prerequisite-chains.md
    sha256: 289765b7c8a1e26bbd06352915005e418a6e735694ed22bb9ae813030bca712e
    inventory (link "session-orientation/issues/06-evaluate-prerequisite-chains.md")
    blocked_by (from /Users/zoki/code/context/.scratch/records/session-orientation/issues/07-migrate-records-and-prepare-trial.md; link "06-evaluate-prerequisite-chains.md")
  /Users/zoki/code/context/.scratch/records/session-orientation/issues/07-migrate-records-and-prepare-trial.md
    sha256: 188cb00d4ddc541359cc00d3a410282e5a9d16625a67f4f88dd44e4f2f0f8fe6
    inventory (link "session-orientation/issues/07-migrate-records-and-prepare-trial.md")
    blocked_by (from /Users/zoki/code/context/.scratch/records/session-orientation/issues/08-verify-fresh-session-pickup.md; link "07-migrate-records-and-prepare-trial.md")
  /Users/zoki/code/context/.scratch/records/session-orientation/issues/08-verify-fresh-session-pickup.md
    sha256: b057afe511db42c98ea9bb57ce8e16c27e0531c482fa5d55238d5b3015edaa2c
    inventory (link "session-orientation/issues/08-verify-fresh-session-pickup.md")
  /Users/zoki/code/context/docs/vision.md
    sha256: d8d7fb88699c3310cd5f489d6d44dbf342fe813c372c54485400f6765f5aa2e9
    goal (from /Users/zoki/code/context/.scratch/records/project.md; link "../../docs/vision.md")
    context (from /Users/zoki/code/context/.scratch/records/cli-wayfinding/issues/01-share-captured-sources.md; link "../../../../docs/vision.md")
    requirement (from /Users/zoki/code/context/.scratch/records/cli-wayfinding/acceptances/01-share-captured-sources-compatibility-20260919.md; link "../../../../docs/vision.md")
    context (from /Users/zoki/code/context/.scratch/records/cli-wayfinding/issues/02-compact-orientation.md; link "../../../../docs/vision.md")
    requirement (from /Users/zoki/code/context/.scratch/records/cli-wayfinding/acceptances/02-compact-orientation-resume-20260919.md; link "../../../../docs/vision.md")
    context (from /Users/zoki/code/context/.scratch/records/cli-wayfinding/issues/03-resume-without-notes.md; link "../../../../docs/vision.md")
    requirement (from /Users/zoki/code/context/.scratch/records/cli-wayfinding/acceptances/03-resume-without-notes-20260919.md; link "../../../../docs/vision.md")
    context (from /Users/zoki/code/context/.scratch/records/cli-wayfinding/issues/04-retained-checkpoint.md; link "../../../../docs/vision.md")
    requirement (from /Users/zoki/code/context/.scratch/records/cli-wayfinding/acceptances/04-retained-checkpoint-review-20260919.md; link "../../../../docs/vision.md")
    context (from /Users/zoki/code/context/.scratch/records/cli-wayfinding/issues/05-competing-checkpoints.md; link "../../../../docs/vision.md")
    requirement (from /Users/zoki/code/context/.scratch/records/cli-wayfinding/acceptances/05-competing-checkpoints-20260919.md; link "../../../../docs/vision.md")
    context (from /Users/zoki/code/context/.scratch/records/cli-wayfinding/issues/06-recovery-skills.md; link "../../../../docs/vision.md")
    requirement (from /Users/zoki/code/context/.scratch/records/cli-wayfinding/acceptances/06-recovery-skills-20260919.md; link "../../../../docs/vision.md")
    context (from /Users/zoki/code/context/.scratch/records/cli-wayfinding/issues/07-verify-workflow.md; link "../../../../docs/vision.md")
    context (from /Users/zoki/code/context/.scratch/records/context-reader/issues/01-read-okf-ticket.md; link "../../../../docs/vision.md")
    requirement (from /Users/zoki/code/context/.scratch/records/context-reader/acceptances/01-read-okf-ticket-migration-20260916.md; link "../../../../docs/vision.md")
    context (from /Users/zoki/code/context/.scratch/records/context-reader/issues/02-include-project-documents.md; link "../../../../docs/vision.md")
    requirement (from /Users/zoki/code/context/.scratch/records/context-reader/acceptances/02-include-project-documents-migration-20260916.md; link "../../../../docs/vision.md")
    context (from /Users/zoki/code/context/.scratch/records/context-reader/issues/03-follow-blocker-tickets.md; link "../../../../docs/vision.md")
    requirement (from /Users/zoki/code/context/.scratch/records/context-reader/acceptances/03-follow-blocker-tickets-migration-20260916.md; link "../../../../docs/vision.md")
    context (from /Users/zoki/code/context/.scratch/records/context-reader/issues/04-allow-external-context.md; link "../../../../docs/vision.md")
    requirement (from /Users/zoki/code/context/.scratch/records/context-reader/acceptances/04-allow-external-context-migration-20260916.md; link "../../../../docs/vision.md")
    context (from /Users/zoki/code/context/.scratch/records/context-reader/issues/05-bound-context-collection.md; link "../../../../docs/vision.md")
    requirement (from /Users/zoki/code/context/.scratch/records/context-reader/acceptances/05-bound-context-collection-migration-20260916.md; link "../../../../docs/vision.md")
    context (from /Users/zoki/code/context/.scratch/records/project-discovery/issues/01-read-configuration.md; link "../../../../docs/vision.md")
    requirement (from /Users/zoki/code/context/.scratch/records/project-discovery/acceptances/01-configuration-reassessed-20260917.md; link "../../../../docs/vision.md")
    context (from /Users/zoki/code/context/.scratch/records/project-discovery/issues/02-resolve-scope.md; link "../../../../docs/vision.md")
    requirement (from /Users/zoki/code/context/.scratch/records/project-discovery/acceptances/02-scope-20260917.md; link "../../../../docs/vision.md")
    context (from /Users/zoki/code/context/.scratch/records/project-discovery/issues/03-integrate-cli.md; link "../../../../docs/vision.md")
    requirement (from /Users/zoki/code/context/.scratch/records/project-discovery/acceptances/03-reader-cli-20260917.md; link "../../../../docs/vision.md")
    context (from /Users/zoki/code/context/.scratch/records/project-discovery/issues/04-workspace-navigation.md; link "../../../../docs/vision.md")
    requirement (from /Users/zoki/code/context/.scratch/records/project-discovery/acceptances/04-workspace-20260917.md; link "../../../../docs/vision.md")
    context (from /Users/zoki/code/context/.scratch/records/project-discovery/issues/05-connect-records.md; link "../../../../docs/vision.md")
    requirement (from /Users/zoki/code/context/.scratch/records/project-discovery/acceptances/05-setup-write-reassessed-20260917.md; link "../../../../docs/vision.md")
    context (from /Users/zoki/code/context/.scratch/records/project-discovery/issues/06-document-and-trial.md; link "../../../../docs/vision.md")
    requirement (from /Users/zoki/code/context/.scratch/records/project-discovery/acceptances/06-documentation-reassessed-20260917.md; link "../../../../docs/vision.md")
    context (from /Users/zoki/code/context/.scratch/records/session-orientation/issues/01-show-project-orientation.md; link "../../../../docs/vision.md")
    requirement (from /Users/zoki/code/context/.scratch/records/session-orientation/acceptances/01-evidence-correction-20260916.md; link "../../../../docs/vision.md")
    context (from /Users/zoki/code/context/.scratch/records/session-orientation/issues/02-list-eligible-work.md; link "../../../../docs/vision.md")
    requirement (from /Users/zoki/code/context/.scratch/records/session-orientation/acceptances/02-authoring-reassessment-20260916.md; link "../../../../docs/vision.md")
    context (from /Users/zoki/code/context/.scratch/records/session-orientation/issues/07-migrate-records-and-prepare-trial.md; link "../../../../docs/vision.md")
    requirement (from /Users/zoki/code/context/.scratch/records/session-orientation/acceptances/07-evidence-correction-20260916.md; link "../../../../docs/vision.md")
    context (from /Users/zoki/code/context/.scratch/records/session-orientation/issues/08-verify-fresh-session-pickup.md; link "../../../../docs/vision.md")
    requirement (from /Users/zoki/code/context/.scratch/records/session-orientation/acceptances/08-pickup-trial-20260916.md; link "../../../../docs/vision.md")
  /Users/zoki/code/context/.scratch/session-orientation/spec.md
    sha256: bc021e3cd30a4bf978a2d26d530e8b778bd4f8cb250feb6e00c6cce62a024279
    goal (from /Users/zoki/code/context/.scratch/records/project.md; link "../session-orientation/spec.md")
    spec (from /Users/zoki/code/context/.scratch/records/session-orientation/issues/01-show-project-orientation.md; link "../../../session-orientation/spec.md")
    requirement (from /Users/zoki/code/context/.scratch/records/session-orientation/acceptances/01-evidence-correction-20260916.md; link "../../../session-orientation/spec.md")
    spec (from /Users/zoki/code/context/.scratch/records/session-orientation/issues/02-list-eligible-work.md; link "../../../session-orientation/spec.md")
    requirement (from /Users/zoki/code/context/.scratch/records/session-orientation/acceptances/02-authoring-reassessment-20260916.md; link "../../../session-orientation/spec.md")
    spec (from /Users/zoki/code/context/.scratch/records/session-orientation/issues/03-explain-blocking-decisions.md; link "../../../session-orientation/spec.md")
    requirement (from /Users/zoki/code/context/.scratch/records/session-orientation/acceptances/03-authoring-reassessment-20260916.md; link "../../../session-orientation/spec.md")
    spec (from /Users/zoki/code/context/.scratch/records/session-orientation/issues/04-expose-requirement-fingerprints.md; link "../../../session-orientation/spec.md")
    requirement (from /Users/zoki/code/context/.scratch/records/session-orientation/acceptances/04-authoring-reassessment-20260916.md; link "../../../session-orientation/spec.md")
    spec (from /Users/zoki/code/context/.scratch/records/session-orientation/issues/05-verify-prerequisite-acceptance.md; link "../../../session-orientation/spec.md")
    requirement (from /Users/zoki/code/context/.scratch/records/session-orientation/acceptances/05-evidence-correction-20260916.md; link "../../../session-orientation/spec.md")
    spec (from /Users/zoki/code/context/.scratch/records/session-orientation/issues/06-evaluate-prerequisite-chains.md; link "../../../session-orientation/spec.md")
    requirement (from /Users/zoki/code/context/.scratch/records/session-orientation/acceptances/06-evidence-correction-20260916.md; link "../../../session-orientation/spec.md")
    spec (from /Users/zoki/code/context/.scratch/records/session-orientation/issues/07-migrate-records-and-prepare-trial.md; link "../../../session-orientation/spec.md")
    requirement (from /Users/zoki/code/context/.scratch/records/session-orientation/acceptances/07-evidence-correction-20260916.md; link "../../../session-orientation/spec.md")
    spec (from /Users/zoki/code/context/.scratch/records/session-orientation/issues/08-verify-fresh-session-pickup.md; link "../../../session-orientation/spec.md")
    requirement (from /Users/zoki/code/context/.scratch/records/session-orientation/acceptances/08-pickup-trial-20260916.md; link "../../../session-orientation/spec.md")
  /Users/zoki/code/context/.scratch/cli-wayfinding/spec.md
    sha256: 02fd24104a5b3a5be8f944074cd01815d9d4490fed4962d6c3e4fa65de9dda3b
    spec (from /Users/zoki/code/context/.scratch/records/cli-wayfinding/issues/01-share-captured-sources.md; link "../../../cli-wayfinding/spec.md")
    requirement (from /Users/zoki/code/context/.scratch/records/cli-wayfinding/acceptances/01-share-captured-sources-compatibility-20260919.md; link "../../../cli-wayfinding/spec.md")
    spec (from /Users/zoki/code/context/.scratch/records/cli-wayfinding/issues/02-compact-orientation.md; link "../../../cli-wayfinding/spec.md")
    requirement (from /Users/zoki/code/context/.scratch/records/cli-wayfinding/acceptances/02-compact-orientation-resume-20260919.md; link "../../../cli-wayfinding/spec.md")
    spec (from /Users/zoki/code/context/.scratch/records/cli-wayfinding/issues/03-resume-without-notes.md; link "../../../cli-wayfinding/spec.md")
    requirement (from /Users/zoki/code/context/.scratch/records/cli-wayfinding/acceptances/03-resume-without-notes-20260919.md; link "../../../cli-wayfinding/spec.md")
    spec (from /Users/zoki/code/context/.scratch/records/cli-wayfinding/issues/04-retained-checkpoint.md; link "../../../cli-wayfinding/spec.md")
    requirement (from /Users/zoki/code/context/.scratch/records/cli-wayfinding/acceptances/04-retained-checkpoint-review-20260919.md; link "../../../cli-wayfinding/spec.md")
    spec (from /Users/zoki/code/context/.scratch/records/cli-wayfinding/issues/05-competing-checkpoints.md; link "../../../cli-wayfinding/spec.md")
    requirement (from /Users/zoki/code/context/.scratch/records/cli-wayfinding/acceptances/05-competing-checkpoints-20260919.md; link "../../../cli-wayfinding/spec.md")
    spec (from /Users/zoki/code/context/.scratch/records/cli-wayfinding/issues/06-recovery-skills.md; link "../../../cli-wayfinding/spec.md")
    requirement (from /Users/zoki/code/context/.scratch/records/cli-wayfinding/acceptances/06-recovery-skills-20260919.md; link "../../../cli-wayfinding/spec.md")
    spec (from /Users/zoki/code/context/.scratch/records/cli-wayfinding/issues/07-verify-workflow.md; link "../../../cli-wayfinding/spec.md")
  /Users/zoki/code/context/CONTEXT.md
    sha256: 15cd979f6af442fedec45fd3482741f0cd5362c45900151eab3e0cef452bf9b9
    context (from /Users/zoki/code/context/.scratch/records/cli-wayfinding/issues/01-share-captured-sources.md; link "../../../../CONTEXT.md")
    requirement (from /Users/zoki/code/context/.scratch/records/cli-wayfinding/acceptances/01-share-captured-sources-compatibility-20260919.md; link "../../../../CONTEXT.md")
    context (from /Users/zoki/code/context/.scratch/records/cli-wayfinding/issues/02-compact-orientation.md; link "../../../../CONTEXT.md")
    requirement (from /Users/zoki/code/context/.scratch/records/cli-wayfinding/acceptances/02-compact-orientation-resume-20260919.md; link "../../../../CONTEXT.md")
    context (from /Users/zoki/code/context/.scratch/records/cli-wayfinding/issues/03-resume-without-notes.md; link "../../../../CONTEXT.md")
    requirement (from /Users/zoki/code/context/.scratch/records/cli-wayfinding/acceptances/03-resume-without-notes-20260919.md; link "../../../../CONTEXT.md")
    context (from /Users/zoki/code/context/.scratch/records/cli-wayfinding/issues/04-retained-checkpoint.md; link "../../../../CONTEXT.md")
    requirement (from /Users/zoki/code/context/.scratch/records/cli-wayfinding/acceptances/04-retained-checkpoint-review-20260919.md; link "../../../../CONTEXT.md")
    context (from /Users/zoki/code/context/.scratch/records/cli-wayfinding/issues/05-competing-checkpoints.md; link "../../../../CONTEXT.md")
    requirement (from /Users/zoki/code/context/.scratch/records/cli-wayfinding/acceptances/05-competing-checkpoints-20260919.md; link "../../../../CONTEXT.md")
    context (from /Users/zoki/code/context/.scratch/records/cli-wayfinding/issues/06-recovery-skills.md; link "../../../../CONTEXT.md")
    requirement (from /Users/zoki/code/context/.scratch/records/cli-wayfinding/acceptances/06-recovery-skills-20260919.md; link "../../../../CONTEXT.md")
    context (from /Users/zoki/code/context/.scratch/records/cli-wayfinding/issues/07-verify-workflow.md; link "../../../../CONTEXT.md")
    context (from /Users/zoki/code/context/.scratch/records/context-reader/issues/01-read-okf-ticket.md; link "../../../../CONTEXT.md")
    requirement (from /Users/zoki/code/context/.scratch/records/context-reader/acceptances/01-read-okf-ticket-migration-20260916.md; link "../../../../CONTEXT.md")
    context (from /Users/zoki/code/context/.scratch/records/context-reader/issues/02-include-project-documents.md; link "../../../../CONTEXT.md")
    requirement (from /Users/zoki/code/context/.scratch/records/context-reader/acceptances/02-include-project-documents-migration-20260916.md; link "../../../../CONTEXT.md")
    context (from /Users/zoki/code/context/.scratch/records/context-reader/issues/03-follow-blocker-tickets.md; link "../../../../CONTEXT.md")
    requirement (from /Users/zoki/code/context/.scratch/records/context-reader/acceptances/03-follow-blocker-tickets-migration-20260916.md; link "../../../../CONTEXT.md")
    context (from /Users/zoki/code/context/.scratch/records/context-reader/issues/04-allow-external-context.md; link "../../../../CONTEXT.md")
    requirement (from /Users/zoki/code/context/.scratch/records/context-reader/acceptances/04-allow-external-context-migration-20260916.md; link "../../../../CONTEXT.md")
    context (from /Users/zoki/code/context/.scratch/records/context-reader/issues/05-bound-context-collection.md; link "../../../../CONTEXT.md")
    requirement (from /Users/zoki/code/context/.scratch/records/context-reader/acceptances/05-bound-context-collection-migration-20260916.md; link "../../../../CONTEXT.md")
    context (from /Users/zoki/code/context/.scratch/records/project-discovery/issues/01-read-configuration.md; link "../../../../CONTEXT.md")
    requirement (from /Users/zoki/code/context/.scratch/records/project-discovery/acceptances/01-configuration-reassessed-20260917.md; link "../../../../CONTEXT.md")
    context (from /Users/zoki/code/context/.scratch/records/project-discovery/issues/02-resolve-scope.md; link "../../../../CONTEXT.md")
    requirement (from /Users/zoki/code/context/.scratch/records/project-discovery/acceptances/02-scope-20260917.md; link "../../../../CONTEXT.md")
    context (from /Users/zoki/code/context/.scratch/records/project-discovery/issues/03-integrate-cli.md; link "../../../../CONTEXT.md")
    requirement (from /Users/zoki/code/context/.scratch/records/project-discovery/acceptances/03-reader-cli-20260917.md; link "../../../../CONTEXT.md")
    context (from /Users/zoki/code/context/.scratch/records/project-discovery/issues/04-workspace-navigation.md; link "../../../../CONTEXT.md")
    requirement (from /Users/zoki/code/context/.scratch/records/project-discovery/acceptances/04-workspace-20260917.md; link "../../../../CONTEXT.md")
    context (from /Users/zoki/code/context/.scratch/records/project-discovery/issues/05-connect-records.md; link "../../../../CONTEXT.md")
    requirement (from /Users/zoki/code/context/.scratch/records/project-discovery/acceptances/05-setup-write-reassessed-20260917.md; link "../../../../CONTEXT.md")
    context (from /Users/zoki/code/context/.scratch/records/project-discovery/issues/06-document-and-trial.md; link "../../../../CONTEXT.md")
    requirement (from /Users/zoki/code/context/.scratch/records/project-discovery/acceptances/06-documentation-reassessed-20260917.md; link "../../../../CONTEXT.md")
    context (from /Users/zoki/code/context/.scratch/records/session-orientation/issues/01-show-project-orientation.md; link "../../../../CONTEXT.md")
    requirement (from /Users/zoki/code/context/.scratch/records/session-orientation/acceptances/01-evidence-correction-20260916.md; link "../../../../CONTEXT.md")
    context (from /Users/zoki/code/context/.scratch/records/session-orientation/issues/02-list-eligible-work.md; link "../../../../CONTEXT.md")
    requirement (from /Users/zoki/code/context/.scratch/records/session-orientation/acceptances/02-authoring-reassessment-20260916.md; link "../../../../CONTEXT.md")
    context (from /Users/zoki/code/context/.scratch/records/session-orientation/issues/03-explain-blocking-decisions.md; link "../../../../CONTEXT.md")
    requirement (from /Users/zoki/code/context/.scratch/records/session-orientation/acceptances/03-authoring-reassessment-20260916.md; link "../../../../CONTEXT.md")
    context (from /Users/zoki/code/context/.scratch/records/session-orientation/issues/04-expose-requirement-fingerprints.md; link "../../../../CONTEXT.md")
    requirement (from /Users/zoki/code/context/.scratch/records/session-orientation/acceptances/04-authoring-reassessment-20260916.md; link "../../../../CONTEXT.md")
    context (from /Users/zoki/code/context/.scratch/records/session-orientation/issues/05-verify-prerequisite-acceptance.md; link "../../../../CONTEXT.md")
    requirement (from /Users/zoki/code/context/.scratch/records/session-orientation/acceptances/05-evidence-correction-20260916.md; link "../../../../CONTEXT.md")
    context (from /Users/zoki/code/context/.scratch/records/session-orientation/issues/06-evaluate-prerequisite-chains.md; link "../../../../CONTEXT.md")
    requirement (from /Users/zoki/code/context/.scratch/records/session-orientation/acceptances/06-evidence-correction-20260916.md; link "../../../../CONTEXT.md")
    context (from /Users/zoki/code/context/.scratch/records/session-orientation/issues/07-migrate-records-and-prepare-trial.md; link "../../../../CONTEXT.md")
    requirement (from /Users/zoki/code/context/.scratch/records/session-orientation/acceptances/07-evidence-correction-20260916.md; link "../../../../CONTEXT.md")
    context (from /Users/zoki/code/context/.scratch/records/session-orientation/issues/08-verify-fresh-session-pickup.md; link "../../../../CONTEXT.md")
    requirement (from /Users/zoki/code/context/.scratch/records/session-orientation/acceptances/08-pickup-trial-20260916.md; link "../../../../CONTEXT.md")
  /Users/zoki/code/context/docs/readers.md
    sha256: ab05ea8fae969ef5902ffc3708a5207a2aac0722584f90d10318411e3f276121
    context (from /Users/zoki/code/context/.scratch/records/cli-wayfinding/issues/01-share-captured-sources.md; link "../../../../docs/readers.md")
    requirement (from /Users/zoki/code/context/.scratch/records/cli-wayfinding/acceptances/01-share-captured-sources-compatibility-20260919.md; link "../../../../docs/readers.md")
    context (from /Users/zoki/code/context/.scratch/records/cli-wayfinding/issues/02-compact-orientation.md; link "../../../../docs/readers.md")
    requirement (from /Users/zoki/code/context/.scratch/records/cli-wayfinding/acceptances/02-compact-orientation-resume-20260919.md; link "../../../../docs/readers.md")
    context (from /Users/zoki/code/context/.scratch/records/cli-wayfinding/issues/03-resume-without-notes.md; link "../../../../docs/readers.md")
    requirement (from /Users/zoki/code/context/.scratch/records/cli-wayfinding/acceptances/03-resume-without-notes-20260919.md; link "../../../../docs/readers.md")
    context (from /Users/zoki/code/context/.scratch/records/cli-wayfinding/issues/04-retained-checkpoint.md; link "../../../../docs/readers.md")
    requirement (from /Users/zoki/code/context/.scratch/records/cli-wayfinding/acceptances/04-retained-checkpoint-review-20260919.md; link "../../../../docs/readers.md")
    context (from /Users/zoki/code/context/.scratch/records/cli-wayfinding/issues/05-competing-checkpoints.md; link "../../../../docs/readers.md")
    requirement (from /Users/zoki/code/context/.scratch/records/cli-wayfinding/acceptances/05-competing-checkpoints-20260919.md; link "../../../../docs/readers.md")
    context (from /Users/zoki/code/context/.scratch/records/cli-wayfinding/issues/06-recovery-skills.md; link "../../../../docs/readers.md")
    requirement (from /Users/zoki/code/context/.scratch/records/cli-wayfinding/acceptances/06-recovery-skills-20260919.md; link "../../../../docs/readers.md")
    context (from /Users/zoki/code/context/.scratch/records/cli-wayfinding/issues/07-verify-workflow.md; link "../../../../docs/readers.md")
  /Users/zoki/code/context/docs/discovery.md
    sha256: 59068cecea1b31f04c2c7779165e995ab3ed72f7049b9c15a7a3cad7700bf0d7
    context (from /Users/zoki/code/context/.scratch/records/cli-wayfinding/issues/01-share-captured-sources.md; link "../../../../docs/discovery.md")
    requirement (from /Users/zoki/code/context/.scratch/records/cli-wayfinding/acceptances/01-share-captured-sources-compatibility-20260919.md; link "../../../../docs/discovery.md")
    context (from /Users/zoki/code/context/.scratch/records/cli-wayfinding/issues/02-compact-orientation.md; link "../../../../docs/discovery.md")
    requirement (from /Users/zoki/code/context/.scratch/records/cli-wayfinding/acceptances/02-compact-orientation-resume-20260919.md; link "../../../../docs/discovery.md")
    context (from /Users/zoki/code/context/.scratch/records/cli-wayfinding/issues/03-resume-without-notes.md; link "../../../../docs/discovery.md")
    requirement (from /Users/zoki/code/context/.scratch/records/cli-wayfinding/acceptances/03-resume-without-notes-20260919.md; link "../../../../docs/discovery.md")
    context (from /Users/zoki/code/context/.scratch/records/cli-wayfinding/issues/04-retained-checkpoint.md; link "../../../../docs/discovery.md")
    requirement (from /Users/zoki/code/context/.scratch/records/cli-wayfinding/acceptances/04-retained-checkpoint-review-20260919.md; link "../../../../docs/discovery.md")
    context (from /Users/zoki/code/context/.scratch/records/cli-wayfinding/issues/05-competing-checkpoints.md; link "../../../../docs/discovery.md")
    requirement (from /Users/zoki/code/context/.scratch/records/cli-wayfinding/acceptances/05-competing-checkpoints-20260919.md; link "../../../../docs/discovery.md")
    context (from /Users/zoki/code/context/.scratch/records/cli-wayfinding/issues/06-recovery-skills.md; link "../../../../docs/discovery.md")
    requirement (from /Users/zoki/code/context/.scratch/records/cli-wayfinding/acceptances/06-recovery-skills-20260919.md; link "../../../../docs/discovery.md")
    context (from /Users/zoki/code/context/.scratch/records/cli-wayfinding/issues/07-verify-workflow.md; link "../../../../docs/discovery.md")
  /Users/zoki/code/context/docs/agents/acceptance.md
    sha256: fbde78ab62733d1bbe091fba6a867f30f50076c819ee3b0783ac4dcd2d7bf654
    context (from /Users/zoki/code/context/.scratch/records/cli-wayfinding/issues/01-share-captured-sources.md; link "../../../../docs/agents/acceptance.md")
    requirement (from /Users/zoki/code/context/.scratch/records/cli-wayfinding/acceptances/01-share-captured-sources-compatibility-20260919.md; link "../../../../docs/agents/acceptance.md")
    context (from /Users/zoki/code/context/.scratch/records/cli-wayfinding/issues/02-compact-orientation.md; link "../../../../docs/agents/acceptance.md")
    requirement (from /Users/zoki/code/context/.scratch/records/cli-wayfinding/acceptances/02-compact-orientation-resume-20260919.md; link "../../../../docs/agents/acceptance.md")
    context (from /Users/zoki/code/context/.scratch/records/cli-wayfinding/issues/03-resume-without-notes.md; link "../../../../docs/agents/acceptance.md")
    requirement (from /Users/zoki/code/context/.scratch/records/cli-wayfinding/acceptances/03-resume-without-notes-20260919.md; link "../../../../docs/agents/acceptance.md")
    context (from /Users/zoki/code/context/.scratch/records/cli-wayfinding/issues/04-retained-checkpoint.md; link "../../../../docs/agents/acceptance.md")
    requirement (from /Users/zoki/code/context/.scratch/records/cli-wayfinding/acceptances/04-retained-checkpoint-review-20260919.md; link "../../../../docs/agents/acceptance.md")
    context (from /Users/zoki/code/context/.scratch/records/cli-wayfinding/issues/05-competing-checkpoints.md; link "../../../../docs/agents/acceptance.md")
    requirement (from /Users/zoki/code/context/.scratch/records/cli-wayfinding/acceptances/05-competing-checkpoints-20260919.md; link "../../../../docs/agents/acceptance.md")
    context (from /Users/zoki/code/context/.scratch/records/cli-wayfinding/issues/06-recovery-skills.md; link "../../../../docs/agents/acceptance.md")
    requirement (from /Users/zoki/code/context/.scratch/records/cli-wayfinding/acceptances/06-recovery-skills-20260919.md; link "../../../../docs/agents/acceptance.md")
    context (from /Users/zoki/code/context/.scratch/records/cli-wayfinding/issues/07-verify-workflow.md; link "../../../../docs/agents/acceptance.md")
    context (from /Users/zoki/code/context/.scratch/records/project-discovery/issues/01-read-configuration.md; link "../../../../docs/agents/acceptance.md")
    requirement (from /Users/zoki/code/context/.scratch/records/project-discovery/acceptances/01-configuration-reassessed-20260917.md; link "../../../../docs/agents/acceptance.md")
    context (from /Users/zoki/code/context/.scratch/records/project-discovery/issues/02-resolve-scope.md; link "../../../../docs/agents/acceptance.md")
    requirement (from /Users/zoki/code/context/.scratch/records/project-discovery/acceptances/02-scope-20260917.md; link "../../../../docs/agents/acceptance.md")
    context (from /Users/zoki/code/context/.scratch/records/project-discovery/issues/03-integrate-cli.md; link "../../../../docs/agents/acceptance.md")
    requirement (from /Users/zoki/code/context/.scratch/records/project-discovery/acceptances/03-reader-cli-20260917.md; link "../../../../docs/agents/acceptance.md")
    context (from /Users/zoki/code/context/.scratch/records/project-discovery/issues/04-workspace-navigation.md; link "../../../../docs/agents/acceptance.md")
    requirement (from /Users/zoki/code/context/.scratch/records/project-discovery/acceptances/04-workspace-20260917.md; link "../../../../docs/agents/acceptance.md")
    context (from /Users/zoki/code/context/.scratch/records/project-discovery/issues/05-connect-records.md; link "../../../../docs/agents/acceptance.md")
    requirement (from /Users/zoki/code/context/.scratch/records/project-discovery/acceptances/05-setup-write-reassessed-20260917.md; link "../../../../docs/agents/acceptance.md")
    context (from /Users/zoki/code/context/.scratch/records/project-discovery/issues/06-document-and-trial.md; link "../../../../docs/agents/acceptance.md")
    requirement (from /Users/zoki/code/context/.scratch/records/project-discovery/acceptances/06-documentation-reassessed-20260917.md; link "../../../../docs/agents/acceptance.md")
    context (from /Users/zoki/code/context/.scratch/records/session-orientation/issues/01-show-project-orientation.md; link "../../../../docs/agents/acceptance.md")
    requirement (from /Users/zoki/code/context/.scratch/records/session-orientation/acceptances/01-evidence-correction-20260916.md; link "../../../../docs/agents/acceptance.md")
    context (from /Users/zoki/code/context/.scratch/records/session-orientation/issues/02-list-eligible-work.md; link "../../../../docs/agents/acceptance.md")
    requirement (from /Users/zoki/code/context/.scratch/records/session-orientation/acceptances/02-authoring-reassessment-20260916.md; link "../../../../docs/agents/acceptance.md")
    context (from /Users/zoki/code/context/.scratch/records/session-orientation/issues/03-explain-blocking-decisions.md; link "../../../../docs/agents/acceptance.md")
    requirement (from /Users/zoki/code/context/.scratch/records/session-orientation/acceptances/03-authoring-reassessment-20260916.md; link "../../../../docs/agents/acceptance.md")
    context (from /Users/zoki/code/context/.scratch/records/session-orientation/issues/04-expose-requirement-fingerprints.md; link "../../../../docs/agents/acceptance.md")
    requirement (from /Users/zoki/code/context/.scratch/records/session-orientation/acceptances/04-authoring-reassessment-20260916.md; link "../../../../docs/agents/acceptance.md")
    context (from /Users/zoki/code/context/.scratch/records/session-orientation/issues/05-verify-prerequisite-acceptance.md; link "../../../../docs/agents/acceptance.md")
    requirement (from /Users/zoki/code/context/.scratch/records/session-orientation/acceptances/05-evidence-correction-20260916.md; link "../../../../docs/agents/acceptance.md")
    context (from /Users/zoki/code/context/.scratch/records/session-orientation/issues/06-evaluate-prerequisite-chains.md; link "../../../../docs/agents/acceptance.md")
    requirement (from /Users/zoki/code/context/.scratch/records/session-orientation/acceptances/06-evidence-correction-20260916.md; link "../../../../docs/agents/acceptance.md")
    context (from /Users/zoki/code/context/.scratch/records/session-orientation/issues/07-migrate-records-and-prepare-trial.md; link "../../../../docs/agents/acceptance.md")
    requirement (from /Users/zoki/code/context/.scratch/records/session-orientation/acceptances/07-evidence-correction-20260916.md; link "../../../../docs/agents/acceptance.md")
    context (from /Users/zoki/code/context/.scratch/records/session-orientation/issues/08-verify-fresh-session-pickup.md; link "../../../../docs/agents/acceptance.md")
    requirement (from /Users/zoki/code/context/.scratch/records/session-orientation/acceptances/08-pickup-trial-20260916.md; link "../../../../docs/agents/acceptance.md")
  /Users/zoki/code/context/docs/adr/0003-recorded-acceptance-for-readiness.md
    sha256: 84778cb881c73f7ebbe5cc58a9acbb9c1212e1dd421d863d04f1efe021efdc56
    context (from /Users/zoki/code/context/.scratch/records/cli-wayfinding/issues/01-share-captured-sources.md; link "../../../../docs/adr/0003-recorded-acceptance-for-readiness.md")
    requirement (from /Users/zoki/code/context/.scratch/records/cli-wayfinding/acceptances/01-share-captured-sources-compatibility-20260919.md; link "../../../../docs/adr/0003-recorded-acceptance-for-readiness.md")
    context (from /Users/zoki/code/context/.scratch/records/cli-wayfinding/issues/02-compact-orientation.md; link "../../../../docs/adr/0003-recorded-acceptance-for-readiness.md")
    requirement (from /Users/zoki/code/context/.scratch/records/cli-wayfinding/acceptances/02-compact-orientation-resume-20260919.md; link "../../../../docs/adr/0003-recorded-acceptance-for-readiness.md")
    context (from /Users/zoki/code/context/.scratch/records/cli-wayfinding/issues/03-resume-without-notes.md; link "../../../../docs/adr/0003-recorded-acceptance-for-readiness.md")
    requirement (from /Users/zoki/code/context/.scratch/records/cli-wayfinding/acceptances/03-resume-without-notes-20260919.md; link "../../../../docs/adr/0003-recorded-acceptance-for-readiness.md")
    context (from /Users/zoki/code/context/.scratch/records/cli-wayfinding/issues/04-retained-checkpoint.md; link "../../../../docs/adr/0003-recorded-acceptance-for-readiness.md")
    requirement (from /Users/zoki/code/context/.scratch/records/cli-wayfinding/acceptances/04-retained-checkpoint-review-20260919.md; link "../../../../docs/adr/0003-recorded-acceptance-for-readiness.md")
    context (from /Users/zoki/code/context/.scratch/records/cli-wayfinding/issues/05-competing-checkpoints.md; link "../../../../docs/adr/0003-recorded-acceptance-for-readiness.md")
    requirement (from /Users/zoki/code/context/.scratch/records/cli-wayfinding/acceptances/05-competing-checkpoints-20260919.md; link "../../../../docs/adr/0003-recorded-acceptance-for-readiness.md")
    context (from /Users/zoki/code/context/.scratch/records/cli-wayfinding/issues/06-recovery-skills.md; link "../../../../docs/adr/0003-recorded-acceptance-for-readiness.md")
    requirement (from /Users/zoki/code/context/.scratch/records/cli-wayfinding/acceptances/06-recovery-skills-20260919.md; link "../../../../docs/adr/0003-recorded-acceptance-for-readiness.md")
    context (from /Users/zoki/code/context/.scratch/records/cli-wayfinding/issues/07-verify-workflow.md; link "../../../../docs/adr/0003-recorded-acceptance-for-readiness.md")
    context (from /Users/zoki/code/context/.scratch/records/session-orientation/issues/01-show-project-orientation.md; link "../../../../docs/adr/0003-recorded-acceptance-for-readiness.md")
    requirement (from /Users/zoki/code/context/.scratch/records/session-orientation/acceptances/01-evidence-correction-20260916.md; link "../../../../docs/adr/0003-recorded-acceptance-for-readiness.md")
    context (from /Users/zoki/code/context/.scratch/records/session-orientation/issues/04-expose-requirement-fingerprints.md; link "../../../../docs/adr/0003-recorded-acceptance-for-readiness.md")
    requirement (from /Users/zoki/code/context/.scratch/records/session-orientation/acceptances/04-authoring-reassessment-20260916.md; link "../../../../docs/adr/0003-recorded-acceptance-for-readiness.md")
    context (from /Users/zoki/code/context/.scratch/records/session-orientation/issues/05-verify-prerequisite-acceptance.md; link "../../../../docs/adr/0003-recorded-acceptance-for-readiness.md")
    requirement (from /Users/zoki/code/context/.scratch/records/session-orientation/acceptances/05-evidence-correction-20260916.md; link "../../../../docs/adr/0003-recorded-acceptance-for-readiness.md")
    context (from /Users/zoki/code/context/.scratch/records/session-orientation/issues/06-evaluate-prerequisite-chains.md; link "../../../../docs/adr/0003-recorded-acceptance-for-readiness.md")
    requirement (from /Users/zoki/code/context/.scratch/records/session-orientation/acceptances/06-evidence-correction-20260916.md; link "../../../../docs/adr/0003-recorded-acceptance-for-readiness.md")
    context (from /Users/zoki/code/context/.scratch/records/session-orientation/issues/07-migrate-records-and-prepare-trial.md; link "../../../../docs/adr/0003-recorded-acceptance-for-readiness.md")
    requirement (from /Users/zoki/code/context/.scratch/records/session-orientation/acceptances/07-evidence-correction-20260916.md; link "../../../../docs/adr/0003-recorded-acceptance-for-readiness.md")
    context (from /Users/zoki/code/context/.scratch/records/session-orientation/issues/08-verify-fresh-session-pickup.md; link "../../../../docs/adr/0003-recorded-acceptance-for-readiness.md")
    requirement (from /Users/zoki/code/context/.scratch/records/session-orientation/acceptances/08-pickup-trial-20260916.md; link "../../../../docs/adr/0003-recorded-acceptance-for-readiness.md")
  /Users/zoki/code/context/docs/adr/0004-directory-specific-project-selection.md
    sha256: efd4654de6c787345c341c26a0076fb605214b3d9aeecc3a1ec01f93752cefbf
    context (from /Users/zoki/code/context/.scratch/records/cli-wayfinding/issues/01-share-captured-sources.md; link "../../../../docs/adr/0004-directory-specific-project-selection.md")
    requirement (from /Users/zoki/code/context/.scratch/records/cli-wayfinding/acceptances/01-share-captured-sources-compatibility-20260919.md; link "../../../../docs/adr/0004-directory-specific-project-selection.md")
    context (from /Users/zoki/code/context/.scratch/records/cli-wayfinding/issues/02-compact-orientation.md; link "../../../../docs/adr/0004-directory-specific-project-selection.md")
    requirement (from /Users/zoki/code/context/.scratch/records/cli-wayfinding/acceptances/02-compact-orientation-resume-20260919.md; link "../../../../docs/adr/0004-directory-specific-project-selection.md")
    context (from /Users/zoki/code/context/.scratch/records/cli-wayfinding/issues/03-resume-without-notes.md; link "../../../../docs/adr/0004-directory-specific-project-selection.md")
    requirement (from /Users/zoki/code/context/.scratch/records/cli-wayfinding/acceptances/03-resume-without-notes-20260919.md; link "../../../../docs/adr/0004-directory-specific-project-selection.md")
    context (from /Users/zoki/code/context/.scratch/records/cli-wayfinding/issues/04-retained-checkpoint.md; link "../../../../docs/adr/0004-directory-specific-project-selection.md")
    requirement (from /Users/zoki/code/context/.scratch/records/cli-wayfinding/acceptances/04-retained-checkpoint-review-20260919.md; link "../../../../docs/adr/0004-directory-specific-project-selection.md")
    context (from /Users/zoki/code/context/.scratch/records/cli-wayfinding/issues/05-competing-checkpoints.md; link "../../../../docs/adr/0004-directory-specific-project-selection.md")
    requirement (from /Users/zoki/code/context/.scratch/records/cli-wayfinding/acceptances/05-competing-checkpoints-20260919.md; link "../../../../docs/adr/0004-directory-specific-project-selection.md")
    context (from /Users/zoki/code/context/.scratch/records/cli-wayfinding/issues/06-recovery-skills.md; link "../../../../docs/adr/0004-directory-specific-project-selection.md")
    requirement (from /Users/zoki/code/context/.scratch/records/cli-wayfinding/acceptances/06-recovery-skills-20260919.md; link "../../../../docs/adr/0004-directory-specific-project-selection.md")
    context (from /Users/zoki/code/context/.scratch/records/cli-wayfinding/issues/07-verify-workflow.md; link "../../../../docs/adr/0004-directory-specific-project-selection.md")
    context (from /Users/zoki/code/context/.scratch/records/project-discovery/issues/01-read-configuration.md; link "../../../../docs/adr/0004-directory-specific-project-selection.md")
    requirement (from /Users/zoki/code/context/.scratch/records/project-discovery/acceptances/01-configuration-reassessed-20260917.md; link "../../../../docs/adr/0004-directory-specific-project-selection.md")
    context (from /Users/zoki/code/context/.scratch/records/project-discovery/issues/02-resolve-scope.md; link "../../../../docs/adr/0004-directory-specific-project-selection.md")
    requirement (from /Users/zoki/code/context/.scratch/records/project-discovery/acceptances/02-scope-20260917.md; link "../../../../docs/adr/0004-directory-specific-project-selection.md")
    context (from /Users/zoki/code/context/.scratch/records/project-discovery/issues/03-integrate-cli.md; link "../../../../docs/adr/0004-directory-specific-project-selection.md")
    requirement (from /Users/zoki/code/context/.scratch/records/project-discovery/acceptances/03-reader-cli-20260917.md; link "../../../../docs/adr/0004-directory-specific-project-selection.md")
    context (from /Users/zoki/code/context/.scratch/records/project-discovery/issues/04-workspace-navigation.md; link "../../../../docs/adr/0004-directory-specific-project-selection.md")
    requirement (from /Users/zoki/code/context/.scratch/records/project-discovery/acceptances/04-workspace-20260917.md; link "../../../../docs/adr/0004-directory-specific-project-selection.md")
    context (from /Users/zoki/code/context/.scratch/records/project-discovery/issues/05-connect-records.md; link "../../../../docs/adr/0004-directory-specific-project-selection.md")
    requirement (from /Users/zoki/code/context/.scratch/records/project-discovery/acceptances/05-setup-write-reassessed-20260917.md; link "../../../../docs/adr/0004-directory-specific-project-selection.md")
    context (from /Users/zoki/code/context/.scratch/records/project-discovery/issues/06-document-and-trial.md; link "../../../../docs/adr/0004-directory-specific-project-selection.md")
    requirement (from /Users/zoki/code/context/.scratch/records/project-discovery/acceptances/06-documentation-reassessed-20260917.md; link "../../../../docs/adr/0004-directory-specific-project-selection.md")
  /Users/zoki/code/context/.scratch/cli-wayfinding/evidence/01-limit-compatibility-correction.md
    sha256: 891842999bd81a75b46362f5a6bffa2061ae8ce439e4db2f574ed46709ef404b
    evidence (from /Users/zoki/code/context/.scratch/records/cli-wayfinding/acceptances/01-share-captured-sources-compatibility-20260919.md; link "../../../cli-wayfinding/evidence/01-limit-compatibility-correction.md")
  /Users/zoki/code/context/.scratch/cli-wayfinding/evidence/01-compatibility-fix-tests.txt
    sha256: 66eb24484aa6ff8a0a975e39185df43833fe2ff0f55f7939a9702b45502d14e9
    evidence (from /Users/zoki/code/context/.scratch/records/cli-wayfinding/acceptances/01-share-captured-sources-compatibility-20260919.md; link "../../../cli-wayfinding/evidence/01-compatibility-fix-tests.txt")
  /Users/zoki/code/context/.scratch/cli-wayfinding/evidence/01-final-standalone-compatibility.json
    sha256: 4ee3c8c7a207aeef00e3fb4674a9895ebf3ef56834e1353e3ec28a3a85350c60
    evidence (from /Users/zoki/code/context/.scratch/records/cli-wayfinding/acceptances/01-share-captured-sources-compatibility-20260919.md; link "../../../cli-wayfinding/evidence/01-final-standalone-compatibility.json")
  /Users/zoki/code/context/.scratch/cli-wayfinding/evidence/03-no-note-resumption.md
    sha256: ec1c0cc03e4ab28b14b5734310407928c02a29d1e6a50d8a2ed72658e29e0c71
    evidence (from /Users/zoki/code/context/.scratch/records/cli-wayfinding/acceptances/02-compact-orientation-resume-20260919.md; link "../../../cli-wayfinding/evidence/03-no-note-resumption.md")
    evidence (from /Users/zoki/code/context/.scratch/records/cli-wayfinding/acceptances/03-resume-without-notes-20260919.md; link "../../../cli-wayfinding/evidence/03-no-note-resumption.md")
  /Users/zoki/code/context/.scratch/cli-wayfinding/evidence/03-resumption-tests.txt
    sha256: e60d04e3c3a2999d8ebda74c49a0c6d3680fdf8e490c1dc739d193a393f725b4
    evidence (from /Users/zoki/code/context/.scratch/records/cli-wayfinding/acceptances/02-compact-orientation-resume-20260919.md; link "../../../cli-wayfinding/evidence/03-resumption-tests.txt")
    evidence (from /Users/zoki/code/context/.scratch/records/cli-wayfinding/acceptances/03-resume-without-notes-20260919.md; link "../../../cli-wayfinding/evidence/03-resumption-tests.txt")
  /Users/zoki/code/context/.scratch/cli-wayfinding/evidence/02-compact-orientation.md
    sha256: 9d3eff7092b1c2a0bcec910c8a14e8e4a6a550b0e3d033ede0a155c49007f652
    evidence (from /Users/zoki/code/context/.scratch/records/cli-wayfinding/acceptances/02-compact-orientation-resume-20260919.md; link "../../../cli-wayfinding/evidence/02-compact-orientation.md")
  /Users/zoki/code/context/.scratch/cli-wayfinding/evidence/02-order-reassessment.md
    sha256: 9b0718662402c0eaa2078d12f2e1f5041e97a39da04d5826230d4a857aa67ca5
    evidence (from /Users/zoki/code/context/.scratch/records/cli-wayfinding/acceptances/02-compact-orientation-resume-20260919.md; link "../../../cli-wayfinding/evidence/02-order-reassessment.md")
  /Users/zoki/code/context/.scratch/cli-wayfinding/evidence/03-no-note-probes.json
    sha256: 18f5574024dd8bfa6fb8c36ba85831494e8bee920b1dd816d752476f907d0239
    evidence (from /Users/zoki/code/context/.scratch/records/cli-wayfinding/acceptances/03-resume-without-notes-20260919.md; link "../../../cli-wayfinding/evidence/03-no-note-probes.json")
  /Users/zoki/code/context/.scratch/cli-wayfinding/evidence/04-retained-checkpoint.md
    sha256: 15d8d46e115151174b91a1fad4d4764a5d8c162ec4416150e406a298337360b8
    evidence (from /Users/zoki/code/context/.scratch/records/cli-wayfinding/acceptances/04-retained-checkpoint-review-20260919.md; link "../../../cli-wayfinding/evidence/04-retained-checkpoint.md")
  /Users/zoki/code/context/.scratch/cli-wayfinding/evidence/04-review-corrections.md
    sha256: 05c23504e61ddb38d1121d2000a5c3c6ded2f5594280b17ef758977092e35576
    evidence (from /Users/zoki/code/context/.scratch/records/cli-wayfinding/acceptances/04-retained-checkpoint-review-20260919.md; link "../../../cli-wayfinding/evidence/04-review-corrections.md")
  /Users/zoki/code/context/.scratch/cli-wayfinding/evidence/04-review-fix-tests.txt
    sha256: 73b4e4af65011444cd3e8d6c3099d8684c9387d1848b07f9c6aa37bcc8ff5dfc
    evidence (from /Users/zoki/code/context/.scratch/records/cli-wayfinding/acceptances/04-retained-checkpoint-review-20260919.md; link "../../../cli-wayfinding/evidence/04-review-fix-tests.txt")
  /Users/zoki/code/context/.scratch/cli-wayfinding/evidence/04-review-fix-probes.json
    sha256: 0e3f9f71c1b44a5821e7177311cf7de12dd613e056400fdafac42bc96b42ed50
    evidence (from /Users/zoki/code/context/.scratch/records/cli-wayfinding/acceptances/04-retained-checkpoint-review-20260919.md; link "../../../cli-wayfinding/evidence/04-review-fix-probes.json")
  /Users/zoki/code/context/.scratch/cli-wayfinding/evidence/05-checkpoint-history.md
    sha256: addd364edf9e134f8454fdc76bb87acdb4853043b35447d67dfd2567958f6899
    evidence (from /Users/zoki/code/context/.scratch/records/cli-wayfinding/acceptances/05-competing-checkpoints-20260919.md; link "../../../cli-wayfinding/evidence/05-checkpoint-history.md")
  /Users/zoki/code/context/.scratch/cli-wayfinding/evidence/05-tests.txt
    sha256: 230cc5694d44595d8d6fcef8e95a9148cd036da33b1fe064f47b4644075e1f4d
    evidence (from /Users/zoki/code/context/.scratch/records/cli-wayfinding/acceptances/05-competing-checkpoints-20260919.md; link "../../../cli-wayfinding/evidence/05-tests.txt")
  /Users/zoki/code/context/.scratch/cli-wayfinding/evidence/05-checkpoint-probes.json
    sha256: 4c0f2329dc261220ac0a8882d24388d1235024f648b75fdda16b921de8196704
    evidence (from /Users/zoki/code/context/.scratch/records/cli-wayfinding/acceptances/05-competing-checkpoints-20260919.md; link "../../../cli-wayfinding/evidence/05-checkpoint-probes.json")
  /Users/zoki/code/context/.scratch/cli-wayfinding/evidence/05-graph-probes.json
    sha256: 9131f98279499667c085fd0fbd8a15090161e3ee0c34f52656105fc3ce0fbbce
    evidence (from /Users/zoki/code/context/.scratch/records/cli-wayfinding/acceptances/05-competing-checkpoints-20260919.md; link "../../../cli-wayfinding/evidence/05-graph-probes.json")
  /Users/zoki/code/context/.scratch/cli-wayfinding/evidence/06-recovery-instructions.md
    sha256: ed8768bb093bf4b8d286350ca3c83e5e0051fb13e59c388872ca4e395e200995
    evidence (from /Users/zoki/code/context/.scratch/records/cli-wayfinding/acceptances/06-recovery-skills-20260919.md; link "../../../cli-wayfinding/evidence/06-recovery-instructions.md")
  /Users/zoki/code/context/.scratch/cli-wayfinding/evidence/06-trial-manifest.json
    sha256: 2fd791fcd66891193d06ba08f56d3669c96c82113c0e44699549ea5e8920bb45
    evidence (from /Users/zoki/code/context/.scratch/records/cli-wayfinding/acceptances/06-recovery-skills-20260919.md; link "../../../cli-wayfinding/evidence/06-trial-manifest.json")
  /Users/zoki/code/context/.scratch/cli-wayfinding/evidence/06-filesystem-trial.sh
    sha256: 5d099cc2b118cc611b0a24c72d08dbd41b75729ab97de8b2fa3256a674f37958
    evidence (from /Users/zoki/code/context/.scratch/records/cli-wayfinding/acceptances/06-recovery-skills-20260919.md; link "../../../cli-wayfinding/evidence/06-filesystem-trial.sh")
  /Users/zoki/code/context/.scratch/context-reader/spec.md
    sha256: 2faf878a2442bfa5fd521ae0511af6bb685dbeb93c0885323a37ae1a18a71f37
    spec (from /Users/zoki/code/context/.scratch/records/context-reader/issues/01-read-okf-ticket.md; link "../../../context-reader/spec.md")
    requirement (from /Users/zoki/code/context/.scratch/records/context-reader/acceptances/01-read-okf-ticket-migration-20260916.md; link "../../../context-reader/spec.md")
    spec (from /Users/zoki/code/context/.scratch/records/context-reader/issues/02-include-project-documents.md; link "../../../context-reader/spec.md")
    requirement (from /Users/zoki/code/context/.scratch/records/context-reader/acceptances/02-include-project-documents-migration-20260916.md; link "../../../context-reader/spec.md")
    spec (from /Users/zoki/code/context/.scratch/records/context-reader/issues/03-follow-blocker-tickets.md; link "../../../context-reader/spec.md")
    requirement (from /Users/zoki/code/context/.scratch/records/context-reader/acceptances/03-follow-blocker-tickets-migration-20260916.md; link "../../../context-reader/spec.md")
    spec (from /Users/zoki/code/context/.scratch/records/context-reader/issues/04-allow-external-context.md; link "../../../context-reader/spec.md")
    requirement (from /Users/zoki/code/context/.scratch/records/context-reader/acceptances/04-allow-external-context-migration-20260916.md; link "../../../context-reader/spec.md")
    spec (from /Users/zoki/code/context/.scratch/records/context-reader/issues/05-bound-context-collection.md; link "../../../context-reader/spec.md")
    requirement (from /Users/zoki/code/context/.scratch/records/context-reader/acceptances/05-bound-context-collection-migration-20260916.md; link "../../../context-reader/spec.md")
    context (from /Users/zoki/code/context/.scratch/records/session-orientation/issues/01-show-project-orientation.md; link "../../../context-reader/spec.md")
    requirement (from /Users/zoki/code/context/.scratch/records/session-orientation/acceptances/01-evidence-correction-20260916.md; link "../../../context-reader/spec.md")
    context (from /Users/zoki/code/context/.scratch/records/session-orientation/issues/06-evaluate-prerequisite-chains.md; link "../../../context-reader/spec.md")
    requirement (from /Users/zoki/code/context/.scratch/records/session-orientation/acceptances/06-evidence-correction-20260916.md; link "../../../context-reader/spec.md")
  /Users/zoki/code/context/docs/adr/0001-one-okf-bundle-per-project.md
    sha256: 44659df72bb86cf15968be3f8b9a838817b4e18d44e1dcfa5addb3793d9c92c5
    context (from /Users/zoki/code/context/.scratch/records/context-reader/issues/01-read-okf-ticket.md; link "../../../../docs/adr/0001-one-okf-bundle-per-project.md")
    requirement (from /Users/zoki/code/context/.scratch/records/context-reader/acceptances/01-read-okf-ticket-migration-20260916.md; link "../../../../docs/adr/0001-one-okf-bundle-per-project.md")
    context (from /Users/zoki/code/context/.scratch/records/context-reader/issues/02-include-project-documents.md; link "../../../../docs/adr/0001-one-okf-bundle-per-project.md")
    requirement (from /Users/zoki/code/context/.scratch/records/context-reader/acceptances/02-include-project-documents-migration-20260916.md; link "../../../../docs/adr/0001-one-okf-bundle-per-project.md")
    context (from /Users/zoki/code/context/.scratch/records/context-reader/issues/03-follow-blocker-tickets.md; link "../../../../docs/adr/0001-one-okf-bundle-per-project.md")
    requirement (from /Users/zoki/code/context/.scratch/records/context-reader/acceptances/03-follow-blocker-tickets-migration-20260916.md; link "../../../../docs/adr/0001-one-okf-bundle-per-project.md")
    context (from /Users/zoki/code/context/.scratch/records/context-reader/issues/04-allow-external-context.md; link "../../../../docs/adr/0001-one-okf-bundle-per-project.md")
    requirement (from /Users/zoki/code/context/.scratch/records/context-reader/acceptances/04-allow-external-context-migration-20260916.md; link "../../../../docs/adr/0001-one-okf-bundle-per-project.md")
    context (from /Users/zoki/code/context/.scratch/records/context-reader/issues/05-bound-context-collection.md; link "../../../../docs/adr/0001-one-okf-bundle-per-project.md")
    requirement (from /Users/zoki/code/context/.scratch/records/context-reader/acceptances/05-bound-context-collection-migration-20260916.md; link "../../../../docs/adr/0001-one-okf-bundle-per-project.md")
    context (from /Users/zoki/code/context/.scratch/records/session-orientation/issues/01-show-project-orientation.md; link "../../../../docs/adr/0001-one-okf-bundle-per-project.md")
    requirement (from /Users/zoki/code/context/.scratch/records/session-orientation/acceptances/01-evidence-correction-20260916.md; link "../../../../docs/adr/0001-one-okf-bundle-per-project.md")
    context (from /Users/zoki/code/context/.scratch/records/session-orientation/issues/03-explain-blocking-decisions.md; link "../../../../docs/adr/0001-one-okf-bundle-per-project.md")
    requirement (from /Users/zoki/code/context/.scratch/records/session-orientation/acceptances/03-authoring-reassessment-20260916.md; link "../../../../docs/adr/0001-one-okf-bundle-per-project.md")
    context (from /Users/zoki/code/context/.scratch/records/session-orientation/issues/05-verify-prerequisite-acceptance.md; link "../../../../docs/adr/0001-one-okf-bundle-per-project.md")
    requirement (from /Users/zoki/code/context/.scratch/records/session-orientation/acceptances/05-evidence-correction-20260916.md; link "../../../../docs/adr/0001-one-okf-bundle-per-project.md")
  /Users/zoki/code/context/docs/adr/0002-work-relationships-in-markdown-sections.md
    sha256: 4254ead8e1d55c05f27576151fd635f859a37ce2072022174fe09745440b152f
    context (from /Users/zoki/code/context/.scratch/records/context-reader/issues/01-read-okf-ticket.md; link "../../../../docs/adr/0002-work-relationships-in-markdown-sections.md")
    requirement (from /Users/zoki/code/context/.scratch/records/context-reader/acceptances/01-read-okf-ticket-migration-20260916.md; link "../../../../docs/adr/0002-work-relationships-in-markdown-sections.md")
    context (from /Users/zoki/code/context/.scratch/records/context-reader/issues/02-include-project-documents.md; link "../../../../docs/adr/0002-work-relationships-in-markdown-sections.md")
    requirement (from /Users/zoki/code/context/.scratch/records/context-reader/acceptances/02-include-project-documents-migration-20260916.md; link "../../../../docs/adr/0002-work-relationships-in-markdown-sections.md")
    context (from /Users/zoki/code/context/.scratch/records/context-reader/issues/03-follow-blocker-tickets.md; link "../../../../docs/adr/0002-work-relationships-in-markdown-sections.md")
    requirement (from /Users/zoki/code/context/.scratch/records/context-reader/acceptances/03-follow-blocker-tickets-migration-20260916.md; link "../../../../docs/adr/0002-work-relationships-in-markdown-sections.md")
    context (from /Users/zoki/code/context/.scratch/records/context-reader/issues/04-allow-external-context.md; link "../../../../docs/adr/0002-work-relationships-in-markdown-sections.md")
    requirement (from /Users/zoki/code/context/.scratch/records/context-reader/acceptances/04-allow-external-context-migration-20260916.md; link "../../../../docs/adr/0002-work-relationships-in-markdown-sections.md")
    context (from /Users/zoki/code/context/.scratch/records/context-reader/issues/05-bound-context-collection.md; link "../../../../docs/adr/0002-work-relationships-in-markdown-sections.md")
    requirement (from /Users/zoki/code/context/.scratch/records/context-reader/acceptances/05-bound-context-collection-migration-20260916.md; link "../../../../docs/adr/0002-work-relationships-in-markdown-sections.md")
    context (from /Users/zoki/code/context/.scratch/records/session-orientation/issues/01-show-project-orientation.md; link "../../../../docs/adr/0002-work-relationships-in-markdown-sections.md")
    requirement (from /Users/zoki/code/context/.scratch/records/session-orientation/acceptances/01-evidence-correction-20260916.md; link "../../../../docs/adr/0002-work-relationships-in-markdown-sections.md")
    context (from /Users/zoki/code/context/.scratch/records/session-orientation/issues/02-list-eligible-work.md; link "../../../../docs/adr/0002-work-relationships-in-markdown-sections.md")
    requirement (from /Users/zoki/code/context/.scratch/records/session-orientation/acceptances/02-authoring-reassessment-20260916.md; link "../../../../docs/adr/0002-work-relationships-in-markdown-sections.md")
    context (from /Users/zoki/code/context/.scratch/records/session-orientation/issues/03-explain-blocking-decisions.md; link "../../../../docs/adr/0002-work-relationships-in-markdown-sections.md")
    requirement (from /Users/zoki/code/context/.scratch/records/session-orientation/acceptances/03-authoring-reassessment-20260916.md; link "../../../../docs/adr/0002-work-relationships-in-markdown-sections.md")
    context (from /Users/zoki/code/context/.scratch/records/session-orientation/issues/04-expose-requirement-fingerprints.md; link "../../../../docs/adr/0002-work-relationships-in-markdown-sections.md")
    requirement (from /Users/zoki/code/context/.scratch/records/session-orientation/acceptances/04-authoring-reassessment-20260916.md; link "../../../../docs/adr/0002-work-relationships-in-markdown-sections.md")
    context (from /Users/zoki/code/context/.scratch/records/session-orientation/issues/05-verify-prerequisite-acceptance.md; link "../../../../docs/adr/0002-work-relationships-in-markdown-sections.md")
    requirement (from /Users/zoki/code/context/.scratch/records/session-orientation/acceptances/05-evidence-correction-20260916.md; link "../../../../docs/adr/0002-work-relationships-in-markdown-sections.md")
  /Users/zoki/code/context/docs/agents/issue-tracker.md
    sha256: 5f8f038e1b33f595344b9a1a90d4d194331f83a5e88d6522c2e52844d77a21bb
    context (from /Users/zoki/code/context/.scratch/records/context-reader/issues/01-read-okf-ticket.md; link "../../../../docs/agents/issue-tracker.md")
    requirement (from /Users/zoki/code/context/.scratch/records/context-reader/acceptances/01-read-okf-ticket-migration-20260916.md; link "../../../../docs/agents/issue-tracker.md")
    context (from /Users/zoki/code/context/.scratch/records/context-reader/issues/02-include-project-documents.md; link "../../../../docs/agents/issue-tracker.md")
    requirement (from /Users/zoki/code/context/.scratch/records/context-reader/acceptances/02-include-project-documents-migration-20260916.md; link "../../../../docs/agents/issue-tracker.md")
    context (from /Users/zoki/code/context/.scratch/records/context-reader/issues/03-follow-blocker-tickets.md; link "../../../../docs/agents/issue-tracker.md")
    requirement (from /Users/zoki/code/context/.scratch/records/context-reader/acceptances/03-follow-blocker-tickets-migration-20260916.md; link "../../../../docs/agents/issue-tracker.md")
    context (from /Users/zoki/code/context/.scratch/records/context-reader/issues/04-allow-external-context.md; link "../../../../docs/agents/issue-tracker.md")
    requirement (from /Users/zoki/code/context/.scratch/records/context-reader/acceptances/04-allow-external-context-migration-20260916.md; link "../../../../docs/agents/issue-tracker.md")
    context (from /Users/zoki/code/context/.scratch/records/context-reader/issues/05-bound-context-collection.md; link "../../../../docs/agents/issue-tracker.md")
    requirement (from /Users/zoki/code/context/.scratch/records/context-reader/acceptances/05-bound-context-collection-migration-20260916.md; link "../../../../docs/agents/issue-tracker.md")
    context (from /Users/zoki/code/context/.scratch/records/session-orientation/issues/01-show-project-orientation.md; link "../../../../docs/agents/issue-tracker.md")
    requirement (from /Users/zoki/code/context/.scratch/records/session-orientation/acceptances/01-evidence-correction-20260916.md; link "../../../../docs/agents/issue-tracker.md")
    context (from /Users/zoki/code/context/.scratch/records/session-orientation/issues/02-list-eligible-work.md; link "../../../../docs/agents/issue-tracker.md")
    requirement (from /Users/zoki/code/context/.scratch/records/session-orientation/acceptances/02-authoring-reassessment-20260916.md; link "../../../../docs/agents/issue-tracker.md")
    context (from /Users/zoki/code/context/.scratch/records/session-orientation/issues/03-explain-blocking-decisions.md; link "../../../../docs/agents/issue-tracker.md")
    requirement (from /Users/zoki/code/context/.scratch/records/session-orientation/acceptances/03-authoring-reassessment-20260916.md; link "../../../../docs/agents/issue-tracker.md")
    context (from /Users/zoki/code/context/.scratch/records/session-orientation/issues/04-expose-requirement-fingerprints.md; link "../../../../docs/agents/issue-tracker.md")
    requirement (from /Users/zoki/code/context/.scratch/records/session-orientation/acceptances/04-authoring-reassessment-20260916.md; link "../../../../docs/agents/issue-tracker.md")
    context (from /Users/zoki/code/context/.scratch/records/session-orientation/issues/05-verify-prerequisite-acceptance.md; link "../../../../docs/agents/issue-tracker.md")
    requirement (from /Users/zoki/code/context/.scratch/records/session-orientation/acceptances/05-evidence-correction-20260916.md; link "../../../../docs/agents/issue-tracker.md")
    context (from /Users/zoki/code/context/.scratch/records/session-orientation/issues/06-evaluate-prerequisite-chains.md; link "../../../../docs/agents/issue-tracker.md")
    requirement (from /Users/zoki/code/context/.scratch/records/session-orientation/acceptances/06-evidence-correction-20260916.md; link "../../../../docs/agents/issue-tracker.md")
    context (from /Users/zoki/code/context/.scratch/records/session-orientation/issues/07-migrate-records-and-prepare-trial.md; link "../../../../docs/agents/issue-tracker.md")
    requirement (from /Users/zoki/code/context/.scratch/records/session-orientation/acceptances/07-evidence-correction-20260916.md; link "../../../../docs/agents/issue-tracker.md")
    context (from /Users/zoki/code/context/.scratch/records/session-orientation/issues/08-verify-fresh-session-pickup.md; link "../../../../docs/agents/issue-tracker.md")
    requirement (from /Users/zoki/code/context/.scratch/records/session-orientation/acceptances/08-pickup-trial-20260916.md; link "../../../../docs/agents/issue-tracker.md")
  /Users/zoki/code/context/.scratch/session-orientation/evidence/legacy-migration.md
    sha256: 7c7e4762cf14e588ed8dfee473344c7b6d35cd144e9bf35a4c629f65959ca756
    evidence (from /Users/zoki/code/context/.scratch/records/context-reader/acceptances/01-read-okf-ticket-migration-20260916.md; link "../../../session-orientation/evidence/legacy-migration.md")
    evidence (from /Users/zoki/code/context/.scratch/records/context-reader/acceptances/02-include-project-documents-migration-20260916.md; link "../../../session-orientation/evidence/legacy-migration.md")
    evidence (from /Users/zoki/code/context/.scratch/records/context-reader/acceptances/03-follow-blocker-tickets-migration-20260916.md; link "../../../session-orientation/evidence/legacy-migration.md")
    evidence (from /Users/zoki/code/context/.scratch/records/context-reader/acceptances/04-allow-external-context-migration-20260916.md; link "../../../session-orientation/evidence/legacy-migration.md")
    evidence (from /Users/zoki/code/context/.scratch/records/context-reader/acceptances/05-bound-context-collection-migration-20260916.md; link "../../../session-orientation/evidence/legacy-migration.md")
    evidence (from /Users/zoki/code/context/.scratch/records/session-orientation/acceptances/07-evidence-correction-20260916.md; link "../../../session-orientation/evidence/legacy-migration.md")
  /Users/zoki/code/context/.scratch/session-orientation/evidence/legacy-record-snapshots.json
    sha256: c49497167b3b32ccd86d5de702111ff348544d773d128b19ce185da71e9a527a
    evidence (from /Users/zoki/code/context/.scratch/records/context-reader/acceptances/01-read-okf-ticket-migration-20260916.md; link "../../../session-orientation/evidence/legacy-record-snapshots.json")
    evidence (from /Users/zoki/code/context/.scratch/records/context-reader/acceptances/02-include-project-documents-migration-20260916.md; link "../../../session-orientation/evidence/legacy-record-snapshots.json")
    evidence (from /Users/zoki/code/context/.scratch/records/context-reader/acceptances/03-follow-blocker-tickets-migration-20260916.md; link "../../../session-orientation/evidence/legacy-record-snapshots.json")
    evidence (from /Users/zoki/code/context/.scratch/records/context-reader/acceptances/04-allow-external-context-migration-20260916.md; link "../../../session-orientation/evidence/legacy-record-snapshots.json")
    evidence (from /Users/zoki/code/context/.scratch/records/context-reader/acceptances/05-bound-context-collection-migration-20260916.md; link "../../../session-orientation/evidence/legacy-record-snapshots.json")
    evidence (from /Users/zoki/code/context/.scratch/records/session-orientation/acceptances/07-evidence-correction-20260916.md; link "../../../session-orientation/evidence/legacy-record-snapshots.json")
  /Users/zoki/code/context/.scratch/session-orientation/evidence/legacy-merge-correspondence.json
    sha256: db0e67626452182e26fec283c1e1a5bf86d473a3324f0b6925984bc64f88c5d1
    evidence (from /Users/zoki/code/context/.scratch/records/context-reader/acceptances/01-read-okf-ticket-migration-20260916.md; link "../../../session-orientation/evidence/legacy-merge-correspondence.json")
    evidence (from /Users/zoki/code/context/.scratch/records/context-reader/acceptances/02-include-project-documents-migration-20260916.md; link "../../../session-orientation/evidence/legacy-merge-correspondence.json")
    evidence (from /Users/zoki/code/context/.scratch/records/context-reader/acceptances/03-follow-blocker-tickets-migration-20260916.md; link "../../../session-orientation/evidence/legacy-merge-correspondence.json")
    evidence (from /Users/zoki/code/context/.scratch/records/context-reader/acceptances/04-allow-external-context-migration-20260916.md; link "../../../session-orientation/evidence/legacy-merge-correspondence.json")
    evidence (from /Users/zoki/code/context/.scratch/records/context-reader/acceptances/05-bound-context-collection-migration-20260916.md; link "../../../session-orientation/evidence/legacy-merge-correspondence.json")
    evidence (from /Users/zoki/code/context/.scratch/records/session-orientation/acceptances/07-evidence-correction-20260916.md; link "../../../session-orientation/evidence/legacy-merge-correspondence.json")
  /Users/zoki/code/context/.scratch/context-reader/acceptance-trial.md
    sha256: 6807e25b385beb71a12e0386c9274fcbd04dfe3c0577b99ae792b8d1236f4775
    evidence (from /Users/zoki/code/context/.scratch/records/context-reader/acceptances/01-read-okf-ticket-migration-20260916.md; link "../../../context-reader/acceptance-trial.md")
    evidence (from /Users/zoki/code/context/.scratch/records/context-reader/acceptances/02-include-project-documents-migration-20260916.md; link "../../../context-reader/acceptance-trial.md")
    evidence (from /Users/zoki/code/context/.scratch/records/context-reader/acceptances/03-follow-blocker-tickets-migration-20260916.md; link "../../../context-reader/acceptance-trial.md")
    evidence (from /Users/zoki/code/context/.scratch/records/context-reader/acceptances/04-allow-external-context-migration-20260916.md; link "../../../context-reader/acceptance-trial.md")
    evidence (from /Users/zoki/code/context/.scratch/records/context-reader/acceptances/05-bound-context-collection-migration-20260916.md; link "../../../context-reader/acceptance-trial.md")
    context (from /Users/zoki/code/context/.scratch/records/session-orientation/issues/07-migrate-records-and-prepare-trial.md; link "../../../context-reader/acceptance-trial.md")
    requirement (from /Users/zoki/code/context/.scratch/records/session-orientation/acceptances/07-evidence-correction-20260916.md; link "../../../context-reader/acceptance-trial.md")
  /Users/zoki/code/context/.scratch/context-reader/acceptance-trial-manifest.json
    sha256: 7808ffca77fdd670e4b15fc29239c8e02d0eed6f75c6133cf759b2928621c86d
    evidence (from /Users/zoki/code/context/.scratch/records/context-reader/acceptances/01-read-okf-ticket-migration-20260916.md; link "../../../context-reader/acceptance-trial-manifest.json")
    evidence (from /Users/zoki/code/context/.scratch/records/context-reader/acceptances/02-include-project-documents-migration-20260916.md; link "../../../context-reader/acceptance-trial-manifest.json")
    evidence (from /Users/zoki/code/context/.scratch/records/context-reader/acceptances/03-follow-blocker-tickets-migration-20260916.md; link "../../../context-reader/acceptance-trial-manifest.json")
    evidence (from /Users/zoki/code/context/.scratch/records/context-reader/acceptances/04-allow-external-context-migration-20260916.md; link "../../../context-reader/acceptance-trial-manifest.json")
    evidence (from /Users/zoki/code/context/.scratch/records/context-reader/acceptances/05-bound-context-collection-migration-20260916.md; link "../../../context-reader/acceptance-trial-manifest.json")
    context (from /Users/zoki/code/context/.scratch/records/session-orientation/issues/07-migrate-records-and-prepare-trial.md; link "../../../context-reader/acceptance-trial-manifest.json")
    requirement (from /Users/zoki/code/context/.scratch/records/session-orientation/acceptances/07-evidence-correction-20260916.md; link "../../../context-reader/acceptance-trial-manifest.json")
  /Users/zoki/code/context/.scratch/context-reader/review-verification-manifest.json
    sha256: 16f14c92945bd59d95d9b39c4ce642f316004628a74f4c881e00a2780f9e19a4
    evidence (from /Users/zoki/code/context/.scratch/records/context-reader/acceptances/01-read-okf-ticket-migration-20260916.md; link "../../../context-reader/review-verification-manifest.json")
    evidence (from /Users/zoki/code/context/.scratch/records/context-reader/acceptances/02-include-project-documents-migration-20260916.md; link "../../../context-reader/review-verification-manifest.json")
    evidence (from /Users/zoki/code/context/.scratch/records/context-reader/acceptances/03-follow-blocker-tickets-migration-20260916.md; link "../../../context-reader/review-verification-manifest.json")
    evidence (from /Users/zoki/code/context/.scratch/records/context-reader/acceptances/04-allow-external-context-migration-20260916.md; link "../../../context-reader/review-verification-manifest.json")
    evidence (from /Users/zoki/code/context/.scratch/records/context-reader/acceptances/05-bound-context-collection-migration-20260916.md; link "../../../context-reader/review-verification-manifest.json")
    context (from /Users/zoki/code/context/.scratch/records/session-orientation/issues/07-migrate-records-and-prepare-trial.md; link "../../../context-reader/review-verification-manifest.json")
    requirement (from /Users/zoki/code/context/.scratch/records/session-orientation/acceptances/07-evidence-correction-20260916.md; link "../../../context-reader/review-verification-manifest.json")
  /Users/zoki/code/context/.scratch/project-discovery/spec.md
    sha256: d54c182412a9ee711e1b7a91e2a5ea6c4174dbd8567304ff44fa109a65c41d67
    spec (from /Users/zoki/code/context/.scratch/records/project-discovery/issues/01-read-configuration.md; link "../../../project-discovery/spec.md")
    requirement (from /Users/zoki/code/context/.scratch/records/project-discovery/acceptances/01-configuration-reassessed-20260917.md; link "../../../project-discovery/spec.md")
    spec (from /Users/zoki/code/context/.scratch/records/project-discovery/issues/02-resolve-scope.md; link "../../../project-discovery/spec.md")
    requirement (from /Users/zoki/code/context/.scratch/records/project-discovery/acceptances/02-scope-20260917.md; link "../../../project-discovery/spec.md")
    spec (from /Users/zoki/code/context/.scratch/records/project-discovery/issues/03-integrate-cli.md; link "../../../project-discovery/spec.md")
    requirement (from /Users/zoki/code/context/.scratch/records/project-discovery/acceptances/03-reader-cli-20260917.md; link "../../../project-discovery/spec.md")
    spec (from /Users/zoki/code/context/.scratch/records/project-discovery/issues/04-workspace-navigation.md; link "../../../project-discovery/spec.md")
    requirement (from /Users/zoki/code/context/.scratch/records/project-discovery/acceptances/04-workspace-20260917.md; link "../../../project-discovery/spec.md")
    spec (from /Users/zoki/code/context/.scratch/records/project-discovery/issues/05-connect-records.md; link "../../../project-discovery/spec.md")
    requirement (from /Users/zoki/code/context/.scratch/records/project-discovery/acceptances/05-setup-write-reassessed-20260917.md; link "../../../project-discovery/spec.md")
    spec (from /Users/zoki/code/context/.scratch/records/project-discovery/issues/06-document-and-trial.md; link "../../../project-discovery/spec.md")
    requirement (from /Users/zoki/code/context/.scratch/records/project-discovery/acceptances/06-documentation-reassessed-20260917.md; link "../../../project-discovery/spec.md")
  /Users/zoki/code/context/.scratch/project-discovery/evidence/01-configuration-reassessment.md
    sha256: a5529223c4b32a28fe46557c56a3e055fc06e3912fb59fb6a904dc3a5d7a3bbf
    evidence (from /Users/zoki/code/context/.scratch/records/project-discovery/acceptances/01-configuration-reassessed-20260917.md; link "../../../project-discovery/evidence/01-configuration-reassessment.md")
  /Users/zoki/code/context/.scratch/project-discovery/evidence/02-scope-verification.md
    sha256: 931ea234d41ad51d4f11bf320500acda50a079e2485343c13ae3acdf3f1caac0
    evidence (from /Users/zoki/code/context/.scratch/records/project-discovery/acceptances/02-scope-20260917.md; link "../../../project-discovery/evidence/02-scope-verification.md")
  /Users/zoki/code/context/.scratch/project-discovery/evidence/03-reader-cli-verification.md
    sha256: b330705c728565800e7701810f76dd04e298c5455f80b6ef1ecd428048797298
    evidence (from /Users/zoki/code/context/.scratch/records/project-discovery/acceptances/03-reader-cli-20260917.md; link "../../../project-discovery/evidence/03-reader-cli-verification.md")
  /Users/zoki/code/context/.scratch/project-discovery/evidence/04-workspace-verification.md
    sha256: 4b3a9d9b215bfa554506d75a4edaa331dadb4e3b80a429f283bae5dc2ac6fddf
    evidence (from /Users/zoki/code/context/.scratch/records/project-discovery/acceptances/04-workspace-20260917.md; link "../../../project-discovery/evidence/04-workspace-verification.md")
  /Users/zoki/code/context/.scratch/project-discovery/evidence/05-setup-write-final-verification.md
    sha256: 04e449871ec09513a52df65e640bdd9915837b1732615eaba7e38196ca47b58f
    evidence (from /Users/zoki/code/context/.scratch/records/project-discovery/acceptances/05-setup-write-reassessed-20260917.md; link "../../../project-discovery/evidence/05-setup-write-final-verification.md")
  /Users/zoki/code/context/.scratch/project-discovery/evidence/05-setup-write-final/checks.json
    sha256: cd47a7e455595301b6709a427345916762cf9f056ce9a134b83714a025b2edf9
    evidence (from /Users/zoki/code/context/.scratch/records/project-discovery/acceptances/05-setup-write-reassessed-20260917.md; link "../../../project-discovery/evidence/05-setup-write-final/checks.json")
  /Users/zoki/code/context/.scratch/project-discovery/evidence/05-setup-write-final/race.json
    sha256: 41f3d0c61b58e8adcd09b0e659888b16e7fe723834da78f371cb91f4d43e63d8
    evidence (from /Users/zoki/code/context/.scratch/records/project-discovery/acceptances/05-setup-write-reassessed-20260917.md; link "../../../project-discovery/evidence/05-setup-write-final/race.json")
  /Users/zoki/code/context/.scratch/project-discovery/evidence/05-setup-write-final/source-after-merge.json
    sha256: 1a252a1f902e020ef73d5600afa1c5d00a184f6dc0cd66c16eeae135832df1a4
    evidence (from /Users/zoki/code/context/.scratch/records/project-discovery/acceptances/05-setup-write-reassessed-20260917.md; link "../../../project-discovery/evidence/05-setup-write-final/source-after-merge.json")
  /Users/zoki/code/context/.scratch/project-discovery/evidence/05-setup-write-final/source-before-merge.json
    sha256: 1a252a1f902e020ef73d5600afa1c5d00a184f6dc0cd66c16eeae135832df1a4
    evidence (from /Users/zoki/code/context/.scratch/records/project-discovery/acceptances/05-setup-write-reassessed-20260917.md; link "../../../project-discovery/evidence/05-setup-write-final/source-before-merge.json")
  /Users/zoki/code/context/.scratch/project-discovery/evidence/05-setup-write-final/spec/cli-permission-recheck.json
    sha256: 6e676d4959a77d0a6732c29780c44e5b92ad606b1689dfd121780a6d6adb3a9e
    evidence (from /Users/zoki/code/context/.scratch/records/project-discovery/acceptances/05-setup-write-reassessed-20260917.md; link "../../../project-discovery/evidence/05-setup-write-final/spec/cli-permission-recheck.json")
  /Users/zoki/code/context/.scratch/project-discovery/evidence/05-setup-write-final/spec/final-integrity-and-results.json
    sha256: 0abc5a2eeeccdcb26bd369d63ac058560d22df24119f6d02fdfd5034f0421ca5
    evidence (from /Users/zoki/code/context/.scratch/records/project-discovery/acceptances/05-setup-write-reassessed-20260917.md; link "../../../project-discovery/evidence/05-setup-write-final/spec/final-integrity-and-results.json")
  /Users/zoki/code/context/.scratch/project-discovery/evidence/05-setup-write-final/spec/linux-cli-build.json
    sha256: 0bb527fe1710692258c1ce2b3a49316612f31db29fe1f0d17a7fbeeeeb4bea68
    evidence (from /Users/zoki/code/context/.scratch/records/project-discovery/acceptances/05-setup-write-reassessed-20260917.md; link "../../../project-discovery/evidence/05-setup-write-final/spec/linux-cli-build.json")
  /Users/zoki/code/context/.scratch/project-discovery/evidence/05-setup-write-final/spec/linux-overlay.json
    sha256: de1770a096f68e70f2eb1c20d7b56ec25bb82b47a81b1e4a8ed410fa7c2d1ef1
    evidence (from /Users/zoki/code/context/.scratch/records/project-discovery/acceptances/05-setup-write-reassessed-20260917.md; link "../../../project-discovery/evidence/05-setup-write-final/spec/linux-overlay.json")
  /Users/zoki/code/context/.scratch/project-discovery/evidence/05-setup-write-final/spec/linux-test-build.json
    sha256: b00332bbb6ca2222601102e22e09c4969f3330eb5760079238d849be2dd95bc0
    evidence (from /Users/zoki/code/context/.scratch/records/project-discovery/acceptances/05-setup-write-reassessed-20260917.md; link "../../../project-discovery/evidence/05-setup-write-final/spec/linux-test-build.json")
  /Users/zoki/code/context/.scratch/project-discovery/evidence/05-setup-write-final/spec/native-linux-cli-runtime.json
    sha256: 7a692f6cb9c5ec90b1c84509a141119f7e72217db051c4e76942c7da215daea3
    evidence (from /Users/zoki/code/context/.scratch/records/project-discovery/acceptances/05-setup-write-reassessed-20260917.md; link "../../../project-discovery/evidence/05-setup-write-final/spec/native-linux-cli-runtime.json")
  /Users/zoki/code/context/.scratch/project-discovery/evidence/05-setup-write-final/spec/native-linux-runtime.json
    sha256: 04f2949dd4d9c8dbbcf51cbc044b64c5c94857f87fc9a86c2ea1272fc40bdd03
    evidence (from /Users/zoki/code/context/.scratch/records/project-discovery/acceptances/05-setup-write-reassessed-20260917.md; link "../../../project-discovery/evidence/05-setup-write-final/spec/native-linux-runtime.json")
  /Users/zoki/code/context/.scratch/project-discovery/evidence/05-setup-write-final/spec/native-macos-runtime.json
    sha256: 5feddf57c8e55400b2e647fcbbc89482c55ef48b95dc7dd51eb66fd5415155e5
    evidence (from /Users/zoki/code/context/.scratch/records/project-discovery/acceptances/05-setup-write-reassessed-20260917.md; link "../../../project-discovery/evidence/05-setup-write-final/spec/native-macos-runtime.json")
  /Users/zoki/code/context/.scratch/project-discovery/evidence/05-setup-write-final/spec/native-overlay.json
    sha256: dd37ab8b24c3c948ecdea0ca4cf1686374a4362d53ba7efacad3b1efc0213e7c
    evidence (from /Users/zoki/code/context/.scratch/records/project-discovery/acceptances/05-setup-write-reassessed-20260917.md; link "../../../project-discovery/evidence/05-setup-write-final/spec/native-overlay.json")
  /Users/zoki/code/context/.scratch/project-discovery/evidence/05-setup-write-final/spec/preservation-evidence.json
    sha256: 31d89db04bbfeeda3d7cae8ccfc37742a8a39d245e02897ee1c8690a3f396999
    evidence (from /Users/zoki/code/context/.scratch/records/project-discovery/acceptances/05-setup-write-reassessed-20260917.md; link "../../../project-discovery/evidence/05-setup-write-final/spec/preservation-evidence.json")
  /Users/zoki/code/context/.scratch/project-discovery/evidence/05-setup-write-final/spec/preservation-probe-command.json
    sha256: 769cd4b306e2708272dd2e4bc9c876937f95741c37cce669ad207a5812e42a57
    evidence (from /Users/zoki/code/context/.scratch/records/project-discovery/acceptances/05-setup-write-reassessed-20260917.md; link "../../../project-discovery/evidence/05-setup-write-final/spec/preservation-probe-command.json")
  /Users/zoki/code/context/.scratch/project-discovery/evidence/05-setup-write-final/spec/probes/cli-permission-recheck.py
    sha256: b8e0988608310c4a34585dd2f5be2fb3441f86b3dcea1d18f8266e3127161d8f
    evidence (from /Users/zoki/code/context/.scratch/records/project-discovery/acceptances/05-setup-write-reassessed-20260917.md; link "../../../project-discovery/evidence/05-setup-write-final/spec/probes/cli-permission-recheck.py")
  /Users/zoki/code/context/.scratch/project-discovery/evidence/05-setup-write-final/spec/probes/preservation-probe.py
    sha256: 6811399cba04f39b4605c1ece29f1c4685ad353005a226d8cd2152ce6cdc6693
    evidence (from /Users/zoki/code/context/.scratch/records/project-discovery/acceptances/05-setup-write-reassessed-20260917.md; link "../../../project-discovery/evidence/05-setup-write-final/spec/probes/preservation-probe.py")
  /Users/zoki/code/context/.scratch/project-discovery/evidence/05-setup-write-final/spec/probes/setup_recheck_linux_clock_test.go
    sha256: 60681e3421263a1ee417e2c6884767f704b21d726419152617572c6a53701421
    evidence (from /Users/zoki/code/context/.scratch/records/project-discovery/acceptances/05-setup-write-reassessed-20260917.md; link "../../../project-discovery/evidence/05-setup-write-final/spec/probes/setup_recheck_linux_clock_test.go")
  /Users/zoki/code/context/.scratch/project-discovery/evidence/05-setup-write-final/spec/probes/setup_recheck_linux_revocation_test.go
    sha256: 937172027c2be4cdc0e481768ca68eac37e5c6b17e236228dbe1bc100286c846
    evidence (from /Users/zoki/code/context/.scratch/records/project-discovery/acceptances/05-setup-write-reassessed-20260917.md; link "../../../project-discovery/evidence/05-setup-write-final/spec/probes/setup_recheck_linux_revocation_test.go")
  /Users/zoki/code/context/.scratch/project-discovery/evidence/05-setup-write-final/spec/probes/setup_recheck_linux_test.go
    sha256: d01796ff1677c14cd4651b13eeca81d09704f6bc4eb165f5c15af90a9090f689
    evidence (from /Users/zoki/code/context/.scratch/records/project-discovery/acceptances/05-setup-write-reassessed-20260917.md; link "../../../project-discovery/evidence/05-setup-write-final/spec/probes/setup_recheck_linux_test.go")
  /Users/zoki/code/context/.scratch/project-discovery/evidence/05-setup-write-final/spec/probes/setup_recheck_probe_test.go
    sha256: c4f1dd946825cd519e413546e656047187711d1ea31a521721871cb0852fc829
    evidence (from /Users/zoki/code/context/.scratch/records/project-discovery/acceptances/05-setup-write-reassessed-20260917.md; link "../../../project-discovery/evidence/05-setup-write-final/spec/probes/setup_recheck_probe_test.go")
  /Users/zoki/code/context/.scratch/project-discovery/evidence/05-setup-write-final/spec/probes/setup_recheck_process_test.go
    sha256: 74846c619a2fa5f5c00f60a91fd66ceaffa489a24953811a12d70491a3bfc2a7
    evidence (from /Users/zoki/code/context/.scratch/records/project-discovery/acceptances/05-setup-write-reassessed-20260917.md; link "../../../project-discovery/evidence/05-setup-write-final/spec/probes/setup_recheck_process_test.go")
  /Users/zoki/code/context/.scratch/project-discovery/evidence/05-setup-write-final/spec/reader-build.json
    sha256: 8aacebb5c9237b1f0d041ebeb739c9808bb0b2407557fe1387be2545448fe769
    evidence (from /Users/zoki/code/context/.scratch/records/project-discovery/acceptances/05-setup-write-reassessed-20260917.md; link "../../../project-discovery/evidence/05-setup-write-final/spec/reader-build.json")
  /Users/zoki/code/context/.scratch/project-discovery/evidence/05-setup-write-final/spec/source-manifest.json
    sha256: f156c57dcc830550d484a942b9da845ed41345ffdd70f315be5f56e8063725ed
    evidence (from /Users/zoki/code/context/.scratch/records/project-discovery/acceptances/05-setup-write-reassessed-20260917.md; link "../../../project-discovery/evidence/05-setup-write-final/spec/source-manifest.json")
  /Users/zoki/code/context/.scratch/project-discovery/evidence/05-setup-write-final/spec/spec-setup-recheck-c59d12e.md
    sha256: 8615f29d2b95d6b91acd018b5a7ef1a34a1f5d80a211b9bf585dd0f3714665bd
    evidence (from /Users/zoki/code/context/.scratch/records/project-discovery/acceptances/05-setup-write-reassessed-20260917.md; link "../../../project-discovery/evidence/05-setup-write-final/spec/spec-setup-recheck-c59d12e.md")
  /Users/zoki/code/context/.scratch/project-discovery/evidence/05-setup-write-final/spec/task-context-delivery.json
    sha256: b42340cc8508dfea4ee93a83b8f593db1834598bdba7de7305b1d3705d51e71a
    evidence (from /Users/zoki/code/context/.scratch/records/project-discovery/acceptances/05-setup-write-reassessed-20260917.md; link "../../../project-discovery/evidence/05-setup-write-final/spec/task-context-delivery.json")
  /Users/zoki/code/context/.scratch/project-discovery/evidence/05-setup-write-final/standards-physical-lock-final.md
    sha256: e3d959985713d8e299c74b7a26c2e3bcf93cc579b6e03229545ca519377f23e5
    evidence (from /Users/zoki/code/context/.scratch/records/project-discovery/acceptances/05-setup-write-reassessed-20260917.md; link "../../../project-discovery/evidence/05-setup-write-final/standards-physical-lock-final.md")
  /Users/zoki/code/context/.scratch/project-discovery/evidence/05-setup-write-final/standards-physical-lock-probe.json
    sha256: e624d4b28b61eaad94588684a4a29c47f9c48fa315e4206db0b19aa7d26a2f12
    evidence (from /Users/zoki/code/context/.scratch/records/project-discovery/acceptances/05-setup-write-reassessed-20260917.md; link "../../../project-discovery/evidence/05-setup-write-final/standards-physical-lock-probe.json")
  /Users/zoki/code/context/.scratch/project-discovery/evidence/05-setup-write-final/standards-physical-lock-source-before.json
    sha256: c67c8ca79315de7b878b282ee9742825360272692dbadc4934d3b7d5338742bc
    evidence (from /Users/zoki/code/context/.scratch/records/project-discovery/acceptances/05-setup-write-reassessed-20260917.md; link "../../../project-discovery/evidence/05-setup-write-final/standards-physical-lock-source-before.json")
  /Users/zoki/code/context/.scratch/project-discovery/evidence/05-setup-write-final/standards-physical-lock-source-pinned.json
    sha256: 5dab78d14e204b396d97b448e3e9a1fe1ab1543985517b75aa92cd0e6cb70108
    evidence (from /Users/zoki/code/context/.scratch/records/project-discovery/acceptances/05-setup-write-reassessed-20260917.md; link "../../../project-discovery/evidence/05-setup-write-final/standards-physical-lock-source-pinned.json")
  /Users/zoki/code/context/.scratch/project-discovery/evidence/05-setup-write-final/tests.json
    sha256: 3fa1a30540938c1d3f51264300057166c7dd1a6462c619b24ab85a47d6b226da
    evidence (from /Users/zoki/code/context/.scratch/records/project-discovery/acceptances/05-setup-write-reassessed-20260917.md; link "../../../project-discovery/evidence/05-setup-write-final/tests.json")
  /Users/zoki/code/context/.scratch/project-discovery/evidence/06-reassessment-verification.md
    sha256: 54ad0b923ce9ca9309dac35637fd257c9fc77ede703e81deea51731cf6dec7a0
    evidence (from /Users/zoki/code/context/.scratch/records/project-discovery/acceptances/06-documentation-reassessed-20260917.md; link "../../../project-discovery/evidence/06-reassessment-verification.md")
  /Users/zoki/code/context/.scratch/project-discovery/evidence/06-reassessment-build.json
    sha256: 9b84f0091a70a58b4113a2074d2806f04535ad80556d4e1dcdb37971904cdaaa
    evidence (from /Users/zoki/code/context/.scratch/records/project-discovery/acceptances/06-documentation-reassessed-20260917.md; link "../../../project-discovery/evidence/06-reassessment-build.json")
  /Users/zoki/code/context/.scratch/project-discovery/evidence/06-reassessment-checks.json
    sha256: cd47a7e455595301b6709a427345916762cf9f056ce9a134b83714a025b2edf9
    evidence (from /Users/zoki/code/context/.scratch/records/project-discovery/acceptances/06-documentation-reassessed-20260917.md; link "../../../project-discovery/evidence/06-reassessment-checks.json")
  /Users/zoki/code/context/.scratch/project-discovery/evidence/06-reassessment-trial.json
    sha256: 8c82f0535459ff0404a2cbb4fc90afccf85eac4ff48b3e935c331afa1db7ee16
    evidence (from /Users/zoki/code/context/.scratch/records/project-discovery/acceptances/06-documentation-reassessed-20260917.md; link "../../../project-discovery/evidence/06-reassessment-trial.json")
  /Users/zoki/code/context/.scratch/project-discovery/evidence/10-independent-recheck.md
    sha256: 05d462d609c1e3464ecc0abd9373294c4ae2ef8d9485e73e52c22ba54bc44d43
    evidence (from /Users/zoki/code/context/.scratch/records/project-discovery/acceptances/06-documentation-reassessed-20260917.md; link "../../../project-discovery/evidence/10-independent-recheck.md")
  /Users/zoki/code/context/.scratch/project-discovery/evidence/10-review-recheck/standards.md
    sha256: e3d959985713d8e299c74b7a26c2e3bcf93cc579b6e03229545ca519377f23e5
    evidence (from /Users/zoki/code/context/.scratch/records/project-discovery/acceptances/06-documentation-reassessed-20260917.md; link "../../../project-discovery/evidence/10-review-recheck/standards.md")
  /Users/zoki/code/context/.scratch/project-discovery/evidence/10-review-recheck/spec.md
    sha256: 8615f29d2b95d6b91acd018b5a7ef1a34a1f5d80a211b9bf585dd0f3714665bd
    evidence (from /Users/zoki/code/context/.scratch/records/project-discovery/acceptances/06-documentation-reassessed-20260917.md; link "../../../project-discovery/evidence/10-review-recheck/spec.md")
  /Users/zoki/code/context/.scratch/project-discovery/evidence/10-review-recheck/manifest.json
    sha256: a139a2a5e4c603f1d978c0e3c55ee5f548786265f215f8131f4df10cabb5e742
    evidence (from /Users/zoki/code/context/.scratch/records/project-discovery/acceptances/06-documentation-reassessed-20260917.md; link "../../../project-discovery/evidence/10-review-recheck/manifest.json")
  /Users/zoki/code/context/.scratch/project-discovery/evidence/10-review-recheck/documentation-links.json
    sha256: ee8f76f69cf767d039205372a2179fee4279b1d74ba9aaf19fd364d0486d817f
    evidence (from /Users/zoki/code/context/.scratch/records/project-discovery/acceptances/06-documentation-reassessed-20260917.md; link "../../../project-discovery/evidence/10-review-recheck/documentation-links.json")
  /Users/zoki/code/context/.scratch/session-orientation/evidence/01-overview.md
    sha256: d9809a41f41b657818f8071a6bf7303ac78ac4eef4dc97c70d0b0a3f66a34179
    evidence (from /Users/zoki/code/context/.scratch/records/session-orientation/acceptances/01-evidence-correction-20260916.md; link "../../../session-orientation/evidence/01-overview.md")
  /Users/zoki/code/context/.scratch/session-orientation/evidence/01-overview-verification.json
    sha256: d1c88e2ba828e9b561945ebd38e380887043a6226bbbe43d1cbf7aacaac170fc
    evidence (from /Users/zoki/code/context/.scratch/records/session-orientation/acceptances/01-evidence-correction-20260916.md; link "../../../session-orientation/evidence/01-overview-verification.json")
  /Users/zoki/code/context/.scratch/session-orientation/evidence/01-context-compatibility-review.md
    sha256: aac821c278fd447fd12e679f76d8fa132e27f43ef22778d588f4fac0ccc2d738
    evidence (from /Users/zoki/code/context/.scratch/records/session-orientation/acceptances/01-evidence-correction-20260916.md; link "../../../session-orientation/evidence/01-context-compatibility-review.md")
  /Users/zoki/code/context/.scratch/session-orientation/evidence/05-authoring-reassessment.md
    sha256: dd3115b20544a2e8d548a421e9c342901b59f2861fb0a5d136ed4e85cfde13b5
    evidence (from /Users/zoki/code/context/.scratch/records/session-orientation/acceptances/01-evidence-correction-20260916.md; link "../../../session-orientation/evidence/05-authoring-reassessment.md")
    evidence (from /Users/zoki/code/context/.scratch/records/session-orientation/acceptances/02-authoring-reassessment-20260916.md; link "../../../session-orientation/evidence/05-authoring-reassessment.md")
    evidence (from /Users/zoki/code/context/.scratch/records/session-orientation/acceptances/03-authoring-reassessment-20260916.md; link "../../../session-orientation/evidence/05-authoring-reassessment.md")
    evidence (from /Users/zoki/code/context/.scratch/records/session-orientation/acceptances/04-authoring-reassessment-20260916.md; link "../../../session-orientation/evidence/05-authoring-reassessment.md")
    evidence (from /Users/zoki/code/context/.scratch/records/session-orientation/acceptances/05-evidence-correction-20260916.md; link "../../../session-orientation/evidence/05-authoring-reassessment.md")
  /Users/zoki/code/context/.scratch/session-orientation/evidence/05-authoring-boundary.json
    sha256: a8709198454b3967ea8001dbe7bea3718cf222aca4b891ec18a115d1dcbd3142
    evidence (from /Users/zoki/code/context/.scratch/records/session-orientation/acceptances/01-evidence-correction-20260916.md; link "../../../session-orientation/evidence/05-authoring-boundary.json")
    evidence (from /Users/zoki/code/context/.scratch/records/session-orientation/acceptances/02-authoring-reassessment-20260916.md; link "../../../session-orientation/evidence/05-authoring-boundary.json")
    evidence (from /Users/zoki/code/context/.scratch/records/session-orientation/acceptances/03-authoring-reassessment-20260916.md; link "../../../session-orientation/evidence/05-authoring-boundary.json")
    evidence (from /Users/zoki/code/context/.scratch/records/session-orientation/acceptances/04-authoring-reassessment-20260916.md; link "../../../session-orientation/evidence/05-authoring-boundary.json")
    evidence (from /Users/zoki/code/context/.scratch/records/session-orientation/acceptances/05-evidence-correction-20260916.md; link "../../../session-orientation/evidence/05-authoring-boundary.json")
  /Users/zoki/code/context/.scratch/session-orientation/evidence/05-before-reassessment.json
    sha256: 95042563f36a11e10b43302f92498f35db2abccc5c5c5af4056b01ca496d0d9e
    evidence (from /Users/zoki/code/context/.scratch/records/session-orientation/acceptances/01-evidence-correction-20260916.md; link "../../../session-orientation/evidence/05-before-reassessment.json")
    evidence (from /Users/zoki/code/context/.scratch/records/session-orientation/acceptances/02-authoring-reassessment-20260916.md; link "../../../session-orientation/evidence/05-before-reassessment.json")
    evidence (from /Users/zoki/code/context/.scratch/records/session-orientation/acceptances/03-authoring-reassessment-20260916.md; link "../../../session-orientation/evidence/05-before-reassessment.json")
    evidence (from /Users/zoki/code/context/.scratch/records/session-orientation/acceptances/04-authoring-reassessment-20260916.md; link "../../../session-orientation/evidence/05-before-reassessment.json")
    evidence (from /Users/zoki/code/context/.scratch/records/session-orientation/acceptances/05-evidence-correction-20260916.md; link "../../../session-orientation/evidence/05-before-reassessment.json")
  /Users/zoki/code/context/.scratch/session-orientation/evidence/review.md
    sha256: 6ee7c23efe495995a723902f946575b1dc3408286a43843705633e7a7608e255
    evidence (from /Users/zoki/code/context/.scratch/records/session-orientation/acceptances/01-evidence-correction-20260916.md; link "../../../session-orientation/evidence/review.md")
    evidence (from /Users/zoki/code/context/.scratch/records/session-orientation/acceptances/05-evidence-correction-20260916.md; link "../../../session-orientation/evidence/review.md")
    evidence (from /Users/zoki/code/context/.scratch/records/session-orientation/acceptances/06-evidence-correction-20260916.md; link "../../../session-orientation/evidence/review.md")
    evidence (from /Users/zoki/code/context/.scratch/records/session-orientation/acceptances/07-evidence-correction-20260916.md; link "../../../session-orientation/evidence/review.md")
  /Users/zoki/code/context/.scratch/session-orientation/evidence/review-core-regressions.json
    sha256: d3045c76767c439f30681aecb3c3f35a17e8f238882f560989ad6589b0e5dd7a
    evidence (from /Users/zoki/code/context/.scratch/records/session-orientation/acceptances/01-evidence-correction-20260916.md; link "../../../session-orientation/evidence/review-core-regressions.json")
    evidence (from /Users/zoki/code/context/.scratch/records/session-orientation/acceptances/05-evidence-correction-20260916.md; link "../../../session-orientation/evidence/review-core-regressions.json")
    evidence (from /Users/zoki/code/context/.scratch/records/session-orientation/acceptances/06-evidence-correction-20260916.md; link "../../../session-orientation/evidence/review-core-regressions.json")
  /Users/zoki/code/context/.scratch/session-orientation/evidence/review-spec-fix-verification.json
    sha256: cd3db4a9e26d8d8fae527e791d9e960690485e96d93b16aa028e9baf52a0d075
    evidence (from /Users/zoki/code/context/.scratch/records/session-orientation/acceptances/01-evidence-correction-20260916.md; link "../../../session-orientation/evidence/review-spec-fix-verification.json")
    evidence (from /Users/zoki/code/context/.scratch/records/session-orientation/acceptances/05-evidence-correction-20260916.md; link "../../../session-orientation/evidence/review-spec-fix-verification.json")
    evidence (from /Users/zoki/code/context/.scratch/records/session-orientation/acceptances/06-evidence-correction-20260916.md; link "../../../session-orientation/evidence/review-spec-fix-verification.json")
  /Users/zoki/code/context/.scratch/session-orientation/evidence/review-reassessment-corrected.md
    sha256: 34c14226bd542968bda2b219d3abaca2355425a2dc3d8427d26b00cf22a95304
    evidence (from /Users/zoki/code/context/.scratch/records/session-orientation/acceptances/01-evidence-correction-20260916.md; link "../../../session-orientation/evidence/review-reassessment-corrected.md")
    evidence (from /Users/zoki/code/context/.scratch/records/session-orientation/acceptances/05-evidence-correction-20260916.md; link "../../../session-orientation/evidence/review-reassessment-corrected.md")
    evidence (from /Users/zoki/code/context/.scratch/records/session-orientation/acceptances/06-evidence-correction-20260916.md; link "../../../session-orientation/evidence/review-reassessment-corrected.md")
    evidence (from /Users/zoki/code/context/.scratch/records/session-orientation/acceptances/07-evidence-correction-20260916.md; link "../../../session-orientation/evidence/review-reassessment-corrected.md")
  /Users/zoki/code/context/.scratch/session-orientation/evidence/review-cli-flags/red.txt
    sha256: 669b6a1674e8e1efc37e51cb25582563a20ff789ac515e0bc180e86ce26cb3c9
    evidence (from /Users/zoki/code/context/.scratch/records/session-orientation/acceptances/01-evidence-correction-20260916.md; link "../../../session-orientation/evidence/review-cli-flags/red.txt")
    evidence (from /Users/zoki/code/context/.scratch/records/session-orientation/acceptances/05-evidence-correction-20260916.md; link "../../../session-orientation/evidence/review-cli-flags/red.txt")
    evidence (from /Users/zoki/code/context/.scratch/records/session-orientation/acceptances/06-evidence-correction-20260916.md; link "../../../session-orientation/evidence/review-cli-flags/red.txt")
  /Users/zoki/code/context/.scratch/session-orientation/evidence/review-cli-flags/green.txt
    sha256: eea020b7333174cf4aa69a723a0d91145c8cc3930c874cd4c87fca780a71ff07
    evidence (from /Users/zoki/code/context/.scratch/records/session-orientation/acceptances/01-evidence-correction-20260916.md; link "../../../session-orientation/evidence/review-cli-flags/green.txt")
    evidence (from /Users/zoki/code/context/.scratch/records/session-orientation/acceptances/05-evidence-correction-20260916.md; link "../../../session-orientation/evidence/review-cli-flags/green.txt")
    evidence (from /Users/zoki/code/context/.scratch/records/session-orientation/acceptances/06-evidence-correction-20260916.md; link "../../../session-orientation/evidence/review-cli-flags/green.txt")
  /Users/zoki/code/context/.scratch/session-orientation/evidence/review-cli-flags/cli-suite.txt
    sha256: 61000a84b0dbc6ff3874b1a7239db8ab61b95a3c5b0a4da8fe630d0bafb038a1
    evidence (from /Users/zoki/code/context/.scratch/records/session-orientation/acceptances/01-evidence-correction-20260916.md; link "../../../session-orientation/evidence/review-cli-flags/cli-suite.txt")
    evidence (from /Users/zoki/code/context/.scratch/records/session-orientation/acceptances/05-evidence-correction-20260916.md; link "../../../session-orientation/evidence/review-cli-flags/cli-suite.txt")
    evidence (from /Users/zoki/code/context/.scratch/records/session-orientation/acceptances/06-evidence-correction-20260916.md; link "../../../session-orientation/evidence/review-cli-flags/cli-suite.txt")
  /Users/zoki/code/context/.scratch/session-orientation/evidence/07-preflight-verification.json
    sha256: c9e68e16b75a450daf6d13fbb8ed36eb6db2daca0bf94a346bc8df2a2954e7e0
    evidence (from /Users/zoki/code/context/.scratch/records/session-orientation/acceptances/01-evidence-correction-20260916.md; link "../../../session-orientation/evidence/07-preflight-verification.json")
    evidence (from /Users/zoki/code/context/.scratch/records/session-orientation/acceptances/05-evidence-correction-20260916.md; link "../../../session-orientation/evidence/07-preflight-verification.json")
    evidence (from /Users/zoki/code/context/.scratch/records/session-orientation/acceptances/06-evidence-correction-20260916.md; link "../../../session-orientation/evidence/07-preflight-verification.json")
    evidence (from /Users/zoki/code/context/.scratch/records/session-orientation/acceptances/07-evidence-correction-20260916.md; link "../../../session-orientation/evidence/07-preflight-verification.json")
    evidence (from /Users/zoki/code/context/.scratch/records/session-orientation/acceptances/08-pickup-trial-20260916.md; link "../../../session-orientation/evidence/07-preflight-verification.json")
  /Users/zoki/code/context/.scratch/session-orientation/evidence/02-eligibility.md
    sha256: d816c8819972cef8e832a0c0a09cc68650957888ead7ba1bd53c7ea37b03a2f0
    evidence (from /Users/zoki/code/context/.scratch/records/session-orientation/acceptances/02-authoring-reassessment-20260916.md; link "../../../session-orientation/evidence/02-eligibility.md")
  /Users/zoki/code/context/.scratch/session-orientation/evidence/02-04-verification.json
    sha256: 37076945b9b7497ac30539fb148a160efb63bcdf2070a8f767e4318e69a06b1d
    evidence (from /Users/zoki/code/context/.scratch/records/session-orientation/acceptances/02-authoring-reassessment-20260916.md; link "../../../session-orientation/evidence/02-04-verification.json")
    evidence (from /Users/zoki/code/context/.scratch/records/session-orientation/acceptances/04-authoring-reassessment-20260916.md; link "../../../session-orientation/evidence/02-04-verification.json")
  /Users/zoki/code/context/.scratch/session-orientation/evidence/03-decisions.md
    sha256: b037cec2e8eb9a861306d5f15a53c89112d676cc8bdddb1a007a768d9f333df5
    evidence (from /Users/zoki/code/context/.scratch/records/session-orientation/acceptances/03-authoring-reassessment-20260916.md; link "../../../session-orientation/evidence/03-decisions.md")
  /Users/zoki/code/context/.scratch/session-orientation/evidence/03-decisions-verification.json
    sha256: 5598cd18458eda0cab666cec9400d9231858e250831d30891d12bfc70a390320
    evidence (from /Users/zoki/code/context/.scratch/records/session-orientation/acceptances/03-authoring-reassessment-20260916.md; link "../../../session-orientation/evidence/03-decisions-verification.json")
  /Users/zoki/code/context/.scratch/session-orientation/evidence/04-fingerprints.md
    sha256: 0b11bd112eb12baf00cb494fdc591201160f6f5d906ded72157ed75cad5b3c67
    evidence (from /Users/zoki/code/context/.scratch/records/session-orientation/acceptances/04-authoring-reassessment-20260916.md; link "../../../session-orientation/evidence/04-fingerprints.md")
  /Users/zoki/code/context/.scratch/session-orientation/evidence/04-fingerprint-review.md
    sha256: 7831d725c70f7392cf6e2624cdff55d39c99a7d66a75093946e98a5fc4b964af
    evidence (from /Users/zoki/code/context/.scratch/records/session-orientation/acceptances/04-authoring-reassessment-20260916.md; link "../../../session-orientation/evidence/04-fingerprint-review.md")
  /Users/zoki/code/context/.scratch/session-orientation/evidence/fingerprint-review/probe.py
    sha256: 88e1e1a5a47f334f0d0768e9ff40db09d5b329fd34b72438271c90d7b14f8742
    evidence (from /Users/zoki/code/context/.scratch/records/session-orientation/acceptances/04-authoring-reassessment-20260916.md; link "../../../session-orientation/evidence/fingerprint-review/probe.py")
  /Users/zoki/code/context/.scratch/session-orientation/evidence/fingerprint-review/results.json
    sha256: 5de41e32e850a9dbce0b2bbf25e6baeafe9311d2863cad5ce66a6773e00bb14a
    evidence (from /Users/zoki/code/context/.scratch/records/session-orientation/acceptances/04-authoring-reassessment-20260916.md; link "../../../session-orientation/evidence/fingerprint-review/results.json")
  /Users/zoki/code/context/.scratch/session-orientation/evidence/fingerprint-review/boundary-probe.py
    sha256: 0c0dbbcb67a84aa24d9ad7c8b32bd07d7e51f1669a3d410e7f37c6746b8147c2
    evidence (from /Users/zoki/code/context/.scratch/records/session-orientation/acceptances/04-authoring-reassessment-20260916.md; link "../../../session-orientation/evidence/fingerprint-review/boundary-probe.py")
  /Users/zoki/code/context/.scratch/session-orientation/evidence/fingerprint-review/boundary-results.json
    sha256: eee28c103f88ee698aee0dea5ffd28a9156fe8d126a45c5470f337a5a2a551fa
    evidence (from /Users/zoki/code/context/.scratch/records/session-orientation/acceptances/04-authoring-reassessment-20260916.md; link "../../../session-orientation/evidence/fingerprint-review/boundary-results.json")
  /Users/zoki/code/context/.scratch/session-orientation/evidence/05-acceptance.md
    sha256: 1abad661bdd509de6f91ff479c295fae9e7ace933ceda589314dc76d5303d78f
    evidence (from /Users/zoki/code/context/.scratch/records/session-orientation/acceptances/05-evidence-correction-20260916.md; link "../../../session-orientation/evidence/05-acceptance.md")
  /Users/zoki/code/context/.scratch/session-orientation/evidence/05-acceptance-verification.json
    sha256: f9fa710a89426b5e2cf6bb65a357689be42e010445151fc1f79080d17c14fff9
    evidence (from /Users/zoki/code/context/.scratch/records/session-orientation/acceptances/05-evidence-correction-20260916.md; link "../../../session-orientation/evidence/05-acceptance-verification.json")
  /Users/zoki/code/context/.scratch/session-orientation/evidence/05-after-reassessment.json
    sha256: 169f72fff51f8519fca132c10e40c2ed0c6fccb68af10d841aa01c5b7e93b881
    evidence (from /Users/zoki/code/context/.scratch/records/session-orientation/acceptances/05-evidence-correction-20260916.md; link "../../../session-orientation/evidence/05-after-reassessment.json")
  /Users/zoki/code/context/.scratch/session-orientation/evidence/06-dependencies.md
    sha256: 0462bf0169fcf7a24fc8710b9d9534f31d25c610f2d76c32bc9e94ca33f4c4dd
    evidence (from /Users/zoki/code/context/.scratch/records/session-orientation/acceptances/06-evidence-correction-20260916.md; link "../../../session-orientation/evidence/06-dependencies.md")
  /Users/zoki/code/context/.scratch/session-orientation/evidence/06-dependencies-verification.json
    sha256: 22ff7f6f1de8ada2766575121ba68d82ef03ce654b1082404c46e39151b69f69
    evidence (from /Users/zoki/code/context/.scratch/records/session-orientation/acceptances/06-evidence-correction-20260916.md; link "../../../session-orientation/evidence/06-dependencies-verification.json")
  /Users/zoki/code/context/.scratch/session-orientation/evidence/07-migration-corrected.md
    sha256: 12dd98a06ea3c14d062e7915494423d742949ead275cb944c5d4375f21572bc4
    evidence (from /Users/zoki/code/context/.scratch/records/session-orientation/acceptances/07-evidence-correction-20260916.md; link "../../../session-orientation/evidence/07-migration-corrected.md")
  /Users/zoki/code/context/.scratch/session-orientation/evidence/07-records-verification.json
    sha256: 0d7c24dab12591716ebab978d65118796a3b6198e1ae9341c411f6e35b1b03b6
    evidence (from /Users/zoki/code/context/.scratch/records/session-orientation/acceptances/07-evidence-correction-20260916.md; link "../../../session-orientation/evidence/07-records-verification.json")
  /Users/zoki/code/context/.scratch/session-orientation/evidence/legacy-migration-observation.json
    sha256: 195cf6e538209058f41aa59e0fc226a08d71249bd6fd0212ad7446370ce88d49
    evidence (from /Users/zoki/code/context/.scratch/records/session-orientation/acceptances/07-evidence-correction-20260916.md; link "../../../session-orientation/evidence/legacy-migration-observation.json")
  /Users/zoki/code/context/.scratch/session-orientation/preflight-handoff.md
    sha256: ef8d8740589b577391f7f03cadc7fd2a6802767b02baf117556e2efe703c36df
    evidence (from /Users/zoki/code/context/.scratch/records/session-orientation/acceptances/07-evidence-correction-20260916.md; link "../../../session-orientation/preflight-handoff.md")
    evidence (from /Users/zoki/code/context/.scratch/records/session-orientation/acceptances/08-pickup-trial-20260916.md; link "../../../session-orientation/preflight-handoff.md")
  /Users/zoki/code/context/.agents/skills/task-context/SKILL.md
    sha256: 5e139e68ad913c0f55a69a0ea11825759f05449b158fe9677e34e25df43e581f
    context (from /Users/zoki/code/context/.scratch/records/session-orientation/issues/08-verify-fresh-session-pickup.md; link "../../../../.agents/skills/task-context/SKILL.md")
    requirement (from /Users/zoki/code/context/.scratch/records/session-orientation/acceptances/08-pickup-trial-20260916.md; link "../../../../.agents/skills/task-context/SKILL.md")
  /Users/zoki/code/context/.scratch/session-orientation/evidence/08-pickup-trial.md
    sha256: 6bdd7d6f84c6ca46ea1d8aa067fdf1747964fa7bc4b7e7099b93ec9186f75ac6
    evidence (from /Users/zoki/code/context/.scratch/records/session-orientation/acceptances/08-pickup-trial-20260916.md; link "../../../session-orientation/evidence/08-pickup-trial.md")
  /Users/zoki/code/context/.scratch/session-orientation/evidence/08-pickup-trial.json
    sha256: 1de7d962df23437119d716183b800c3820fa08a8fa411fadea93f12578a1b305
    evidence (from /Users/zoki/code/context/.scratch/records/session-orientation/acceptances/08-pickup-trial-20260916.md; link "../../../session-orientation/evidence/08-pickup-trial.json")

Diagnostics:
  none
